epoch,mode,lr,batch_size,k,kf,model,dataset,rank,numiterations,"effective_rank_site_0_Linear(in_features=256, out_features=10, bias=False)0","effective_rank_site_0_Linear(in_features=512, out_features=256, bias=False)2","effective_rank_site_0_FakeLinear(input_features=512, output_features=512, bias=False)4","effective_rank_site_0_Linear(in_features=64, out_features=192, bias=False)6","effective_rank_site_0_Linear(in_features=2, out_features=192, bias=False)7","effective_rank_site_1_Linear(in_features=256, out_features=10, bias=False)0","effective_rank_site_1_Linear(in_features=512, out_features=256, bias=False)2","effective_rank_site_1_FakeLinear(input_features=512, output_features=512, bias=False)4","effective_rank_site_1_Linear(in_features=64, out_features=192, bias=False)6","effective_rank_site_1_Linear(in_features=2, out_features=192, bias=False)7","effective_rank_site_agg_Linear(in_features=256, out_features=10, bias=False)0","effective_rank_site_agg_Linear(in_features=512, out_features=256, bias=False)2","effective_rank_site_agg_FakeLinear(input_features=512, output_features=512, bias=False)4","effective_rank_site_agg_Linear(in_features=64, out_features=192, bias=False)6","effective_rank_site_agg_Linear(in_features=2, out_features=192, bias=False)7",train_loss_site_0,test_loss_site_0,train_acc_site_0,test_acc_site_0,val_acc_site_0,train_loss_site_1,test_loss_site_1,train_acc_site_1,test_acc_site_1,val_acc_site_1,test_acc_avg,test_loss_avg,test_acc_ensemble,test_loss_ensemble,val_acc_avg,val_loss_avg,val_acc_ensemble,val_loss_ensemble
0,rankdad,0.0001,32,2,5,gru,tapnet-PenDigits,3,10,0.9484536082474226,0.9484536082474226,0.9484536082474226,0.9484536082474226,0.9484536082474226,0.9484536082474226,0.9484536082474226,0.9484536082474226,0.9484536082474226,0.9484536082474226,1.8969072164948453,1.8969072164948453,1.8969072164948453,1.8969072164948453,1.8969072164948453,1.6731305122375488,185.4981231689453,0.506453804347826,0.6646655231560892,0.0,1.8701307773590088,185.4981231689453,0.5224238274563505,0.6646655231560892,0.0,0.6646655231560892,1.7423683404922485,0.6646655231560892,1.7423683404922485,0.0,0.0,0.0,0
1,rankdad,0.0001,32,2,5,gru,tapnet-PenDigits,3,10,0.9484536082474226,0.9484536082474226,0.9484536082474226,0.9484536082474226,0.9484536082474226,0.9484536082474226,0.9484536082474226,0.9484536082474226,0.9484536082474226,0.9484536082474226,1.8969072164948453,1.8969072164948453,1.8969072164948453,1.8969072164948453,1.8969072164948453,1.2057048082351685,151.8856964111328,0.7476222826086957,0.720125786163522,0.0,1.6734833717346191,151.8856964111328,0.7329681615884971,0.720125786163522,0.0,0.720125786163522,1.3634494543075562,0.720125786163522,1.3634494543075562,0.0,0.0,0.0,0
2,rankdad,0.0001,32,2,5,gru,tapnet-PenDigits,3,10,0.9484536082474226,0.9484536082474226,0.9484536082474226,0.9484536082474226,0.9484536082474226,0.9484536082474226,0.9484536082474226,0.9484536082474226,0.9484536082474226,0.9484536082474226,1.8969072164948453,1.8969072164948453,1.8969072164948453,1.8969072164948453,1.8969072164948453,0.9271630048751831,131.66937255859375,0.8019701086956522,0.7550028587764437,0.0,1.4464672803878784,131.66937255859375,0.7767887709688462,0.7550028587764437,0.0,0.7550028587764437,1.1107864379882812,0.7550028587764437,1.1107864379882812,0.0,0.0,0.0,0
3,rankdad,0.0001,32,2,5,gru,tapnet-PenDigits,3,10,0.9484536082474226,0.9484536082474226,0.9484536082474226,0.9484536082474226,0.9484536082474226,0.9484536082474226,0.9484536082474226,0.9484536082474226,0.9484536082474226,0.9484536082474226,1.8969072164948453,1.8969072164948453,1.8969072164948453,1.8969072164948453,1.8969072164948453,0.7245583534240723,116.82828521728516,0.8284646739130435,0.7747284162378502,0.0,1.227602481842041,116.82828521728516,0.796987333105101,0.7747284162378502,0.0,0.7747284162378502,0.9038101434707642,0.7747284162378502,0.9038101434707642,0.0,0.0,0.0,0
4,rankdad,0.0001,32,2,5,gru,tapnet-PenDigits,3,10,0.9484536082474226,0.9484536082474226,0.9484536082474226,0.9484536082474226,0.9484536082474226,0.9484536082474226,0.9484536082474226,0.9484536082474226,0.9484536082474226,0.9484536082474226,1.8969072164948453,1.8969072164948453,1.8969072164948453,1.8969072164948453,1.8969072164948453,0.5832483172416687,105.85552978515625,0.8498641304347826,0.7847341337907375,0.0,1.0354470014572144,105.85552978515625,0.8082848339609723,0.7847341337907375,0.0,0.7847341337907375,0.750691831111908,0.7847341337907375,0.750691831111908,0.0,0.0,0.0,0
5,rankdad,0.0001,32,2,5,gru,tapnet-PenDigits,3,10,0.9484536082474226,0.9484536082474226,0.9484536082474226,0.9484536082474226,0.9484536082474226,0.9484536082474226,0.9484536082474226,0.9484536082474226,0.9484536082474226,0.9484536082474226,1.8969072164948453,1.8969072164948453,1.8969072164948453,1.8969072164948453,1.8969072164948453,0.48135820031166077,96.6790542602539,0.860733695652174,0.7984562607204116,0.0,0.8511216640472412,96.6790542602539,0.8178705922629237,0.7984562607204116,0.0,0.7984562607204116,0.6363662481307983,0.7984562607204116,0.6363662481307983,0.0,0.0,0.0,0
6,rankdad,0.0001,32,2,5,gru,tapnet-PenDigits,3,10,0.9484536082474226,0.9484536082474226,0.9484536082474226,0.9484536082474226,0.9484536082474226,0.9484536082474226,0.9484536082474226,0.9484536082474226,0.9484536082474226,0.9484536082474226,1.8969072164948453,1.8969072164948453,1.8969072164948453,1.8969072164948453,1.8969072164948453,0.4031677544116974,89.24630737304688,0.8746603260869565,0.805603201829617,0.0,0.7026551961898804,89.24630737304688,0.827114002054091,0.805603201829617,0.0,0.805603201829617,0.5377928018569946,0.805603201829617,0.5377928018569946,0.0,0.0,0.0,0
7,rankdad,0.0001,32,2,5,gru,tapnet-PenDigits,3,10,0.9484536082474226,0.9484536082474226,0.9484536082474226,0.9484536082474226,0.9484536082474226,0.9484536082474226,0.9484536082474226,0.9484536082474226,0.9484536082474226,0.9484536082474226,1.8969072164948453,1.8969072164948453,1.8969072164948453,1.8969072164948453,1.8969072164948453,0.3484012186527252,83.02052307128906,0.8800951086956522,0.80989136649514,0.0,0.5978485941886902,83.02052307128906,0.8360150633344745,0.80989136649514,0.0,0.80989136649514,0.4653075337409973,0.80989136649514,0.4653075337409973,0.0,0.0,0.0,0
8,rankdad,0.0001,32,2,5,gru,tapnet-PenDigits,3,10,0.9484536082474226,0.9484536082474226,0.9484536082474226,0.9484536082474226,0.9484536082474226,0.9484536082474226,0.9484536082474226,0.9484536082474226,0.9484536082474226,0.9484536082474226,1.8969072164948453,1.8969072164948453,1.8969072164948453,1.8969072164948453,1.8969072164948453,0.31169867515563965,77.91106414794922,0.8875679347826086,0.8176100628930818,0.0,0.5152289867401123,77.91106414794922,0.843889079082506,0.8176100628930818,0.0,0.8176100628930818,0.4032343924045563,0.8176100628930818,0.4032343924045563,0.0,0.0,0.0,0
9,rankdad,0.0001,32,2,5,gru,tapnet-PenDigits,3,10,0.9484536082474226,0.9484536082474226,0.9484536082474226,0.9484536082474226,0.9484536082474226,0.9484536082474226,0.9484536082474226,0.9484536082474226,0.9484536082474226,0.9484536082474226,1.8969072164948453,1.8969072164948453,1.8969072164948453,1.8969072164948453,1.8969072164948453,0.2865869700908661,73.61442565917969,0.8953804347826086,0.8210405946255003,0.0,0.44969823956489563,73.61442565917969,0.8545018829168093,0.8210405946255003,0.0,0.8210405946255003,0.35330405831336975,0.8210405946255003,0.35330405831336975,0.0,0.0,0.0,0
10,rankdad,0.0001,32,2,5,gru,tapnet-PenDigits,3,10,0.9484536082474226,0.9484536082474226,0.9484536082474226,0.9484536082474226,0.9484536082474226,0.9484536082474226,0.9484536082474226,0.9484536082474226,0.9484536082474226,0.9484536082474226,1.8969072164948453,1.8969072164948453,1.8969072164948453,1.8969072164948453,1.8969072164948453,0.26684635877609253,69.61158752441406,0.9004755434782609,0.8290451686678102,0.0,0.40426957607269287,69.61158752441406,0.8640876412187607,0.8290451686678102,0.0,0.8290451686678102,0.3133503496646881,0.8290451686678102,0.3133503496646881,0.0,0.0,0.0,0
11,rankdad,0.0001,32,2,5,gru,tapnet-PenDigits,3,10,0.9484536082474226,0.9484536082474226,0.9484536082474226,0.9484536082474226,0.9484536082474226,0.9484536082474226,0.9484536082474226,0.9484536082474226,0.9484536082474226,0.9484536082474226,1.8969072164948453,1.8969072164948453,1.8969072164948453,1.8969072164948453,1.8969072164948453,0.25365301966667175,66.55587768554688,0.9065896739130435,0.8361921097770154,0.0,0.3748842179775238,66.55587768554688,0.875042793563848,0.8361921097770154,0.0,0.8361921097770154,0.27850472927093506,0.8361921097770154,0.27850472927093506,0.0,0.0,0.0,0
12,rankdad,0.0001,32,2,5,gru,tapnet-PenDigits,3,10,0.9484536082474226,0.9484536082474226,0.9484536082474226,0.9484536082474226,0.9484536082474226,0.9484536082474226,0.9484536082474226,0.9484536082474226,0.9484536082474226,0.9484536082474226,1.8969072164948453,1.8969072164948453,1.8969072164948453,1.8969072164948453,1.8969072164948453,0.24235767126083374,63.81550216674805,0.9116847826086957,0.8456260720411664,0.0,0.3445602059364319,63.81550216674805,0.8812050667579596,0.8456260720411664,0.0,0.8456260720411664,0.24753686785697937,0.8456260720411664,0.24753686785697937,0.0,0.0,0.0,0
13,rankdad,0.0001,32,2,5,gru,tapnet-PenDigits,3,10,0.9484536082474226,0.9484536082474226,0.9484536082474226,0.9484536082474226,0.9484536082474226,0.9484536082474226,0.9484536082474226,0.9484536082474226,0.9484536082474226,0.9484536082474226,1.8969072164948453,1.8969072164948453,1.8969072164948453,1.8969072164948453,1.8969072164948453,0.23042142391204834,61.48444747924805,0.9181385869565217,0.8502001143510578,0.0,0.3174625635147095,61.48444747924805,0.8870249914412872,0.8502001143510578,0.0,0.8502001143510578,0.22793057560920715,0.8502001143510578,0.22793057560920715,0.0,0.0,0.0,0
14,rankdad,0.0001,32,2,5,gru,tapnet-PenDigits,3,10,0.9484536082474226,0.9484536082474226,0.9484536082474226,0.9484536082474226,0.9484536082474226,0.9484536082474226,0.9484536082474226,0.9484536082474226,0.9484536082474226,0.9484536082474226,1.8969072164948453,1.8969072164948453,1.8969072164948453,1.8969072164948453,1.8969072164948453,0.22137217223644257,59.63094711303711,0.9208559782608695,0.8542024013722127,0.0,0.2979396879673004,59.63094711303711,0.8918178705922629,0.8542024013722127,0.0,0.8542024013722127,0.2129749059677124,0.8542024013722127,0.2129749059677124,0.0,0.0,0.0,0
15,rankdad,0.0001,32,2,5,gru,tapnet-PenDigits,3,10,0.9484536082474226,0.9484536082474226,0.9484536082474226,0.9484536082474226,0.9484536082474226,0.9484536082474226,0.9484536082474226,0.9484536082474226,0.9484536082474226,0.9484536082474226,1.8969072164948453,1.8969072164948453,1.8969072164948453,1.8969072164948453,1.8969072164948453,0.212850883603096,58.02587127685547,0.9242527173913043,0.8596340766152087,0.0,0.28339046239852905,58.02587127685547,0.8955837042108867,0.8596340766152087,0.0,0.8596340766152087,0.20284351706504822,0.8596340766152087,0.20284351706504822,0.0,0.0,0.0,0
16,rankdad,0.0001,32,2,5,gru,tapnet-PenDigits,3,10,0.9484536082474226,0.9484536082474226,0.9484536082474226,0.9484536082474226,0.9484536082474226,0.9484536082474226,0.9484536082474226,0.9484536082474226,0.9484536082474226,0.9484536082474226,1.8969072164948453,1.8969072164948453,1.8969072164948453,1.8969072164948453,1.8969072164948453,0.20465104281902313,56.591712951660156,0.9259510869565217,0.8636363636363636,0.0,0.268325537443161,56.591712951660156,0.9024306744265662,0.8636363636363636,0.0,0.8636363636363636,0.19566264748573303,0.8636363636363636,0.19566264748573303,0.0,0.0,0.0,0
17,rankdad,0.0001,32,2,5,gru,tapnet-PenDigits,3,10,0.9484536082474226,0.9484536082474226,0.9484536082474226,0.9484536082474226,0.9484536082474226,0.9484536082474226,0.9484536082474226,0.9484536082474226,0.9484536082474226,0.9484536082474226,1.8969072164948453,1.8969072164948453,1.8969072164948453,1.8969072164948453,1.8969072164948453,0.1980915665626526,55.41968536376953,0.9290081521739131,0.8679245283018868,0.0,0.2591133713722229,55.41968536376953,0.9092776446422458,0.8679245283018868,0.0,0.8679245283018868,0.19280359148979187,0.8679245283018868,0.19280359148979187,0.0,0.0,0.0,0
18,rankdad,0.0001,32,2,5,gru,tapnet-PenDigits,3,10,0.9484536082474226,0.9484536082474226,0.9484536082474226,0.9484536082474226,0.9484536082474226,0.9484536082474226,0.9484536082474226,0.9484536082474226,0.9484536082474226,0.9484536082474226,1.8969072164948453,1.8969072164948453,1.8969072164948453,1.8969072164948453,1.8969072164948453,0.19273461401462555,54.22209167480469,0.9334239130434783,0.8730703259005146,0.0,0.2482447624206543,54.22209167480469,0.9144128723040055,0.8730703259005146,0.0,0.8730703259005146,0.19046270847320557,0.8730703259005146,0.19046270847320557,0.0,0.0,0.0,0
19,rankdad,0.0001,32,2,5,gru,tapnet-PenDigits,3,10,0.9484536082474226,0.9484536082474226,0.9484536082474226,0.9484536082474226,0.9484536082474226,0.9484536082474226,0.9484536082474226,0.9484536082474226,0.9484536082474226,0.9484536082474226,1.8969072164948453,1.8969072164948453,1.8969072164948453,1.8969072164948453,1.8969072164948453,0.18734224140644073,53.29825973510742,0.9354619565217391,0.8767867352773013,0.0,0.23876255750656128,53.29825973510742,0.9188634029441972,0.8767867352773013,0.0,0.8767867352773013,0.18862339854240417,0.8767867352773013,0.18862339854240417,0.0,0.0,0.0,0
20,rankdad,0.0001,32,2,5,gru,tapnet-PenDigits,3,10,0.9484536082474226,0.9484536082474226,0.9484536082474226,0.9484536082474226,0.9484536082474226,0.9484536082474226,0.9484536082474226,0.9484536082474226,0.9484536082474226,0.9484536082474226,1.8969072164948453,1.8969072164948453,1.8969072164948453,1.8969072164948453,1.8969072164948453,0.18310348689556122,52.60233688354492,0.9391983695652174,0.8793596340766152,0.0,0.229464590549469,52.60233688354492,0.9257103731598768,0.8793596340766152,0.0,0.8793596340766152,0.18613798916339874,0.8793596340766152,0.18613798916339874,0.0,0.0,0.0,0
21,rankdad,0.0001,32,2,5,gru,tapnet-PenDigits,3,10,0.9484536082474226,0.9484536082474226,0.9484536082474226,0.9484536082474226,0.9484536082474226,0.9484536082474226,0.9484536082474226,0.9484536082474226,0.9484536082474226,0.9484536082474226,1.8969072164948453,1.8969072164948453,1.8969072164948453,1.8969072164948453,1.8969072164948453,0.1796170175075531,52.109161376953125,0.9412364130434783,0.8816466552315609,0.0,0.21460813283920288,52.109161376953125,0.9291338582677166,0.8816466552315609,0.0,0.8816466552315609,0.18774719536304474,0.8816466552315609,0.18774719536304474,0.0,0.0,0.0,0
22,rankdad,0.0001,32,2,5,gru,tapnet-PenDigits,3,10,0.9484536082474226,0.9484536082474226,0.9484536082474226,0.9484536082474226,0.9484536082474226,0.9484536082474226,0.9484536082474226,0.9484536082474226,0.9484536082474226,0.9484536082474226,1.8969072164948453,1.8969072164948453,1.8969072164948453,1.8969072164948453,1.8969072164948453,0.17504118382930756,51.89011764526367,0.9436141304347826,0.8847913093196113,0.0,0.20466144382953644,51.89011764526367,0.9315302978432044,0.8847913093196113,0.0,0.8847913093196113,0.18959155678749084,0.8847913093196113,0.18959155678749084,0.0,0.0,0.0,0
23,rankdad,0.0001,32,2,5,gru,tapnet-PenDigits,3,10,0.9484536082474226,0.9484536082474226,0.9484536082474226,0.9484536082474226,0.9484536082474226,0.9484536082474226,0.9484536082474226,0.9484536082474226,0.9484536082474226,0.9484536082474226,1.8969072164948453,1.8969072164948453,1.8969072164948453,1.8969072164948453,1.8969072164948453,0.1715298742055893,51.746768951416016,0.9449728260869565,0.8856489422527158,0.0,0.1933545023202896,51.746768951416016,0.9349537829510441,0.8856489422527158,0.0,0.8856489422527158,0.19540460407733917,0.8856489422527158,0.19540460407733917,0.0,0.0,0.0,0
24,rankdad,0.0001,32,2,5,gru,tapnet-PenDigits,3,10,0.9484536082474226,0.9484536082474226,0.9484536082474226,0.9484536082474226,0.9484536082474226,0.9484536082474226,0.9484536082474226,0.9484536082474226,0.9484536082474226,0.9484536082474226,1.8969072164948453,1.8969072164948453,1.8969072164948453,1.8969072164948453,1.8969072164948453,0.16603387892246246,51.6077880859375,0.9473505434782609,0.8876500857632933,0.0,0.18335837125778198,51.6077880859375,0.938719616569668,0.8876500857632933,0.0,0.8876500857632933,0.2056197226047516,0.8876500857632933,0.2056197226047516,0.0,0.0,0.0,0
25,rankdad,0.0001,32,2,5,gru,tapnet-PenDigits,3,10,0.9484536082474226,0.9484536082474226,0.9484536082474226,0.9484536082474226,0.9484536082474226,0.9484536082474226,0.9484536082474226,0.9484536082474226,0.9484536082474226,0.9484536082474226,1.8969072164948453,1.8969072164948453,1.8969072164948453,1.8969072164948453,1.8969072164948453,0.1611640900373459,51.64345169067383,0.9487092391304348,0.8893653516295026,0.0,0.17083418369293213,51.64345169067383,0.9394043135912359,0.8893653516295026,0.0,0.8893653516295026,0.21747270226478577,0.8890794739851343,0.21747270226478577,0.0,0.0,0.0,0
26,rankdad,0.0001,32,2,5,gru,tapnet-PenDigits,3,10,0.9484536082474226,0.9484536082474226,0.9484536082474226,0.9484536082474226,0.9484536082474226,0.9484536082474226,0.9484536082474226,0.9484536082474226,0.9484536082474226,0.9484536082474226,1.8969072164948453,1.8969072164948453,1.8969072164948453,1.8969072164948453,1.8969072164948453,0.1558186411857605,51.732765197753906,0.9524456521739131,0.8916523727844483,0.0,0.16191190481185913,51.732765197753906,0.9421431016775077,0.8916523727844483,0.0,0.8916523727844483,0.2295536994934082,0.8916523727844483,0.2295536994934082,0.0,0.0,0.0,0
27,rankdad,0.0001,32,2,5,gru,tapnet-PenDigits,3,10,0.9484536082474226,0.9484536082474226,0.9484536082474226,0.9484536082474226,0.9484536082474226,0.9484536082474226,0.9484536082474226,0.9484536082474226,0.9484536082474226,0.9484536082474226,1.8969072164948453,1.8969072164948453,1.8969072164948453,1.8969072164948453,1.8969072164948453,0.1500415802001953,51.8238639831543,0.9558423913043478,0.8925100057175529,0.0,0.154335618019104,51.8238639831543,0.9435124957206437,0.8925100057175529,0.0,0.8925100057175529,0.24911847710609436,0.8919382504288165,0.24911847710609436,0.0,0.0,0.0,0
28,rankdad,0.0001,32,2,5,gru,tapnet-PenDigits,3,10,0.9484536082474226,0.9484536082474226,0.9484536082474226,0.9484536082474226,0.9484536082474226,0.9484536082474226,0.9484536082474226,0.9484536082474226,0.9484536082474226,0.9484536082474226,1.8969072164948453,1.8969072164948453,1.8969072164948453,1.8969072164948453,1.8969072164948453,0.1429537534713745,51.85044479370117,0.9575407608695652,0.8945111492281304,0.0,0.14784859120845795,51.85044479370117,0.9455665867853474,0.8945111492281304,0.0,0.8945111492281304,0.27703040838241577,0.8942252715837622,0.27703040838241577,0.0,0.0,0.0,0
29,rankdad,0.0001,32,2,5,gru,tapnet-PenDigits,3,10,0.9484536082474226,0.9484536082474226,0.9484536082474226,0.9484536082474226,0.9484536082474226,0.9484536082474226,0.9484536082474226,0.9484536082474226,0.9484536082474226,0.9484536082474226,1.8969072164948453,1.8969072164948453,1.8969072164948453,1.8969072164948453,1.8969072164948453,0.13493913412094116,51.84031295776367,0.9592391304347826,0.8953687821612349,0.0,0.13843171298503876,51.84031295776367,0.9479630263608353,0.8953687821612349,0.0,0.8953687821612349,0.3003290295600891,0.8947970268724986,0.3003290295600891,0.0,0.0,0.0,0
30,rankdad,0.0001,32,2,5,gru,tapnet-PenDigits,3,10,0.9484536082474226,0.9484536082474226,0.9484536082474226,0.9484536082474226,0.9484536082474226,0.9484536082474226,0.9484536082474226,0.9484536082474226,0.9484536082474226,0.9484536082474226,1.8969072164948453,1.8969072164948453,1.8969072164948453,1.8969072164948453,1.8969072164948453,0.1258716583251953,51.87467956542969,0.9609375,0.8970840480274442,0.0,0.1330071985721588,51.87467956542969,0.9496747689147552,0.8970840480274442,0.0,0.8970840480274442,0.33424675464630127,0.8959405374499714,0.33424675464630127,0.0,0.0,0.0,0
31,rankdad,0.0001,32,2,5,gru,tapnet-PenDigits,3,10,0.9484536082474226,0.9484536082474226,0.9484536082474226,0.9484536082474226,0.9484536082474226,0.9484536082474226,0.9484536082474226,0.9484536082474226,0.9484536082474226,0.9484536082474226,1.8969072164948453,1.8969072164948453,1.8969072164948453,1.8969072164948453,1.8969072164948453,0.11671221256256104,51.868202209472656,0.9636548913043478,0.8990851915380217,0.0,0.1286645382642746,51.868202209472656,0.9513865114686751,0.8990851915380217,0.0,0.8990851915380217,0.3509591519832611,0.8970840480274442,0.3509591519832611,0.0,0.0,0.0,0
32,rankdad,0.0001,32,2,5,gru,tapnet-PenDigits,3,10,0.9484536082474226,0.9484536082474226,0.9484536082474226,0.9484536082474226,0.9484536082474226,0.9484536082474226,0.9484536082474226,0.9484536082474226,0.9484536082474226,0.9484536082474226,1.8969072164948453,1.8969072164948453,1.8969072164948453,1.8969072164948453,1.8969072164948453,0.10838828980922699,52.00835418701172,0.9670516304347826,0.9013722126929674,0.0,0.12565243244171143,52.00835418701172,0.953098254022595,0.9013722126929674,0.0,0.9013722126929674,0.3875529170036316,0.89937106918239,0.3875529170036316,0.0,0.0,0.0,0
33,rankdad,0.0001,32,2,5,gru,tapnet-PenDigits,3,10,0.9484536082474226,0.9484536082474226,0.9484536082474226,0.9484536082474226,0.9484536082474226,0.9484536082474226,0.9484536082474226,0.9484536082474226,0.9484536082474226,0.9484536082474226,1.8969072164948453,1.8969072164948453,1.8969072164948453,1.8969072164948453,1.8969072164948453,0.09999203681945801,52.15612030029297,0.96875,0.9019439679817038,0.0,0.12301169335842133,52.15612030029297,0.9558370421088668,0.9019439679817038,0.0,0.9019439679817038,0.4177095293998718,0.8990851915380217,0.4177095293998718,0.0,0.0,0.0,0
34,rankdad,0.0001,32,2,5,gru,tapnet-PenDigits,3,10,0.9484536082474226,0.9484536082474226,0.9484536082474226,0.9484536082474226,0.9484536082474226,0.9484536082474226,0.9484536082474226,0.9484536082474226,0.9484536082474226,0.9484536082474226,1.8969072164948453,1.8969072164948453,1.8969072164948453,1.8969072164948453,1.8969072164948453,0.09269021451473236,52.432735443115234,0.9694293478260869,0.9019439679817038,0.0,0.11937371641397476,52.432735443115234,0.9572064361520027,0.9019439679817038,0.0,0.9019439679817038,0.46927890181541443,0.8985134362492853,0.46927890181541443,0.0,0.0,0.0,0
35,rankdad,0.0001,32,2,5,gru,tapnet-PenDigits,3,10,0.9484536082474226,0.9484536082474226,0.9484536082474226,0.9484536082474226,0.9484536082474226,0.9484536082474226,0.9484536082474226,0.9484536082474226,0.9484536082474226,0.9484536082474226,1.8969072164948453,1.8969072164948453,1.8969072164948453,1.8969072164948453,1.8969072164948453,0.08712661266326904,52.71279525756836,0.970108695652174,0.9028016009148084,0.0,0.11662521958351135,52.71279525756836,0.9572064361520027,0.9028016009148084,0.0,0.9028016009148084,0.4893971085548401,0.8976558033161807,0.4893971085548401,0.0,0.0,0.0,0
36,rankdad,0.0001,32,2,5,gru,tapnet-PenDigits,3,10,0.9484536082474226,0.9484536082474226,0.9484536082474226,0.9484536082474226,0.9484536082474226,0.9484536082474226,0.9484536082474226,0.9484536082474226,0.9484536082474226,0.9484536082474226,1.8969072164948453,1.8969072164948453,1.8969072164948453,1.8969072164948453,1.8969072164948453,0.08084736764431,53.0439338684082,0.9707880434782609,0.9045168667810177,0.0,0.11395169794559479,53.0439338684082,0.9585758301951387,0.9045168667810177,0.0,0.9045168667810177,0.5180234909057617,0.8985134362492853,0.5180234909057617,0.0,0.0,0.0,0
37,rankdad,0.0001,32,2,5,gru,tapnet-PenDigits,3,10,0.9484536082474226,0.9484536082474226,0.9484536082474226,0.9484536082474226,0.9484536082474226,0.9484536082474226,0.9484536082474226,0.9484536082474226,0.9484536082474226,0.9484536082474226,1.8969072164948453,1.8969072164948453,1.8969072164948453,1.8969072164948453,1.8969072164948453,0.07697315514087677,53.362613677978516,0.9711277173913043,0.9070897655803316,0.0,0.10607253015041351,53.362613677978516,0.9589181787059227,0.9070897655803316,0.0,0.9070897655803316,0.5539712905883789,0.9002287021154946,0.5539712905883789,0.0,0.0,0.0,0
38,rankdad,0.0001,32,2,5,gru,tapnet-PenDigits,3,10,0.9484536082474226,0.9484536082474226,0.9484536082474226,0.9484536082474226,0.9484536082474226,0.9484536082474226,0.9484536082474226,0.9484536082474226,0.9484536082474226,0.9484536082474226,1.8969072164948453,1.8969072164948453,1.8969072164948453,1.8969072164948453,1.8969072164948453,0.0731436163187027,53.68992614746094,0.9714673913043478,0.9065180102915952,0.0,0.09652265161275864,53.68992614746094,0.9606299212598425,0.9065180102915952,0.0,0.9065180102915952,0.5985256433486938,0.8985134362492853,0.5985256433486938,0.0,0.0,0.0,0
39,rankdad,0.0001,32,2,5,gru,tapnet-PenDigits,3,10,0.9484536082474226,0.9484536082474226,0.9484536082474226,0.9484536082474226,0.9484536082474226,0.9484536082474226,0.9484536082474226,0.9484536082474226,0.9484536082474226,0.9484536082474226,1.8969072164948453,1.8969072164948453,1.8969072164948453,1.8969072164948453,1.8969072164948453,0.07009491324424744,53.85845947265625,0.9721467391304348,0.9068038879359634,0.0,0.08847672492265701,53.85845947265625,0.9609722697706266,0.9068038879359634,0.0,0.9068038879359634,0.6189192533493042,0.8965122927387078,0.6189192533493042,0.0,0.0,0.0,0
40,rankdad,0.0001,32,2,5,gru,tapnet-PenDigits,3,10,0.9484536082474226,0.9484536082474226,0.9484536082474226,0.9484536082474226,0.9484536082474226,0.9484536082474226,0.9484536082474226,0.9484536082474226,0.9484536082474226,0.9484536082474226,1.8969072164948453,1.8969072164948453,1.8969072164948453,1.8969072164948453,1.8969072164948453,0.0672079473733902,53.670108795166016,0.9721467391304348,0.9093767867352773,0.0,0.08274528384208679,53.670108795166016,0.9602875727490585,0.9093767867352773,0.0,0.9093767867352773,0.6226958632469177,0.8987993138936535,0.6226958632469177,0.0,0.0,0.0,0
41,rankdad,0.0001,32,2,5,gru,tapnet-PenDigits,3,10,0.9484536082474226,0.9484536082474226,0.9484536082474226,0.9484536082474226,0.9484536082474226,0.9484536082474226,0.9484536082474226,0.9484536082474226,0.9484536082474226,0.9484536082474226,1.8969072164948453,1.8969072164948453,1.8969072164948453,1.8969072164948453,1.8969072164948453,0.065084308385849,53.636592864990234,0.9741847826086957,0.9105202973127502,0.0,0.07788349688053131,53.636592864990234,0.9606299212598425,0.9105202973127502,0.0,0.9105202973127502,0.6339138150215149,0.8976558033161807,0.6339138150215149,0.0,0.0,0.0,0
42,rankdad,0.0001,32,2,5,gru,tapnet-PenDigits,3,10,0.9484536082474226,0.9484536082474226,0.9484536082474226,0.9484536082474226,0.9484536082474226,0.9484536082474226,0.9484536082474226,0.9484536082474226,0.9484536082474226,0.9484536082474226,1.8969072164948453,1.8969072164948453,1.8969072164948453,1.8969072164948453,1.8969072164948453,0.0613817423582077,53.72694778442383,0.9758831521739131,0.9133790737564322,0.0,0.07393346726894379,53.72694778442383,0.9606299212598425,0.9133790737564322,0.0,0.9133790737564322,0.6561204195022583,0.8982275586049171,0.6561204195022583,0.0,0.0,0.0,0
43,rankdad,0.0001,32,2,5,gru,tapnet-PenDigits,3,10,0.9484536082474226,0.9484536082474226,0.9484536082474226,0.9484536082474226,0.9484536082474226,0.9484536082474226,0.9484536082474226,0.9484536082474226,0.9484536082474226,0.9484536082474226,1.8969072164948453,1.8969072164948453,1.8969072164948453,1.8969072164948453,1.8969072164948453,0.05924874544143677,53.78607940673828,0.9775815217391305,0.915666094911378,0.0,0.07106825709342957,53.78607940673828,0.9623416638137624,0.915666094911378,0.0,0.915666094911378,0.6575436592102051,0.8987993138936535,0.6575436592102051,0.0,0.0,0.0,0
44,rankdad,0.0001,32,2,5,gru,tapnet-PenDigits,3,10,0.9484536082474226,0.9484536082474226,0.9484536082474226,0.9484536082474226,0.9484536082474226,0.9484536082474226,0.9484536082474226,0.9484536082474226,0.9484536082474226,0.9484536082474226,1.8969072164948453,1.8969072164948453,1.8969072164948453,1.8969072164948453,1.8969072164948453,0.057640016078948975,53.83333969116211,0.9782608695652174,0.9168096054888508,0.0,0.06595209985971451,53.83333969116211,0.9626840123245464,0.9168096054888508,0.0,0.9168096054888508,0.6604222059249878,0.8982275586049171,0.6604222059249878,0.0,0.0,0.0,0
45,rankdad,0.0001,32,2,5,gru,tapnet-PenDigits,3,10,0.9484536082474226,0.9484536082474226,0.9484536082474226,0.9484536082474226,0.9484536082474226,0.9484536082474226,0.9484536082474226,0.9484536082474226,0.9484536082474226,0.9484536082474226,1.8969072164948453,1.8969072164948453,1.8969072164948453,1.8969072164948453,1.8969072164948453,0.056746914982795715,53.746429443359375,0.977921195652174,0.9179531160663236,0.0,0.06465946137905121,53.746429443359375,0.9650804519000342,0.9179531160663236,0.0,0.9179531160663236,0.6732592582702637,0.8979416809605489,0.6732592582702637,0.0,0.0,0.0,0
46,rankdad,0.0001,32,2,5,gru,tapnet-PenDigits,3,10,0.9484536082474226,0.9484536082474226,0.9484536082474226,0.9484536082474226,0.9484536082474226,0.9484536082474226,0.9484536082474226,0.9484536082474226,0.9484536082474226,0.9484536082474226,1.8969072164948453,1.8969072164948453,1.8969072164948453,1.8969072164948453,1.8969072164948453,0.05521675944328308,53.949485778808594,0.9799592391304348,0.9182389937106918,0.0,0.06160673871636391,53.949485778808594,0.9661074974323862,0.9182389937106918,0.0,0.9182389937106918,0.6915475130081177,0.8973699256718125,0.6915475130081177,0.0,0.0,0.0,0
47,rankdad,0.0001,32,2,5,gru,tapnet-PenDigits,3,10,0.9484536082474226,0.9484536082474226,0.9484536082474226,0.9484536082474226,0.9484536082474226,0.9484536082474226,0.9484536082474226,0.9484536082474226,0.9484536082474226,0.9484536082474226,1.8969072164948453,1.8969072164948453,1.8969072164948453,1.8969072164948453,1.8969072164948453,0.053299397230148315,54.15276336669922,0.9792798913043478,0.9179531160663236,0.0,0.059613730758428574,54.15276336669922,0.9664498459431702,0.9179531160663236,0.0,0.9179531160663236,0.7218400239944458,0.8973699256718125,0.7218400239944458,0.0,0.0,0.0,0
48,rankdad,0.0001,32,2,5,gru,tapnet-PenDigits,3,10,0.9484536082474226,0.9484536082474226,0.9484536082474226,0.9484536082474226,0.9484536082474226,0.9484536082474226,0.9484536082474226,0.9484536082474226,0.9484536082474226,0.9484536082474226,1.8969072164948453,1.8969072164948453,1.8969072164948453,1.8969072164948453,1.8969072164948453,0.05157370865345001,54.08234786987305,0.9806385869565217,0.9188107489994283,0.0,0.056435611099004745,54.08234786987305,0.9671345429647381,0.9188107489994283,0.0,0.9188107489994283,0.7171167135238647,0.8976558033161807,0.7171167135238647,0.0,0.0,0.0,0
49,rankdad,0.0001,32,2,5,gru,tapnet-PenDigits,3,10,0.9484536082474226,0.9484536082474226,0.9484536082474226,0.9484536082474226,0.9484536082474226,0.9484536082474226,0.9484536082474226,0.9484536082474226,0.9484536082474226,0.9484536082474226,1.8969072164948453,1.8969072164948453,1.8969072164948453,1.8969072164948453,1.8969072164948453,0.0505216121673584,53.958641052246094,0.9826766304347826,0.9188107489994283,0.0,0.053540877997875214,53.958641052246094,0.9671345429647381,0.9188107489994283,0.0,0.9188107489994283,0.7031286358833313,0.8973699256718125,0.7031286358833313,0.0,0.0,0.0,0
50,rankdad,0.0001,32,2,5,gru,tapnet-PenDigits,3,10,0.9484536082474226,0.9484536082474226,0.9484536082474226,0.9484536082474226,0.9484536082474226,0.9484536082474226,0.9484536082474226,0.9484536082474226,0.9484536082474226,0.9484536082474226,1.8969072164948453,1.8969072164948453,1.8969072164948453,1.8969072164948453,1.8969072164948453,0.05156005918979645,54.306827545166016,0.9840353260869565,0.9173813607775871,0.0,0.04923082888126373,54.306827545166016,0.9674768914755221,0.9173813607775871,0.0,0.9173813607775871,0.6977328658103943,0.8962264150943396,0.6977328658103943,0.0,0.0,0.0,0
51,rankdad,0.0001,32,2,5,gru,tapnet-PenDigits,3,10,0.9484536082474226,0.9484536082474226,0.9484536082474226,0.9484536082474226,0.9484536082474226,0.9484536082474226,0.9484536082474226,0.9484536082474226,0.9484536082474226,0.9484536082474226,1.8969072164948453,1.8969072164948453,1.8969072164948453,1.8969072164948453,1.8969072164948453,0.050658367574214935,54.309383392333984,0.984375,0.9190966266437964,0.0,0.0468333438038826,54.309383392333984,0.967819239986306,0.9190966266437964,0.0,0.9190966266437964,0.6865014433860779,0.8979416809605489,0.6865014433860779,0.0,0.0,0.0,0
52,rankdad,0.0001,32,2,5,gru,tapnet-PenDigits,3,10,0.9484536082474226,0.9484536082474226,0.9484536082474226,0.9484536082474226,0.9484536082474226,0.9484536082474226,0.9484536082474226,0.9484536082474226,0.9484536082474226,0.9484536082474226,1.8969072164948453,1.8969072164948453,1.8969072164948453,1.8969072164948453,1.8969072164948453,0.04767705500125885,54.64719009399414,0.9874320652173914,0.9199542595769011,0.0,0.04638113081455231,54.64719009399414,0.9674768914755221,0.9199542595769011,0.0,0.9199542595769011,0.7131783962249756,0.8982275586049171,0.7131783962249756,0.0,0.0,0.0,0
53,rankdad,0.0001,32,2,5,gru,tapnet-PenDigits,3,10,0.9484536082474226,0.9484536082474226,0.9484536082474226,0.9484536082474226,0.9484536082474226,0.9484536082474226,0.9484536082474226,0.9484536082474226,0.9484536082474226,0.9484536082474226,1.8969072164948453,1.8969072164948453,1.8969072164948453,1.8969072164948453,1.8969072164948453,0.0452205091714859,55.03683853149414,0.9864130434782609,0.9208118925100057,0.0,0.044835831969976425,55.03683853149414,0.9698733310510099,0.9208118925100057,0.0,0.9208118925100057,0.7320654392242432,0.8982275586049171,0.7320654392242432,0.0,0.0,0.0,0
54,rankdad,0.0001,32,2,5,gru,tapnet-PenDigits,3,10,0.9484536082474226,0.9484536082474226,0.9484536082474226,0.9484536082474226,0.9484536082474226,0.9484536082474226,0.9484536082474226,0.9484536082474226,0.9484536082474226,0.9484536082474226,1.8969072164948453,1.8969072164948453,1.8969072164948453,1.8969072164948453,1.8969072164948453,0.039870619773864746,54.779109954833984,0.9870923913043478,0.9219554030874786,0.0,0.04557957872748375,54.779109954833984,0.9705580280725778,0.9219554030874786,0.0,0.9219554030874786,0.7614649534225464,0.8979416809605489,0.7614649534225464,0.0,0.0,0.0,0
55,rankdad,0.0001,32,2,5,gru,tapnet-PenDigits,3,10,0.9484536082474226,0.9484536082474226,0.9484536082474226,0.9484536082474226,0.9484536082474226,0.9484536082474226,0.9484536082474226,0.9484536082474226,0.9484536082474226,0.9484536082474226,1.8969072164948453,1.8969072164948453,1.8969072164948453,1.8969072164948453,1.8969072164948453,0.03295940160751343,53.77428436279297,0.9894701086956522,0.9233847913093196,0.0,0.04945690184831619,53.77428436279297,0.9722697706264978,0.9233847913093196,0.0,0.9233847913093196,0.7754656076431274,0.8976558033161807,0.7754656076431274,0.0,0.0,0.0,0
56,rankdad,0.0001,32,2,5,gru,tapnet-PenDigits,3,10,0.9484536082474226,0.9484536082474226,0.9484536082474226,0.9484536082474226,0.9484536082474226,0.9484536082474226,0.9484536082474226,0.9484536082474226,0.9484536082474226,0.9484536082474226,1.8969072164948453,1.8969072164948453,1.8969072164948453,1.8969072164948453,1.8969072164948453,0.029381200671195984,52.835479736328125,0.9881114130434783,0.9273870783304745,0.0,0.050799913704395294,52.835479736328125,0.9729544676480657,0.9273870783304745,0.0,0.9273870783304745,0.7991786599159241,0.9010863350485993,0.7991786599159241,0.0,0.0,0.0,0
57,rankdad,0.0001,32,2,5,gru,tapnet-PenDigits,3,10,0.9484536082474226,0.9484536082474226,0.9484536082474226,0.9484536082474226,0.9484536082474226,0.9484536082474226,0.9484536082474226,0.9484536082474226,0.9484536082474226,0.9484536082474226,1.8969072164948453,1.8969072164948453,1.8969072164948453,1.8969072164948453,1.8969072164948453,0.02628667652606964,51.62171936035156,0.9877717391304348,0.9282447112635792,0.0,0.05933816730976105,51.62171936035156,0.9736391646696337,0.9282447112635792,0.0,0.9282447112635792,0.8475282788276672,0.9010863350485993,0.8475282788276672,0.0,0.0,0.0,0
58,rankdad,0.0001,32,2,5,gru,tapnet-PenDigits,3,10,0.9484536082474226,0.9484536082474226,0.9484536082474226,0.9484536082474226,0.9484536082474226,0.9484536082474226,0.9484536082474226,0.9484536082474226,0.9484536082474226,0.9484536082474226,1.8969072164948453,1.8969072164948453,1.8969072164948453,1.8969072164948453,1.8969072164948453,0.02439439296722412,52.14231872558594,0.9887907608695652,0.9311034877072613,0.0,0.06995460391044617,52.14231872558594,0.9743238616912017,0.9311034877072613,0.0,0.9311034877072613,0.8807181119918823,0.902229845626072,0.8807181119918823,0.0,0.0,0.0,0
59,rankdad,0.0001,32,2,5,gru,tapnet-PenDigits,3,10,0.9484536082474226,0.9484536082474226,0.9484536082474226,0.9484536082474226,0.9484536082474226,0.9484536082474226,0.9484536082474226,0.9484536082474226,0.9484536082474226,0.9484536082474226,1.8969072164948453,1.8969072164948453,1.8969072164948453,1.8969072164948453,1.8969072164948453,0.02323608100414276,54.12691879272461,0.9891304347826086,0.9271012006861064,0.0,0.06810390949249268,54.12691879272461,0.9739815131804177,0.9271012006861064,0.0,0.9271012006861064,0.9444936513900757,0.8962264150943396,0.9444936513900757,0.0,0.0,0.0,0
60,rankdad,0.0001,32,2,5,gru,tapnet-PenDigits,3,10,0.9484536082474226,0.9484536082474226,0.9484536082474226,0.9484536082474226,0.9484536082474226,0.9484536082474226,0.9484536082474226,0.9484536082474226,0.9484536082474226,0.9484536082474226,1.8969072164948453,1.8969072164948453,1.8969072164948453,1.8969072164948453,1.8969072164948453,0.02207525074481964,55.97819519042969,0.9887907608695652,0.9265294453973699,0.0,0.06705941259860992,55.97819519042969,0.9746662102019856,0.9265294453973699,0.0,0.9265294453973699,1.0520142316818237,0.8936535162950258,1.0520142316818237,0.0,0.0,0.0,0
61,rankdad,0.0001,32,2,5,gru,tapnet-PenDigits,3,10,0.9484536082474226,0.9484536082474226,0.9484536082474226,0.9484536082474226,0.9484536082474226,0.9484536082474226,0.9484536082474226,0.9484536082474226,0.9484536082474226,0.9484536082474226,1.8969072164948453,1.8969072164948453,1.8969072164948453,1.8969072164948453,1.8969072164948453,0.022084683179855347,56.153541564941406,0.9884510869565217,0.9268153230417381,0.0,0.048129770904779434,56.153541564941406,0.9763779527559056,0.9268153230417381,0.0,0.9268153230417381,1.0552791357040405,0.8916523727844483,1.0552791357040405,0.0,0.0,0.0,0
62,rankdad,0.0001,32,2,5,gru,tapnet-PenDigits,3,10,0.9484536082474226,0.9484536082474226,0.9484536082474226,0.9484536082474226,0.9484536082474226,0.9484536082474226,0.9484536082474226,0.9484536082474226,0.9484536082474226,0.9484536082474226,1.8969072164948453,1.8969072164948453,1.8969072164948453,1.8969072164948453,1.8969072164948453,0.020944029092788696,57.17340087890625,0.9894701086956522,0.9288164665523156,0.0,0.041509244590997696,57.17340087890625,0.9784320438206093,0.9288164665523156,0.0,0.9288164665523156,1.0604329109191895,0.8930817610062893,1.0604329109191895,0.0,0.0,0.0,0
63,rankdad,0.0001,32,2,5,gru,tapnet-PenDigits,3,10,0.9484536082474226,0.9484536082474226,0.9484536082474226,0.9484536082474226,0.9484536082474226,0.9484536082474226,0.9484536082474226,0.9484536082474226,0.9484536082474226,0.9484536082474226,1.8969072164948453,1.8969072164948453,1.8969072164948453,1.8969072164948453,1.8969072164948453,0.020006030797958374,57.50932312011719,0.9915081521739131,0.9282447112635792,0.0,0.04395291581749916,57.50932312011719,0.9777473467990414,0.9282447112635792,0.0,0.9282447112635792,1.0382859706878662,0.89136649514008,1.0382859706878662,0.0,0.0,0.0,0
64,rankdad,0.0001,32,2,5,gru,tapnet-PenDigits,3,10,0.9484536082474226,0.9484536082474226,0.9484536082474226,0.9484536082474226,0.9484536082474226,0.9484536082474226,0.9484536082474226,0.9484536082474226,0.9484536082474226,0.9484536082474226,1.8969072164948453,1.8969072164948453,1.8969072164948453,1.8969072164948453,1.8969072164948453,0.02231253683567047,58.2364501953125,0.9918478260869565,0.9259576901086335,0.0,0.035574596375226974,58.2364501953125,0.9787743923313934,0.9259576901086335,0.0,0.9259576901086335,0.9770418405532837,0.8902229845626072,0.9770418405532837,0.0,0.0,0.0,0
65,rankdad,0.0001,32,2,5,gru,tapnet-PenDigits,3,10,0.9484536082474226,0.9484536082474226,0.9484536082474226,0.9484536082474226,0.9484536082474226,0.9484536082474226,0.9484536082474226,0.9484536082474226,0.9484536082474226,0.9484536082474226,1.8969072164948453,1.8969072164948453,1.8969072164948453,1.8969072164948453,1.8969072164948453,0.019769147038459778,58.28925323486328,0.9918478260869565,0.9253859348198971,0.0,0.03352053835988045,58.28925323486328,0.9791167408421774,0.9253859348198971,0.0,0.9253859348198971,1.0798360109329224,0.8890794739851343,1.0798360109329224,0.0,0.0,0.0,0
66,rankdad,0.0001,32,2,5,gru,tapnet-PenDigits,3,10,0.9484536082474226,0.9484536082474226,0.9484536082474226,0.9484536082474226,0.9484536082474226,0.9484536082474226,0.9484536082474226,0.9484536082474226,0.9484536082474226,0.9484536082474226,1.8969072164948453,1.8969072164948453,1.8969072164948453,1.8969072164948453,1.8969072164948453,0.017299935221672058,57.033870697021484,0.9925271739130435,0.9285305889079474,0.0,0.03152884542942047,57.033870697021484,0.9798014378637453,0.9285305889079474,0.0,0.9285305889079474,1.1343624591827393,0.8916523727844483,1.1343624591827393,0.0,0.0,0.0,0
67,rankdad,0.0001,32,2,5,gru,tapnet-PenDigits,3,10,0.9484536082474226,0.9484536082474226,0.9484536082474226,0.9484536082474226,0.9484536082474226,0.9484536082474226,0.9484536082474226,0.9484536082474226,0.9484536082474226,0.9484536082474226,1.8969072164948453,1.8969072164948453,1.8969072164948453,1.8969072164948453,1.8969072164948453,0.015677422285079956,56.87032699584961,0.9932065217391305,0.9322469982847341,0.0,0.034083086997270584,56.87032699584961,0.9808284833960972,0.9322469982847341,0.0,0.9322469982847341,1.1771525144577026,0.8907947398513436,1.1771525144577026,0.0,0.0,0.0,0
68,rankdad,0.0001,32,2,5,gru,tapnet-PenDigits,3,10,0.9484536082474226,0.9484536082474226,0.9484536082474226,0.9484536082474226,0.9484536082474226,0.9484536082474226,0.9484536082474226,0.9484536082474226,0.9484536082474226,0.9484536082474226,1.8969072164948453,1.8969072164948453,1.8969072164948453,1.8969072164948453,1.8969072164948453,0.016330376267433167,58.096824645996094,0.9932065217391305,0.9291023441966838,0.0,0.03575485199689865,58.096824645996094,0.9821978774392331,0.9291023441966838,0.0,0.9291023441966838,1.2041620016098022,0.885934819897084,1.2041620016098022,0.0,0.0,0.0,0
69,rankdad,0.0001,32,2,5,gru,tapnet-PenDigits,3,10,0.9484536082474226,0.9484536082474226,0.9484536082474226,0.9484536082474226,0.9484536082474226,0.9484536082474226,0.9484536082474226,0.9484536082474226,0.9484536082474226,0.9484536082474226,1.8969072164948453,1.8969072164948453,1.8969072164948453,1.8969072164948453,1.8969072164948453,0.01633015275001526,59.08403015136719,0.9928668478260869,0.9305317324185248,0.0,0.036166947335004807,59.08403015136719,0.9828825744608011,0.9305317324185248,0.0,0.9305317324185248,1.1809666156768799,0.8870783304745569,1.1809666156768799,0.0,0.0,0.0,0
70,rankdad,0.0001,32,2,5,gru,tapnet-PenDigits,3,10,0.9484536082474226,0.9484536082474226,0.9484536082474226,0.9484536082474226,0.9484536082474226,0.9484536082474226,0.9484536082474226,0.9484536082474226,0.9484536082474226,0.9484536082474226,1.8969072164948453,1.8969072164948453,1.8969072164948453,1.8969072164948453,1.8969072164948453,0.01751820743083954,58.45889663696289,0.9932065217391305,0.9328187535734705,0.0,0.0310930535197258,58.45889663696289,0.9825402259500171,0.9328187535734705,0.0,0.9328187535734705,1.1705399751663208,0.8902229845626072,1.1705399751663208,0.0,0.0,0.0,0
71,rankdad,0.0001,32,2,5,gru,tapnet-PenDigits,3,10,0.9484536082474226,0.9484536082474226,0.9484536082474226,0.9484536082474226,0.9484536082474226,0.9484536082474226,0.9484536082474226,0.9484536082474226,0.9484536082474226,0.9484536082474226,1.8969072164948453,1.8969072164948453,1.8969072164948453,1.8969072164948453,1.8969072164948453,0.013431504368782043,56.85562515258789,0.9932065217391305,0.9308176100628931,0.0,0.031513433903455734,56.85562515258789,0.9818555289284492,0.9308176100628931,0.0,0.9308176100628931,1.19086754322052,0.888507718696398,1.19086754322052,0.0,0.0,0.0,0
72,rankdad,0.0001,32,2,5,gru,tapnet-PenDigits,3,10,0.9484536082474226,0.9484536082474226,0.9484536082474226,0.9484536082474226,0.9484536082474226,0.9484536082474226,0.9484536082474226,0.9484536082474226,0.9484536082474226,0.9484536082474226,1.8969072164948453,1.8969072164948453,1.8969072164948453,1.8969072164948453,1.8969072164948453,0.012298420071601868,57.61390686035156,0.9932065217391305,0.9339622641509434,0.0,0.03669670596718788,57.61390686035156,0.983224922971585,0.9339622641509434,0.0,0.9339622641509434,1.2337901592254639,0.8882218410520297,1.2337901592254639,0.0,0.0,0.0,0
73,rankdad,0.0001,32,2,5,gru,tapnet-PenDigits,3,10,0.9484536082474226,0.9484536082474226,0.9484536082474226,0.9484536082474226,0.9484536082474226,0.9484536082474226,0.9484536082474226,0.9484536082474226,0.9484536082474226,0.9484536082474226,1.8969072164948453,1.8969072164948453,1.8969072164948453,1.8969072164948453,1.8969072164948453,0.010750919580459595,58.97685623168945,0.9938858695652174,0.9296740994854202,0.0,0.046661216765642166,58.97685623168945,0.983567271482369,0.9296740994854202,0.0,0.9296740994854202,1.2565075159072876,0.8813607775871927,1.2565075159072876,0.0,0.0,0.0,0
74,rankdad,0.0001,32,2,5,gru,tapnet-PenDigits,3,10,0.9484536082474226,0.9484536082474226,0.9484536082474226,0.9484536082474226,0.9484536082474226,0.9484536082474226,0.9484536082474226,0.9484536082474226,0.9484536082474226,0.9484536082474226,1.8969072164948453,1.8969072164948453,1.8969072164948453,1.8969072164948453,1.8969072164948453,0.011495590209960938,59.867095947265625,0.9938858695652174,0.9308176100628931,0.0,0.03188031166791916,59.867095947265625,0.983567271482369,0.9308176100628931,0.0,0.9308176100628931,1.380850076675415,0.8765008576329331,1.380850076675415,0.0,0.0,0.0,0
75,rankdad,0.0001,32,2,5,gru,tapnet-PenDigits,3,10,0.9484536082474226,0.9484536082474226,0.9484536082474226,0.9484536082474226,0.9484536082474226,0.9484536082474226,0.9484536082474226,0.9484536082474226,0.9484536082474226,0.9484536082474226,1.8969072164948453,1.8969072164948453,1.8969072164948453,1.8969072164948453,1.8969072164948453,0.01206962764263153,59.59886932373047,0.9928668478260869,0.9299599771297884,0.0,0.03454013541340828,59.59886932373047,0.984594317014721,0.9299599771297884,0.0,0.9299599771297884,1.3527636528015137,0.8782161234991424,1.3527636528015137,0.0,0.0,0.0,0
76,rankdad,0.0001,32,2,5,gru,tapnet-PenDigits,3,10,0.9484536082474226,0.9484536082474226,0.9484536082474226,0.9484536082474226,0.9484536082474226,0.9484536082474226,0.9484536082474226,0.9484536082474226,0.9484536082474226,0.9484536082474226,1.8969072164948453,1.8969072164948453,1.8969072164948453,1.8969072164948453,1.8969072164948453,0.010427594184875488,59.65443801879883,0.9942255434782609,0.931961120640366,0.0,0.030312934890389442,59.65443801879883,0.9839096199931531,0.931961120640366,0.0,0.931961120640366,1.2794095277786255,0.8825042881646655,1.2794095277786255,0.0,0.0,0.0,0
77,rankdad,0.0001,32,2,5,gru,tapnet-PenDigits,3,10,0.9484536082474226,0.9484536082474226,0.9484536082474226,0.9484536082474226,0.9484536082474226,0.9484536082474226,0.9484536082474226,0.9484536082474226,0.9484536082474226,0.9484536082474226,1.8969072164948453,1.8969072164948453,1.8969072164948453,1.8969072164948453,1.8969072164948453,0.010472267866134644,61.749446868896484,0.9938858695652174,0.9322469982847341,0.0,0.028229156509041786,61.749446868896484,0.984936665525505,0.9322469982847341,0.0,0.9322469982847341,1.3879328966140747,0.8790737564322469,1.3879328966140747,0.0,0.0,0.0,0
78,rankdad,0.0001,32,2,5,gru,tapnet-PenDigits,3,10,0.9484536082474226,0.9484536082474226,0.9484536082474226,0.9484536082474226,0.9484536082474226,0.9484536082474226,0.9484536082474226,0.9484536082474226,0.9484536082474226,0.9484536082474226,1.8969072164948453,1.8969072164948453,1.8969072164948453,1.8969072164948453,1.8969072164948453,0.008851408958435059,59.37588119506836,0.9942255434782609,0.9325328759291024,0.0,0.027556883171200752,59.37588119506836,0.9852790140362889,0.9325328759291024,0.0,0.9325328759291024,1.3353991508483887,0.8807890222984562,1.3353991508483887,0.0,0.0,0.0,0
79,rankdad,0.0001,32,2,5,gru,tapnet-PenDigits,3,10,0.9484536082474226,0.9484536082474226,0.9484536082474226,0.9484536082474226,0.9484536082474226,0.9484536082474226,0.9484536082474226,0.9484536082474226,0.9484536082474226,0.9484536082474226,1.8969072164948453,1.8969072164948453,1.8969072164948453,1.8969072164948453,1.8969072164948453,0.0076583921909332275,59.05850601196289,0.9945652173913043,0.9356775300171527,0.0,0.0290834903717041,59.05850601196289,0.984594317014721,0.9356775300171527,0.0,0.9356775300171527,1.3490288257598877,0.8813607775871927,1.3490288257598877,0.0,0.0,0.0,0
80,rankdad,0.0001,32,2,5,gru,tapnet-PenDigits,3,10,0.9484536082474226,0.9484536082474226,0.9484536082474226,0.9484536082474226,0.9484536082474226,0.9484536082474226,0.9484536082474226,0.9484536082474226,0.9484536082474226,0.9484536082474226,1.8969072164948453,1.8969072164948453,1.8969072164948453,1.8969072164948453,1.8969072164948453,0.007086202502250671,60.89186477661133,0.9949048913043478,0.9339622641509434,0.0,0.02842632867395878,60.89186477661133,0.9866484080794249,0.9339622641509434,0.0,0.9339622641509434,1.4792993068695068,0.8785020011435106,1.4792993068695068,0.0,0.0,0.0,0
81,rankdad,0.0001,32,2,5,gru,tapnet-PenDigits,3,10,0.9484536082474226,0.9484536082474226,0.9484536082474226,0.9484536082474226,0.9484536082474226,0.9484536082474226,0.9484536082474226,0.9484536082474226,0.9484536082474226,0.9484536082474226,1.8969072164948453,1.8969072164948453,1.8969072164948453,1.8969072164948453,1.8969072164948453,0.007354527711868286,59.54513931274414,0.9949048913043478,0.9353916523727844,0.0,0.0261809304356575,59.54513931274414,0.9880178021225607,0.9353916523727844,0.0,0.9353916523727844,1.393410325050354,0.8822184105202973,1.393410325050354,0.0,0.0,0.0,0
82,rankdad,0.0001,32,2,5,gru,tapnet-PenDigits,3,10,0.9484536082474226,0.9484536082474226,0.9484536082474226,0.9484536082474226,0.9484536082474226,0.9484536082474226,0.9484536082474226,0.9484536082474226,0.9484536082474226,0.9484536082474226,1.8969072164948453,1.8969072164948453,1.8969072164948453,1.8969072164948453,1.8969072164948453,0.006669268012046814,64.26876068115234,0.9942255434782609,0.931961120640366,0.0,0.03676675260066986,64.26876068115234,0.9866484080794249,0.931961120640366,0.0,0.931961120640366,1.5771763324737549,0.8753573470554603,1.5771763324737549,0.0,0.0,0.0,0
83,rankdad,0.0001,32,2,5,gru,tapnet-PenDigits,3,10,0.9484536082474226,0.9484536082474226,0.9484536082474226,0.9484536082474226,0.9484536082474226,0.9484536082474226,0.9484536082474226,0.9484536082474226,0.9484536082474226,0.9484536082474226,1.8969072164948453,1.8969072164948453,1.8969072164948453,1.8969072164948453,1.8969072164948453,0.008171945810317993,58.91044998168945,0.993546195652174,0.9362492853058891,0.0,0.02847117930650711,58.91044998168945,0.984594317014721,0.9362492853058891,0.0,0.9362492853058891,1.487476110458374,0.8825042881646655,1.487476110458374,0.0,0.0,0.0,0
84,rankdad,0.0001,32,2,5,gru,tapnet-PenDigits,3,10,0.9484536082474226,0.9484536082474226,0.9484536082474226,0.9484536082474226,0.9484536082474226,0.9484536082474226,0.9484536082474226,0.9484536082474226,0.9484536082474226,0.9484536082474226,1.8969072164948453,1.8969072164948453,1.8969072164948453,1.8969072164948453,1.8969072164948453,0.005198776721954346,65.94135284423828,0.9928668478260869,0.9308176100628931,0.0,0.03158633038401604,65.94135284423828,0.9880178021225607,0.9308176100628931,0.0,0.9308176100628931,1.8202354907989502,0.8702115494568324,1.8202354907989502,0.0,0.0,0.0,0
85,rankdad,0.0001,32,2,5,gru,tapnet-PenDigits,3,10,0.9484536082474226,0.9484536082474226,0.9484536082474226,0.9484536082474226,0.9484536082474226,0.9484536082474226,0.9484536082474226,0.9484536082474226,0.9484536082474226,0.9484536082474226,1.8969072164948453,1.8969072164948453,1.8969072164948453,1.8969072164948453,1.8969072164948453,0.004834502935409546,62.934417724609375,0.9955842391304348,0.9328187535734705,0.0,0.02774672955274582,62.934417724609375,0.9897295446764807,0.9328187535734705,0.0,0.9328187535734705,1.5363489389419556,0.8747855917667239,1.5363489389419556,0.0,0.0,0.0,0
86,rankdad,0.0001,32,2,5,gru,tapnet-PenDigits,3,10,0.9484536082474226,0.9484536082474226,0.9484536082474226,0.9484536082474226,0.9484536082474226,0.9484536082474226,0.9484536082474226,0.9484536082474226,0.9484536082474226,0.9484536082474226,1.8969072164948453,1.8969072164948453,1.8969072164948453,1.8969072164948453,1.8969072164948453,0.005204096436500549,62.2833366394043,0.9962635869565217,0.934819897084048,0.0,0.02406933531165123,62.2833366394043,0.9890448476549127,0.934819897084048,0.0,0.934819897084048,1.5818830728530884,0.8747855917667239,1.5818830728530884,0.0,0.0,0.0,0
87,rankdad,0.0001,32,2,5,gru,tapnet-PenDigits,3,10,0.9484536082474226,0.9484536082474226,0.9484536082474226,0.9484536082474226,0.9484536082474226,0.9484536082474226,0.9484536082474226,0.9484536082474226,0.9484536082474226,0.9484536082474226,1.8969072164948453,1.8969072164948453,1.8969072164948453,1.8969072164948453,1.8969072164948453,0.00538228452205658,62.12488555908203,0.9952445652173914,0.9371069182389937,0.0,0.0249294713139534,62.12488555908203,0.9880178021225607,0.9371069182389937,0.0,0.9371069182389937,1.5031148195266724,0.8762149799885649,1.5031148195266724,0.0,0.0,0.0,0
88,rankdad,0.0001,32,2,5,gru,tapnet-PenDigits,3,10,0.9484536082474226,0.9484536082474226,0.9484536082474226,0.9484536082474226,0.9484536082474226,0.9484536082474226,0.9484536082474226,0.9484536082474226,0.9484536082474226,0.9484536082474226,1.8969072164948453,1.8969072164948453,1.8969072164948453,1.8969072164948453,1.8969072164948453,0.0062643736600875854,63.399192810058594,0.9945652173913043,0.9371069182389937,0.0,0.027639521285891533,63.399192810058594,0.9887024991441288,0.9371069182389937,0.0,0.9371069182389937,1.4896507263183594,0.8744997141223556,1.4896507263183594,0.0,0.0,0.0,0
89,rankdad,0.0001,32,2,5,gru,tapnet-PenDigits,3,10,0.9484536082474226,0.9484536082474226,0.9484536082474226,0.9484536082474226,0.9484536082474226,0.9484536082474226,0.9484536082474226,0.9484536082474226,0.9484536082474226,0.9484536082474226,1.8969072164948453,1.8969072164948453,1.8969072164948453,1.8969072164948453,1.8969072164948453,0.004602983593940735,65.37092590332031,0.9949048913043478,0.9322469982847341,0.0,0.03173380345106125,65.37092590332031,0.9883601506333447,0.9322469982847341,0.0,0.9322469982847341,1.5515753030776978,0.8716409376786736,1.5515753030776978,0.0,0.0,0.0,0
90,rankdad,0.0001,32,2,5,gru,tapnet-PenDigits,3,10,0.9484536082474226,0.9484536082474226,0.9484536082474226,0.9484536082474226,0.9484536082474226,0.9484536082474226,0.9484536082474226,0.9484536082474226,0.9484536082474226,0.9484536082474226,1.8969072164948453,1.8969072164948453,1.8969072164948453,1.8969072164948453,1.8969072164948453,0.007388859987258911,63.62041091918945,0.9949048913043478,0.9368210405946255,0.0,0.03106996789574623,63.62041091918945,0.9897295446764807,0.9368210405946255,0.0,0.9368210405946255,1.2718640565872192,0.8756432246998285,1.2718640565872192,0.0,0.0,0.0,0
91,rankdad,0.0001,32,2,5,gru,tapnet-PenDigits,3,10,0.9484536082474226,0.9484536082474226,0.9484536082474226,0.9484536082474226,0.9484536082474226,0.9484536082474226,0.9484536082474226,0.9484536082474226,0.9484536082474226,0.9484536082474226,1.8969072164948453,1.8969072164948453,1.8969072164948453,1.8969072164948453,1.8969072164948453,0.012220509350299835,66.42076110839844,0.9952445652173914,0.9351057747284163,0.0,0.031948406249284744,66.42076110839844,0.9890448476549127,0.9351057747284163,0.0,0.9351057747284163,1.3681641817092896,0.8762149799885649,1.3681641817092896,0.0,0.0,0.0,0
92,rankdad,0.0001,32,2,5,gru,tapnet-PenDigits,3,10,0.9484536082474226,0.9484536082474226,0.9484536082474226,0.9484536082474226,0.9484536082474226,0.9484536082474226,0.9484536082474226,0.9484536082474226,0.9484536082474226,0.9484536082474226,1.8969072164948453,1.8969072164948453,1.8969072164948453,1.8969072164948453,1.8969072164948453,0.008472025394439697,64.29826354980469,0.993546195652174,0.9359634076615209,0.0,0.019872717559337616,64.29826354980469,0.9900718931872646,0.9359634076615209,0.0,0.9359634076615209,1.3361246585845947,0.8776443682104059,1.3361246585845947,0.0,0.0,0.0,0
93,rankdad,0.0001,32,2,5,gru,tapnet-PenDigits,3,10,0.9484536082474226,0.9484536082474226,0.9484536082474226,0.9484536082474226,0.9484536082474226,0.9484536082474226,0.9484536082474226,0.9484536082474226,0.9484536082474226,0.9484536082474226,1.8969072164948453,1.8969072164948453,1.8969072164948453,1.8969072164948453,1.8969072164948453,0.00802341103553772,62.70827865600586,0.9938858695652174,0.9373927958833619,0.0,0.022361569106578827,62.70827865600586,0.9893871961656967,0.9373927958833619,0.0,0.9373927958833619,1.388238549232483,0.8810748999428245,1.388238549232483,0.0,0.0,0.0,0
94,rankdad,0.0001,32,2,5,gru,tapnet-PenDigits,3,10,0.9484536082474226,0.9484536082474226,0.9484536082474226,0.9484536082474226,0.9484536082474226,0.9484536082474226,0.9484536082474226,0.9484536082474226,0.9484536082474226,0.9484536082474226,1.8969072164948453,1.8969072164948453,1.8969072164948453,1.8969072164948453,1.8969072164948453,0.017566360533237457,63.175025939941406,0.9938858695652174,0.9376786735277302,0.0,0.028423653915524483,63.175025939941406,0.9887024991441288,0.9376786735277302,0.0,0.9376786735277302,1.2717543840408325,0.8787878787878788,1.2717543840408325,0.0,0.0,0.0,0
95,rankdad,0.0001,32,2,5,gru,tapnet-PenDigits,3,10,0.9484536082474226,0.9484536082474226,0.9484536082474226,0.9484536082474226,0.9484536082474226,0.9484536082474226,0.9484536082474226,0.9484536082474226,0.9484536082474226,0.9484536082474226,1.8969072164948453,1.8969072164948453,1.8969072164948453,1.8969072164948453,1.8969072164948453,0.13174429535865784,75.46997833251953,0.9918478260869565,0.9256718124642653,0.0,0.023994922637939453,75.46997833251953,0.9873331051009928,0.9256718124642653,0.0,0.9256718124642653,0.8336209058761597,0.8613493424814179,0.8336209058761597,0.0,0.0,0.0,0
96,rankdad,0.0001,32,2,5,gru,tapnet-PenDigits,3,10,0.9484536082474226,0.9484536082474226,0.9484536082474226,0.9484536082474226,0.9484536082474226,0.9484536082474226,0.9484536082474226,0.9484536082474226,0.9484536082474226,0.9484536082474226,1.8969072164948453,1.8969072164948453,1.8969072164948453,1.8969072164948453,1.8969072164948453,0.014644324779510498,68.53156280517578,0.9938858695652174,0.9282447112635792,0.0,0.017224231734871864,68.53156280517578,0.9869907565902089,0.9282447112635792,0.0,0.9282447112635792,1.178941011428833,0.8690680388793597,1.178941011428833,0.0,0.0,0.0,0
97,rankdad,0.0001,32,2,5,gru,tapnet-PenDigits,3,10,0.9484536082474226,0.9484536082474226,0.9484536082474226,0.9484536082474226,0.9484536082474226,0.9484536082474226,0.9484536082474226,0.9484536082474226,0.9484536082474226,0.9484536082474226,1.8969072164948453,1.8969072164948453,1.8969072164948453,1.8969072164948453,1.8969072164948453,0.004278689622879028,61.968482971191406,0.9952445652173914,0.9373927958833619,0.0,0.016765806823968887,61.968482971191406,0.9921259842519685,0.9373927958833619,0.0,0.9373927958833619,1.4154775142669678,0.8744997141223556,1.4154775142669678,0.0,0.0,0.0,0
98,rankdad,0.0001,32,2,5,gru,tapnet-PenDigits,3,10,0.9484536082474226,0.9484536082474226,0.9484536082474226,0.9484536082474226,0.9484536082474226,0.9484536082474226,0.9484536082474226,0.9484536082474226,0.9484536082474226,0.9484536082474226,1.8969072164948453,1.8969072164948453,1.8969072164948453,1.8969072164948453,1.8969072164948453,0.0037083476781845093,62.709617614746094,0.9966032608695652,0.938822184105203,0.0,0.021388106048107147,62.709617614746094,0.9924683327627525,0.938822184105203,0.0,0.938822184105203,1.2891154289245605,0.8762149799885649,1.2891154289245605,0.0,0.0,0.0,0
99,rankdad,0.0001,32,2,5,gru,tapnet-PenDigits,3,10,0.9484536082474226,0.9484536082474226,0.9484536082474226,0.9484536082474226,0.9484536082474226,0.9484536082474226,0.9484536082474226,0.9484536082474226,0.9484536082474226,0.9484536082474226,1.8969072164948453,1.8969072164948453,1.8969072164948453,1.8969072164948453,1.8969072164948453,0.007106423377990723,63.1240119934082,0.9972826086956522,0.9399656946826758,0.0,0.020194239914417267,63.1240119934082,0.9934953782951044,0.9399656946826758,0.0,0.9399656946826758,1.2113429307937622,0.8767867352773013,1.2113429307937622,0.0,0.0,0.0,0
