epoch,mode,lr,batch_size,k,kf,model,dataset,rank,numiterations,"effective_rank_site_0_Linear(in_features=256, out_features=2, bias=False)0","effective_rank_site_0_Linear(in_features=512, out_features=256, bias=False)2","effective_rank_site_0_FakeLinear(input_features=25920, output_features=512, bias=False)4","effective_rank_site_0_Linear(in_features=64, out_features=192, bias=False)6","effective_rank_site_0_Linear(in_features=61, out_features=192, bias=False)7","effective_rank_site_1_Linear(in_features=256, out_features=2, bias=False)0","effective_rank_site_1_Linear(in_features=512, out_features=256, bias=False)2","effective_rank_site_1_FakeLinear(input_features=25920, output_features=512, bias=False)4","effective_rank_site_1_Linear(in_features=64, out_features=192, bias=False)6","effective_rank_site_1_Linear(in_features=61, out_features=192, bias=False)7","effective_rank_site_agg_Linear(in_features=256, out_features=2, bias=False)0","effective_rank_site_agg_Linear(in_features=512, out_features=256, bias=False)2","effective_rank_site_agg_FakeLinear(input_features=25920, output_features=512, bias=False)4","effective_rank_site_agg_Linear(in_features=64, out_features=192, bias=False)6","effective_rank_site_agg_Linear(in_features=61, out_features=192, bias=False)7",train_loss_site_0,test_loss_site_0,train_acc_site_0,test_acc_site_0,val_acc_site_0,train_loss_site_1,test_loss_site_1,train_acc_site_1,test_acc_site_1,val_acc_site_1,test_acc_avg,test_loss_avg,test_acc_ensemble,test_loss_ensemble,val_acc_avg,val_loss_avg,val_acc_ensemble,val_loss_ensemble
0,rankdad,0.0001,32,3,5,gru,tapnet-Heartbeat,4,10,1.0,2.0,2.0,2.0,2.0,1.0,2.0,2.0,2.0,2.0,2.0,4.0,4.0,4.0,4.0,0.6934854984283447,5.350739002227783,0.46875,0.2780487804878049,0.0,0.6596545577049255,5.350739002227783,0.625,0.2780487804878049,0.0,0.2780487804878049,0.8434371948242188,0.2780487804878049,0.8434371948242188,0.0,0.0,0.0,0
1,rankdad,0.0001,32,3,5,gru,tapnet-Heartbeat,4,10,1.0,2.0,2.0,2.0,2.0,1.0,2.0,2.0,2.0,2.0,2.0,4.0,4.0,4.0,4.0,0.4751829206943512,5.154613018035889,1.0,0.3170731707317073,0.0,0.7638013958930969,5.154613018035889,0.125,0.3170731707317073,0.0,0.3170731707317073,0.796646237373352,0.3170731707317073,0.796646237373352,0.0,0.0,0.0,0
2,rankdad,0.0001,32,3,5,gru,tapnet-Heartbeat,4,10,1.0,2.0,2.0,2.0,2.0,1.0,2.0,2.0,2.0,2.0,2.0,4.0,4.0,4.0,4.0,0.4893814027309418,4.983938217163086,0.96875,0.424390243902439,0.0,0.6529360413551331,4.983938217163086,0.5625,0.424390243902439,0.0,0.424390243902439,0.7529930472373962,0.424390243902439,0.7529930472373962,0.0,0.0,0.0,0
3,rankdad,0.0001,32,3,5,gru,tapnet-Heartbeat,4,10,1.0,2.0,2.0,2.0,2.0,1.0,2.0,2.0,2.0,2.0,2.0,4.0,4.0,4.0,4.0,0.5058821439743042,5.0112738609313965,0.9375,0.424390243902439,0.0,0.5701199769973755,5.0112738609313965,0.78125,0.424390243902439,0.0,0.424390243902439,0.7645304799079895,0.424390243902439,0.7645304799079895,0.0,0.0,0.0,0
4,rankdad,0.0001,32,3,5,gru,tapnet-Heartbeat,4,10,1.0,2.0,2.0,2.0,2.0,2.0,2.0,2.0,2.0,2.0,3.0,4.0,4.0,4.0,4.0,0.46988600492477417,5.195108890533447,0.9375,0.3902439024390244,0.0,0.5428569912910461,5.195108890533447,0.78125,0.3902439024390244,0.0,0.3902439024390244,0.8195095658302307,0.3902439024390244,0.8195095658302307,0.0,0.0,0.0,0
5,rankdad,0.0001,32,3,5,gru,tapnet-Heartbeat,4,10,1.0,2.0,2.0,2.0,2.0,1.0,2.0,2.0,2.0,2.0,2.0,4.0,4.0,4.0,4.0,0.4049093425273895,5.39634895324707,0.9375,0.35609756097560974,0.0,0.5486054420471191,5.39634895324707,0.71875,0.35609756097560974,0.0,0.35609756097560974,0.8748177886009216,0.35609756097560974,0.8748177886009216,0.0,0.0,0.0,0
6,rankdad,0.0001,32,3,5,gru,tapnet-Heartbeat,4,10,1.0,2.0,2.0,2.0,2.0,1.0,2.0,2.0,2.0,2.0,2.0,4.0,4.0,4.0,4.0,0.3513481020927429,5.43571138381958,0.96875,0.3853658536585366,0.0,0.5526652932167053,5.43571138381958,0.71875,0.3853658536585366,0.0,0.3853658536585366,0.8858705163002014,0.3853658536585366,0.8858705163002014,0.0,0.0,0.0,0
7,rankdad,0.0001,32,3,5,gru,tapnet-Heartbeat,4,10,1.0,2.0,2.0,2.0,2.0,1.0,2.0,2.0,2.0,2.0,2.0,4.0,4.0,4.0,4.0,0.3309931755065918,5.3235673904418945,0.96875,0.424390243902439,0.0,0.5226662158966064,5.3235673904418945,0.71875,0.424390243902439,0.0,0.424390243902439,0.8533108830451965,0.424390243902439,0.8533108830451965,0.0,0.0,0.0,0
8,rankdad,0.0001,32,3,5,gru,tapnet-Heartbeat,4,10,1.0,2.0,2.0,2.0,2.0,1.0,2.0,2.0,2.0,2.0,2.0,4.0,4.0,4.0,4.0,0.33545631170272827,5.233682632446289,0.9375,0.4585365853658537,0.0,0.46857255697250366,5.233682632446289,0.875,0.4585365853658537,0.0,0.4585365853658537,0.8217332363128662,0.4585365853658537,0.8217332363128662,0.0,0.0,0.0,0
9,rankdad,0.0001,32,3,5,gru,tapnet-Heartbeat,4,10,1.0,2.0,2.0,2.0,2.0,1.0,2.0,2.0,2.0,2.0,2.0,4.0,4.0,4.0,4.0,0.33944153785705566,5.277776718139648,0.9375,0.47317073170731705,0.0,0.420378178358078,5.277776718139648,0.9375,0.47317073170731705,0.0,0.47317073170731705,0.8289700150489807,0.47317073170731705,0.8289700150489807,0.0,0.0,0.0,0
10,rankdad,0.0001,32,3,5,gru,tapnet-Heartbeat,4,10,1.0,2.0,2.0,2.0,2.0,1.0,2.0,2.0,2.0,2.0,2.0,4.0,4.0,4.0,4.0,0.3215658962726593,5.45442533493042,0.9375,0.45365853658536587,0.0,0.393932968378067,5.45442533493042,0.96875,0.45365853658536587,0.0,0.45365853658536587,0.8761147856712341,0.45365853658536587,0.8761147856712341,0.0,0.0,0.0,0
11,rankdad,0.0001,32,3,5,gru,tapnet-Heartbeat,4,10,1.0,2.0,2.0,2.0,2.0,1.0,2.0,2.0,2.0,2.0,2.0,4.0,4.0,4.0,4.0,0.2850022614002228,5.666877269744873,0.96875,0.43414634146341463,0.0,0.385656476020813,5.666877269744873,0.9375,0.43414634146341463,0.0,0.43414634146341463,0.9314899444580078,0.43414634146341463,0.9314899444580078,0.0,0.0,0.0,0
12,rankdad,0.0001,32,3,5,gru,tapnet-Heartbeat,4,10,1.0,2.0,2.0,2.0,2.0,1.0,2.0,2.0,2.0,2.0,2.0,4.0,4.0,4.0,4.0,0.25093790888786316,5.791677951812744,0.96875,0.4292682926829268,0.0,0.3788163363933563,5.791677951812744,0.9375,0.4292682926829268,0.0,0.4292682926829268,0.9610916972160339,0.4292682926829268,0.9610916972160339,0.0,0.0,0.0,0
13,rankdad,0.0001,32,3,5,gru,tapnet-Heartbeat,4,10,1.0,2.0,2.0,2.0,2.0,1.0,2.0,2.0,2.0,2.0,2.0,4.0,4.0,4.0,4.0,0.2303701788187027,5.796261310577393,0.96875,0.44878048780487806,0.0,0.3594913184642792,5.796261310577393,0.9375,0.44878048780487806,0.0,0.44878048780487806,0.9551249146461487,0.44878048780487806,0.9551249146461487,0.0,0.0,0.0,0
14,rankdad,0.0001,32,3,5,gru,tapnet-Heartbeat,4,10,1.0,2.0,2.0,2.0,2.0,1.0,2.0,2.0,2.0,2.0,2.0,4.0,4.0,4.0,4.0,0.222794309258461,5.767786979675293,0.96875,0.48292682926829267,0.0,0.32712870836257935,5.767786979675293,0.9375,0.48292682926829267,0.0,0.48292682926829267,0.9365007877349854,0.48292682926829267,0.9365007877349854,0.0,0.0,0.0,0
15,rankdad,0.0001,32,3,5,gru,tapnet-Heartbeat,4,10,1.0,2.0,2.0,2.0,2.0,1.0,2.0,2.0,2.0,2.0,2.0,4.0,4.0,4.0,4.0,0.21927721798419952,5.807473659515381,0.96875,0.4926829268292683,0.0,0.29310306906700134,5.807473659515381,0.96875,0.4926829268292683,0.0,0.4926829268292683,0.9342035055160522,0.4926829268292683,0.9342035055160522,0.0,0.0,0.0,0
16,rankdad,0.0001,32,3,5,gru,tapnet-Heartbeat,4,10,1.0,2.0,2.0,2.0,2.0,1.0,2.0,2.0,2.0,2.0,2.0,4.0,4.0,4.0,4.0,0.21001236140727997,5.959099292755127,0.96875,0.4926829268292683,0.0,0.2668597102165222,5.959099292755127,1.0,0.4926829268292683,0.0,0.4926829268292683,0.9647365212440491,0.4926829268292683,0.9647365212440491,0.0,0.0,0.0,0
17,rankdad,0.0001,32,3,5,gru,tapnet-Heartbeat,4,10,1.0,2.0,2.0,2.0,2.0,1.0,2.0,2.0,2.0,2.0,2.0,4.0,4.0,4.0,4.0,0.19141885638237,6.178378105163574,0.96875,0.48292682926829267,0.0,0.25094491243362427,6.178378105163574,1.0,0.48292682926829267,0.0,0.48292682926829267,1.0139086246490479,0.48292682926829267,1.0139086246490479,0.0,0.0,0.0,0
18,rankdad,0.0001,32,3,5,gru,tapnet-Heartbeat,4,10,2.0,2.0,2.0,2.0,2.0,1.0,2.0,2.0,2.0,2.0,3.0,4.0,4.0,4.0,4.0,0.17007717490196228,6.37539005279541,1.0,0.4585365853658537,0.0,0.2396862506866455,6.37539005279541,1.0,0.4585365853658537,0.0,0.4585365853658537,1.0550179481506348,0.4585365853658537,1.0550179481506348,0.0,0.0,0.0,0
19,rankdad,0.0001,32,3,5,gru,tapnet-Heartbeat,4,10,1.0,2.0,2.0,2.0,2.0,1.0,2.0,2.0,2.0,2.0,2.0,4.0,4.0,4.0,4.0,0.1531437635421753,6.483800888061523,1.0,0.4634146341463415,0.0,0.22611120343208313,6.483800888061523,1.0,0.4634146341463415,0.0,0.4634146341463415,1.0681766271591187,0.4634146341463415,1.0681766271591187,0.0,0.0,0.0,0
20,rankdad,0.0001,32,3,5,gru,tapnet-Heartbeat,4,10,1.0,2.0,2.0,2.0,2.0,1.0,2.0,2.0,2.0,2.0,2.0,4.0,4.0,4.0,4.0,0.14317694306373596,6.534459114074707,1.0,0.47804878048780486,0.0,0.20699197053909302,6.534459114074707,1.0,0.47804878048780486,0.0,0.47804878048780486,1.0618983507156372,0.47804878048780486,1.0618983507156372,0.0,0.0,0.0,0
21,rankdad,0.0001,32,3,5,gru,tapnet-Heartbeat,4,10,1.0,2.0,2.0,2.0,2.0,1.0,2.0,2.0,2.0,2.0,2.0,4.0,4.0,4.0,4.0,0.1373143196105957,6.610411167144775,1.0,0.4975609756097561,0.0,0.18524855375289917,6.610411167144775,1.0,0.4975609756097561,0.0,0.4975609756097561,1.059173583984375,0.4975609756097561,1.059173583984375,0.0,0.0,0.0,0
22,rankdad,0.0001,32,3,5,gru,tapnet-Heartbeat,4,10,1.0,2.0,2.0,2.0,2.0,1.0,2.0,2.0,2.0,2.0,2.0,4.0,4.0,4.0,4.0,0.131037175655365,6.773200035095215,1.0,0.5121951219512195,0.0,0.1658804714679718,6.773200035095215,1.0,0.5121951219512195,0.0,0.5121951219512195,1.0823267698287964,0.5121951219512195,1.0823267698287964,0.0,0.0,0.0,0
23,rankdad,0.0001,32,3,5,gru,tapnet-Heartbeat,4,10,1.0,2.0,2.0,2.0,2.0,1.0,2.0,2.0,2.0,2.0,2.0,4.0,4.0,4.0,4.0,0.12113155424594879,7.024652481079102,1.0,0.5024390243902439,0.0,0.1516096293926239,7.024652481079102,1.0,0.5024390243902439,0.0,0.5024390243902439,1.1346635818481445,0.5024390243902439,1.1346635818481445,0.0,0.0,0.0,0
24,rankdad,0.0001,32,3,5,gru,tapnet-Heartbeat,4,10,1.0,2.0,2.0,2.0,2.0,1.0,2.0,2.0,2.0,2.0,2.0,4.0,4.0,4.0,4.0,0.10841522365808487,7.3178839683532715,1.0,0.4926829268292683,0.0,0.14171600341796875,7.3178839683532715,1.0,0.4926829268292683,0.0,0.4926829268292683,1.1989378929138184,0.4926829268292683,1.1989378929138184,0.0,0.0,0.0,0
25,rankdad,0.0001,32,3,5,gru,tapnet-Heartbeat,4,10,1.0,2.0,2.0,2.0,2.0,1.0,2.0,2.0,2.0,2.0,2.0,4.0,4.0,4.0,4.0,0.0960746705532074,7.58263635635376,1.0,0.4926829268292683,0.0,0.1333421766757965,7.58263635635376,1.0,0.4926829268292683,0.0,0.4926829268292683,1.2514705657958984,0.4926829268292683,1.2514705657958984,0.0,0.0,0.0,0
26,rankdad,0.0001,32,3,5,gru,tapnet-Heartbeat,4,10,1.0,2.0,2.0,2.0,2.0,2.0,2.0,2.0,2.0,2.0,3.0,4.0,4.0,4.0,4.0,0.08642350137233734,7.774012565612793,1.0,0.4926829268292683,0.0,0.12398804724216461,7.774012565612793,1.0,0.4926829268292683,0.0,0.4926829268292683,1.2789256572723389,0.4926829268292683,1.2789256572723389,0.0,0.0,0.0,0
27,rankdad,0.0001,32,3,5,gru,tapnet-Heartbeat,4,10,1.0,2.0,2.0,2.0,2.0,1.0,2.0,2.0,2.0,2.0,2.0,4.0,4.0,4.0,4.0,0.07979544997215271,7.925515651702881,1.0,0.4926829268292683,0.0,0.11278140544891357,7.925515651702881,1.0,0.4926829268292683,0.0,0.4926829268292683,1.2916889190673828,0.4926829268292683,1.2916889190673828,0.0,0.0,0.0,0
28,rankdad,0.0001,32,3,5,gru,tapnet-Heartbeat,4,10,1.0,2.0,2.0,2.0,2.0,2.0,2.0,2.0,2.0,2.0,3.0,4.0,4.0,4.0,4.0,0.0748404785990715,8.093391418457031,1.0,0.4926829268292683,0.0,0.10125622898340225,8.093391418457031,1.0,0.4926829268292683,0.0,0.4926829268292683,1.3074778318405151,0.4926829268292683,1.3074778318405151,0.0,0.0,0.0,0
29,rankdad,0.0001,32,3,5,gru,tapnet-Heartbeat,4,10,1.0,2.0,2.0,2.0,2.0,1.0,2.0,2.0,2.0,2.0,2.0,4.0,4.0,4.0,4.0,0.06992363929748535,8.31655216217041,1.0,0.4878048780487805,0.0,0.09109127521514893,8.31655216217041,1.0,0.4878048780487805,0.0,0.4878048780487805,1.3401058912277222,0.4878048780487805,1.3401058912277222,0.0,0.0,0.0,0
30,rankdad,0.0001,32,3,5,gru,tapnet-Heartbeat,4,10,1.0,2.0,2.0,2.0,2.0,1.0,2.0,2.0,2.0,2.0,2.0,4.0,4.0,4.0,4.0,0.06404011696577072,8.593611717224121,1.0,0.48292682926829267,0.0,0.08304500579833984,8.593611717224121,1.0,0.48292682926829267,0.0,0.48292682926829267,1.3908759355545044,0.48292682926829267,1.3908759355545044,0.0,0.0,0.0,0
31,rankdad,0.0001,32,3,5,gru,tapnet-Heartbeat,4,10,1.0,2.0,2.0,2.0,2.0,1.0,2.0,2.0,2.0,2.0,2.0,4.0,4.0,4.0,4.0,0.05751011148095131,8.908293724060059,1.0,0.4878048780487805,0.0,0.07670339941978455,8.908293724060059,1.0,0.4878048780487805,0.0,0.4878048780487805,1.4531530141830444,0.4878048780487805,1.4531530141830444,0.0,0.0,0.0,0
32,rankdad,0.0001,32,3,5,gru,tapnet-Heartbeat,4,10,1.0,2.0,2.0,2.0,2.0,1.0,2.0,2.0,2.0,2.0,2.0,4.0,4.0,4.0,4.0,0.05093890056014061,9.222213745117188,1.0,0.47804878048780486,0.0,0.07131034135818481,9.222213745117188,1.0,0.47804878048780486,0.0,0.47804878048780486,1.5136795043945312,0.47804878048780486,1.5136795043945312,0.0,0.0,0.0,0
33,rankdad,0.0001,32,3,5,gru,tapnet-Heartbeat,4,10,1.0,2.0,2.0,2.0,2.0,1.0,2.0,2.0,2.0,2.0,2.0,4.0,4.0,4.0,4.0,0.04518812894821167,9.50078010559082,1.0,0.47317073170731705,0.0,0.06616458296775818,9.50078010559082,1.0,0.47317073170731705,0.0,0.47317073170731705,1.5609110593795776,0.47317073170731705,1.5609110593795776,0.0,0.0,0.0,0
34,rankdad,0.0001,32,3,5,gru,tapnet-Heartbeat,4,10,1.0,2.0,2.0,2.0,2.0,1.0,2.0,2.0,2.0,2.0,2.0,4.0,4.0,4.0,4.0,0.04058007523417473,9.740438461303711,1.0,0.47317073170731705,0.0,0.06087926775217056,9.740438461303711,1.0,0.47317073170731705,0.0,0.47317073170731705,1.5938509702682495,0.47317073170731705,1.5938509702682495,0.0,0.0,0.0,0
35,rankdad,0.0001,32,3,5,gru,tapnet-Heartbeat,4,10,1.0,2.0,2.0,2.0,2.0,1.0,2.0,2.0,2.0,2.0,2.0,4.0,4.0,4.0,4.0,0.036900319159030914,9.959786415100098,1.0,0.4682926829268293,0.0,0.05562397465109825,9.959786415100098,1.0,0.4682926829268293,0.0,0.4682926829268293,1.6190564632415771,0.4682926829268293,1.6190564632415771,0.0,0.0,0.0,0
36,rankdad,0.0001,32,3,5,gru,tapnet-Heartbeat,4,10,1.0,2.0,2.0,2.0,2.0,2.0,2.0,2.0,2.0,2.0,3.0,4.0,4.0,4.0,4.0,0.033770158886909485,10.1804838180542,1.0,0.4682926829268293,0.0,0.050703201442956924,10.1804838180542,1.0,0.4682926829268293,0.0,0.4682926829268293,1.6427069902420044,0.4682926829268293,1.6427069902420044,0.0,0.0,0.0,0
37,rankdad,0.0001,32,3,5,gru,tapnet-Heartbeat,4,10,1.0,2.0,2.0,2.0,2.0,2.0,2.0,2.0,2.0,2.0,3.0,4.0,4.0,4.0,4.0,0.030891001224517822,10.417366027832031,1.0,0.4682926829268293,0.0,0.04631522297859192,10.417366027832031,1.0,0.4682926829268293,0.0,0.4682926829268293,1.6706255674362183,0.4682926829268293,1.6706255674362183,0.0,0.0,0.0,0
38,rankdad,0.0001,32,3,5,gru,tapnet-Heartbeat,4,10,1.0,2.0,2.0,2.0,2.0,1.0,2.0,2.0,2.0,2.0,2.0,4.0,4.0,4.0,4.0,0.028087042272090912,10.681938171386719,1.0,0.47317073170731705,0.0,0.04254010319709778,10.681938171386719,1.0,0.47317073170731705,0.0,0.47317073170731705,1.7092245817184448,0.47317073170731705,1.7092245817184448,0.0,0.0,0.0,0
39,rankdad,0.0001,32,3,5,gru,tapnet-Heartbeat,4,10,1.0,2.0,2.0,2.0,2.0,1.0,2.0,2.0,2.0,2.0,2.0,4.0,4.0,4.0,4.0,0.02526792883872986,10.965874671936035,1.0,0.4682926829268293,0.0,0.03939566761255264,10.965874671936035,1.0,0.4682926829268293,0.0,0.4682926829268293,1.7547061443328857,0.4682926829268293,1.7547061443328857,0.0,0.0,0.0,0
40,rankdad,0.0001,32,3,5,gru,tapnet-Heartbeat,4,10,1.0,2.0,2.0,2.0,2.0,2.0,2.0,2.0,2.0,2.0,3.0,4.0,4.0,4.0,4.0,0.022574184462428093,11.256521224975586,1.0,0.47804878048780486,0.0,0.03671302646398544,11.256521224975586,1.0,0.47804878048780486,0.0,0.47804878048780486,1.8020434379577637,0.47804878048780486,1.8020434379577637,0.0,0.0,0.0,0
41,rankdad,0.0001,32,3,5,gru,tapnet-Heartbeat,4,10,1.0,2.0,2.0,2.0,2.0,1.0,2.0,2.0,2.0,2.0,2.0,4.0,4.0,4.0,4.0,0.02012559212744236,11.536733627319336,1.0,0.48292682926829267,0.0,0.03434368968009949,11.536733627319336,1.0,0.48292682926829267,0.0,0.48292682926829267,1.846981167793274,0.48292682926829267,1.846981167793274,0.0,0.0,0.0,0
42,rankdad,0.0001,32,3,5,gru,tapnet-Heartbeat,4,10,1.0,2.0,2.0,2.0,2.0,1.0,2.0,2.0,2.0,2.0,2.0,4.0,4.0,4.0,4.0,0.01800103485584259,11.794775009155273,1.0,0.48292682926829267,0.0,0.032129865139722824,11.794775009155273,1.0,0.48292682926829267,0.0,0.48292682926829267,1.8846315145492554,0.48292682926829267,1.8846315145492554,0.0,0.0,0.0,0
43,rankdad,0.0001,32,3,5,gru,tapnet-Heartbeat,4,10,1.0,2.0,2.0,2.0,2.0,1.0,2.0,2.0,2.0,2.0,2.0,4.0,4.0,4.0,4.0,0.01621142402291298,12.022398948669434,1.0,0.48292682926829267,0.0,0.030013175681233406,12.022398948669434,1.0,0.48292682926829267,0.0,0.48292682926829267,1.9118181467056274,0.48292682926829267,1.9118181467056274,0.0,0.0,0.0,0
44,rankdad,0.0001,32,3,5,gru,tapnet-Heartbeat,4,10,1.0,2.0,2.0,2.0,2.0,1.0,2.0,2.0,2.0,2.0,2.0,4.0,4.0,4.0,4.0,0.014733586460351944,12.22451400756836,1.0,0.4926829268292683,0.0,0.027981672435998917,12.22451400756836,1.0,0.4926829268292683,0.0,0.4926829268292683,1.9316281080245972,0.4926829268292683,1.9316281080245972,0.0,0.0,0.0,0
45,rankdad,0.0001,32,3,5,gru,tapnet-Heartbeat,4,10,1.0,2.0,2.0,2.0,2.0,1.0,2.0,2.0,2.0,2.0,2.0,4.0,4.0,4.0,4.0,0.013506190851330757,12.415218353271484,1.0,0.4926829268292683,0.0,0.026051800698041916,12.415218353271484,1.0,0.4926829268292683,0.0,0.4926829268292683,1.948753833770752,0.4926829268292683,1.948753833770752,0.0,0.0,0.0,0
46,rankdad,0.0001,32,3,5,gru,tapnet-Heartbeat,4,10,1.0,2.0,2.0,2.0,2.0,1.0,2.0,2.0,2.0,2.0,2.0,4.0,4.0,4.0,4.0,0.012431638315320015,12.606718063354492,1.0,0.4926829268292683,0.0,0.024280168116092682,12.606718063354492,1.0,0.4926829268292683,0.0,0.4926829268292683,1.9670002460479736,0.4926829268292683,1.9670002460479736,0.0,0.0,0.0,0
47,rankdad,0.0001,32,3,5,gru,tapnet-Heartbeat,4,10,2.0,2.0,2.0,2.0,2.0,1.0,2.0,2.0,2.0,2.0,3.0,4.0,4.0,4.0,4.0,0.01144968718290329,12.80591106414795,1.0,0.4926829268292683,0.0,0.022692076861858368,12.80591106414795,1.0,0.4926829268292683,0.0,0.4926829268292683,1.9889981746673584,0.4926829268292683,1.9889981746673584,0.0,0.0,0.0,0
48,rankdad,0.0001,32,3,5,gru,tapnet-Heartbeat,4,10,1.0,2.0,2.0,2.0,2.0,1.0,2.0,2.0,2.0,2.0,2.0,4.0,4.0,4.0,4.0,0.01052602007985115,13.013200759887695,1.0,0.4926829268292683,0.0,0.02129051461815834,13.013200759887695,1.0,0.4926829268292683,0.0,0.4926829268292683,2.0148539543151855,0.4926829268292683,2.0148539543151855,0.0,0.0,0.0,0
49,rankdad,0.0001,32,3,5,gru,tapnet-Heartbeat,4,10,1.0,2.0,2.0,2.0,2.0,1.0,2.0,2.0,2.0,2.0,2.0,4.0,4.0,4.0,4.0,0.009657256305217743,13.229077339172363,1.0,0.4878048780487805,0.0,0.02005241997539997,13.229077339172363,1.0,0.4878048780487805,0.0,0.4878048780487805,2.044778823852539,0.4878048780487805,2.044778823852539,0.0,0.0,0.0,0
50,rankdad,0.0001,32,3,5,gru,tapnet-Heartbeat,4,10,1.0,2.0,2.0,2.0,2.0,1.0,2.0,2.0,2.0,2.0,2.0,4.0,4.0,4.0,4.0,0.008844483643770218,13.44965934753418,1.0,0.4878048780487805,0.0,0.018948648124933243,13.44965934753418,1.0,0.4878048780487805,0.0,0.4878048780487805,2.077866792678833,0.4878048780487805,2.077866792678833,0.0,0.0,0.0,0
51,rankdad,0.0001,32,3,5,gru,tapnet-Heartbeat,4,10,1.0,2.0,2.0,2.0,2.0,1.0,2.0,2.0,2.0,2.0,2.0,4.0,4.0,4.0,4.0,0.008092604577541351,13.669519424438477,1.0,0.4878048780487805,0.0,0.017952116206288338,13.669519424438477,1.0,0.4878048780487805,0.0,0.4878048780487805,2.112029790878296,0.4878048780487805,2.112029790878296,0.0,0.0,0.0,0
52,rankdad,0.0001,32,3,5,gru,tapnet-Heartbeat,4,10,1.0,2.0,2.0,2.0,2.0,1.0,2.0,2.0,2.0,2.0,2.0,4.0,4.0,4.0,4.0,0.007415603846311569,13.880237579345703,1.0,0.4878048780487805,0.0,0.01704179123044014,13.880237579345703,1.0,0.4878048780487805,0.0,0.4878048780487805,2.144198417663574,0.4878048780487805,2.144198417663574,0.0,0.0,0.0,0
53,rankdad,0.0001,32,3,5,gru,tapnet-Heartbeat,4,10,1.0,2.0,2.0,2.0,2.0,1.0,2.0,2.0,2.0,2.0,2.0,4.0,4.0,4.0,4.0,0.006825506687164307,14.076150894165039,1.0,0.4878048780487805,0.0,0.016185062006115913,14.076150894165039,1.0,0.4878048780487805,0.0,0.4878048780487805,2.172300338745117,0.4878048780487805,2.172300338745117,0.0,0.0,0.0,0
54,rankdad,0.0001,32,3,5,gru,tapnet-Heartbeat,4,10,2.0,2.0,2.0,2.0,2.0,1.0,2.0,2.0,2.0,2.0,3.0,4.0,4.0,4.0,4.0,0.006319776177406311,14.257217407226562,1.0,0.4926829268292683,0.0,0.01536976546049118,14.257217407226562,1.0,0.4926829268292683,0.0,0.4926829268292683,2.196378231048584,0.4926829268292683,2.196378231048584,0.0,0.0,0.0,0
55,rankdad,0.0001,32,3,5,gru,tapnet-Heartbeat,4,10,1.0,2.0,2.0,2.0,2.0,1.0,2.0,2.0,2.0,2.0,2.0,4.0,4.0,4.0,4.0,0.005886320024728775,14.424120903015137,1.0,0.4926829268292683,0.0,0.014597536996006966,14.424120903015137,1.0,0.4926829268292683,0.0,0.4926829268292683,2.216151237487793,0.4926829268292683,2.216151237487793,0.0,0.0,0.0,0
56,rankdad,0.0001,32,3,5,gru,tapnet-Heartbeat,4,10,1.0,2.0,2.0,2.0,2.0,1.0,2.0,2.0,2.0,2.0,2.0,4.0,4.0,4.0,4.0,0.005514513701200485,14.579889297485352,1.0,0.4975609756097561,0.0,0.013861563056707382,14.579889297485352,1.0,0.4975609756097561,0.0,0.4975609756097561,2.2330353260040283,0.4975609756097561,2.2330353260040283,0.0,0.0,0.0,0
57,rankdad,0.0001,32,3,5,gru,tapnet-Heartbeat,4,10,1.0,2.0,2.0,2.0,2.0,2.0,2.0,2.0,2.0,2.0,3.0,4.0,4.0,4.0,4.0,0.005190320312976837,14.727376937866211,1.0,0.4975609756097561,0.0,0.01316500548273325,14.727376937866211,1.0,0.4975609756097561,0.0,0.4975609756097561,2.2477755546569824,0.4975609756097561,2.2477755546569824,0.0,0.0,0.0,0
58,rankdad,0.0001,32,3,5,gru,tapnet-Heartbeat,4,10,1.0,2.0,2.0,2.0,2.0,1.0,2.0,2.0,2.0,2.0,2.0,4.0,4.0,4.0,4.0,0.0049051158130168915,14.870620727539062,1.0,0.4975609756097561,0.0,0.012512365356087685,14.870620727539062,1.0,0.4975609756097561,0.0,0.4975609756097561,2.2619190216064453,0.4975609756097561,2.2619190216064453,0.0,0.0,0.0,0
59,rankdad,0.0001,32,3,5,gru,tapnet-Heartbeat,4,10,1.0,2.0,2.0,2.0,2.0,1.0,2.0,2.0,2.0,2.0,2.0,4.0,4.0,4.0,4.0,0.004647325724363327,15.011640548706055,1.0,0.5073170731707317,0.0,0.011906156316399574,15.011640548706055,1.0,0.5073170731707317,0.0,0.5073170731707317,2.276412010192871,0.5073170731707317,2.276412010192871,0.0,0.0,0.0,0
60,rankdad,0.0001,32,3,5,gru,tapnet-Heartbeat,4,10,1.0,2.0,2.0,2.0,2.0,1.0,2.0,2.0,2.0,2.0,2.0,4.0,4.0,4.0,4.0,0.004409708082675934,15.154314041137695,1.0,0.5073170731707317,0.0,0.01134735718369484,15.154314041137695,1.0,0.5073170731707317,0.0,0.5073170731707317,2.2928812503814697,0.5073170731707317,2.2928812503814697,0.0,0.0,0.0,0
61,rankdad,0.0001,32,3,5,gru,tapnet-Heartbeat,4,10,1.0,2.0,2.0,2.0,2.0,2.0,2.0,2.0,2.0,2.0,3.0,4.0,4.0,4.0,4.0,0.004181604832410812,15.301496505737305,1.0,0.5073170731707317,0.0,0.010836459696292877,15.301496505737305,1.0,0.5073170731707317,0.0,0.5073170731707317,2.312333106994629,0.5073170731707317,2.312333106994629,0.0,0.0,0.0,0
62,rankdad,0.0001,32,3,5,gru,tapnet-Heartbeat,4,10,2.0,2.0,2.0,2.0,2.0,1.0,2.0,2.0,2.0,2.0,3.0,4.0,4.0,4.0,4.0,0.00396062433719635,15.455055236816406,1.0,0.5073170731707317,0.0,0.010369943454861641,15.455055236816406,1.0,0.5073170731707317,0.0,0.5073170731707317,2.3351798057556152,0.5073170731707317,2.3351798057556152,0.0,0.0,0.0,0
63,rankdad,0.0001,32,3,5,gru,tapnet-Heartbeat,4,10,1.0,2.0,2.0,2.0,2.0,1.0,2.0,2.0,2.0,2.0,2.0,4.0,4.0,4.0,4.0,0.003743629902601242,15.613222122192383,1.0,0.5024390243902439,0.0,0.009946972131729126,15.613222122192383,1.0,0.5024390243902439,0.0,0.5024390243902439,2.3608345985412598,0.5024390243902439,2.3608345985412598,0.0,0.0,0.0,0
64,rankdad,0.0001,32,3,5,gru,tapnet-Heartbeat,4,10,1.0,2.0,2.0,2.0,2.0,1.0,2.0,2.0,2.0,2.0,2.0,4.0,4.0,4.0,4.0,0.0035334452986717224,15.772601127624512,1.0,0.5024390243902439,0.0,0.009563611820340157,15.772601127624512,1.0,0.5024390243902439,0.0,0.5024390243902439,2.3879811763763428,0.5024390243902439,2.3879811763763428,0.0,0.0,0.0,0
65,rankdad,0.0001,32,3,5,gru,tapnet-Heartbeat,4,10,1.0,2.0,2.0,2.0,2.0,1.0,2.0,2.0,2.0,2.0,2.0,4.0,4.0,4.0,4.0,0.0033340342342853546,15.929964065551758,1.0,0.5024390243902439,0.0,0.00920698419213295,15.929964065551758,1.0,0.5024390243902439,0.0,0.5024390243902439,2.4153294563293457,0.5024390243902439,2.4153294563293457,0.0,0.0,0.0,0
66,rankdad,0.0001,32,3,5,gru,tapnet-Heartbeat,4,10,2.0,2.0,2.0,2.0,2.0,2.0,2.0,2.0,2.0,2.0,4.0,4.0,4.0,4.0,4.0,0.0031483210623264313,16.08283233642578,1.0,0.5024390243902439,0.0,0.008871607482433319,16.08283233642578,1.0,0.5024390243902439,0.0,0.5024390243902439,2.4417262077331543,0.5024390243902439,2.4417262077331543,0.0,0.0,0.0,0
67,rankdad,0.0001,32,3,5,gru,tapnet-Heartbeat,4,10,1.0,2.0,2.0,2.0,2.0,1.0,2.0,2.0,2.0,2.0,2.0,4.0,4.0,4.0,4.0,0.002978343516588211,16.226503372192383,1.0,0.5024390243902439,0.0,0.00855155661702156,16.226503372192383,1.0,0.5024390243902439,0.0,0.5024390243902439,2.4657444953918457,0.5024390243902439,2.4657444953918457,0.0,0.0,0.0,0
68,rankdad,0.0001,32,3,5,gru,tapnet-Heartbeat,4,10,1.0,2.0,2.0,2.0,2.0,1.0,2.0,2.0,2.0,2.0,2.0,4.0,4.0,4.0,4.0,0.0028281696140766144,16.359580993652344,1.0,0.5073170731707317,0.0,0.008243529126048088,16.359580993652344,1.0,0.5073170731707317,0.0,0.5073170731707317,2.48649001121521,0.5073170731707317,2.48649001121521,0.0,0.0,0.0,0
69,rankdad,0.0001,32,3,5,gru,tapnet-Heartbeat,4,10,1.0,2.0,2.0,2.0,2.0,1.0,2.0,2.0,2.0,2.0,2.0,4.0,4.0,4.0,4.0,0.002696473151445389,16.481876373291016,1.0,0.5073170731707317,0.0,0.007944632321596146,16.481876373291016,1.0,0.5073170731707317,0.0,0.5073170731707317,2.503941535949707,0.5073170731707317,2.503941535949707,0.0,0.0,0.0,0
70,rankdad,0.0001,32,3,5,gru,tapnet-Heartbeat,4,10,1.0,2.0,2.0,2.0,2.0,1.0,2.0,2.0,2.0,2.0,2.0,4.0,4.0,4.0,4.0,0.0025819502770900726,16.594310760498047,1.0,0.5073170731707317,0.0,0.007655410096049309,16.594310760498047,1.0,0.5073170731707317,0.0,0.5073170731707317,2.5182735919952393,0.5073170731707317,2.5182735919952393,0.0,0.0,0.0,0
71,rankdad,0.0001,32,3,5,gru,tapnet-Heartbeat,4,10,1.0,2.0,2.0,2.0,2.0,1.0,2.0,2.0,2.0,2.0,2.0,4.0,4.0,4.0,4.0,0.0024827271699905396,16.700124740600586,1.0,0.5073170731707317,0.0,0.007376743480563164,16.700124740600586,1.0,0.5073170731707317,0.0,0.5073170731707317,2.530799627304077,0.5073170731707317,2.530799627304077,0.0,0.0,0.0,0
72,rankdad,0.0001,32,3,5,gru,tapnet-Heartbeat,4,10,2.0,2.0,2.0,2.0,2.0,1.0,2.0,2.0,2.0,2.0,3.0,4.0,4.0,4.0,4.0,0.0023942478001117706,16.80129623413086,1.0,0.5073170731707317,0.0,0.007110139355063438,16.80129623413086,1.0,0.5073170731707317,0.0,0.5073170731707317,2.5422298908233643,0.5073170731707317,2.5422298908233643,0.0,0.0,0.0,0
73,rankdad,0.0001,32,3,5,gru,tapnet-Heartbeat,4,10,1.0,2.0,2.0,2.0,2.0,1.0,2.0,2.0,2.0,2.0,2.0,4.0,4.0,4.0,4.0,0.0023133419454097748,16.901491165161133,1.0,0.5073170731707317,0.0,0.006858794018626213,16.901491165161133,1.0,0.5073170731707317,0.0,0.5073170731707317,2.553718328475952,0.5073170731707317,2.553718328475952,0.0,0.0,0.0,0
74,rankdad,0.0001,32,3,5,gru,tapnet-Heartbeat,4,10,1.0,2.0,2.0,2.0,2.0,2.0,2.0,2.0,2.0,2.0,3.0,4.0,4.0,4.0,4.0,0.002236548811197281,17.003658294677734,1.0,0.5121951219512195,0.0,0.006624147295951843,17.003658294677734,1.0,0.5121951219512195,0.0,0.5121951219512195,2.5661025047302246,0.5121951219512195,2.5661025047302246,0.0,0.0,0.0,0
75,rankdad,0.0001,32,3,5,gru,tapnet-Heartbeat,4,10,1.0,2.0,2.0,2.0,2.0,1.0,2.0,2.0,2.0,2.0,2.0,4.0,4.0,4.0,4.0,0.0021614767611026764,17.10943603515625,1.0,0.5073170731707317,0.0,0.0064062513411045074,17.10943603515625,1.0,0.5073170731707317,0.0,0.5073170731707317,2.580219030380249,0.5073170731707317,2.580219030380249,0.0,0.0,0.0,0
76,rankdad,0.0001,32,3,5,gru,tapnet-Heartbeat,4,10,1.0,2.0,2.0,2.0,2.0,1.0,2.0,2.0,2.0,2.0,2.0,4.0,4.0,4.0,4.0,0.0020868293941020966,17.217914581298828,1.0,0.5024390243902439,0.0,0.006203880533576012,17.217914581298828,1.0,0.5024390243902439,0.0,0.5024390243902439,2.595879554748535,0.5024390243902439,2.595879554748535,0.0,0.0,0.0,0
77,rankdad,0.0001,32,3,5,gru,tapnet-Heartbeat,4,10,1.0,2.0,2.0,2.0,2.0,1.0,2.0,2.0,2.0,2.0,2.0,4.0,4.0,4.0,4.0,0.002013064920902252,17.32884979248047,1.0,0.5024390243902439,0.0,0.006013877689838409,17.32884979248047,1.0,0.5024390243902439,0.0,0.5024390243902439,2.612908363342285,0.5024390243902439,2.612908363342285,0.0,0.0,0.0,0
78,rankdad,0.0001,32,3,5,gru,tapnet-Heartbeat,4,10,1.0,2.0,2.0,2.0,2.0,2.0,2.0,2.0,2.0,2.0,3.0,4.0,4.0,4.0,4.0,0.0019401200115680695,17.44091796875,1.0,0.5024390243902439,0.0,0.005835238844156265,17.44091796875,1.0,0.5024390243902439,0.0,0.5024390243902439,2.630474328994751,0.5024390243902439,2.630474328994751,0.0,0.0,0.0,0
79,rankdad,0.0001,32,3,5,gru,tapnet-Heartbeat,4,10,1.0,2.0,2.0,2.0,2.0,1.0,2.0,2.0,2.0,2.0,2.0,4.0,4.0,4.0,4.0,0.0018694661557674408,17.553808212280273,1.0,0.5024390243902439,0.0,0.005667489022016525,17.553808212280273,1.0,0.5024390243902439,0.0,0.5024390243902439,2.6487956047058105,0.5024390243902439,2.6487956047058105,0.0,0.0,0.0,0
80,rankdad,0.0001,32,3,5,gru,tapnet-Heartbeat,4,10,1.0,2.0,2.0,2.0,2.0,1.0,2.0,2.0,2.0,2.0,2.0,4.0,4.0,4.0,4.0,0.001800738275051117,17.6679744720459,1.0,0.5024390243902439,0.0,0.0055128782987594604,17.6679744720459,1.0,0.5024390243902439,0.0,0.5024390243902439,2.667418956756592,0.5024390243902439,2.667418956756592,0.0,0.0,0.0,0
81,rankdad,0.0001,32,3,5,gru,tapnet-Heartbeat,4,10,1.0,2.0,2.0,2.0,2.0,1.0,2.0,2.0,2.0,2.0,2.0,4.0,4.0,4.0,4.0,0.0017337501049041748,17.781494140625,1.0,0.5073170731707317,0.0,0.0053651053458452225,17.781494140625,1.0,0.5073170731707317,0.0,0.5073170731707317,2.685624837875366,0.5073170731707317,2.685624837875366,0.0,0.0,0.0,0
82,rankdad,0.0001,32,3,5,gru,tapnet-Heartbeat,4,10,1.0,2.0,2.0,2.0,2.0,1.0,2.0,2.0,2.0,2.0,2.0,4.0,4.0,4.0,4.0,0.0016697794198989868,17.89080810546875,1.0,0.5073170731707317,0.0,0.005223462358117104,17.89080810546875,1.0,0.5073170731707317,0.0,0.5073170731707317,2.7030763626098633,0.5073170731707317,2.7030763626098633,0.0,0.0,0.0,0
83,rankdad,0.0001,32,3,5,gru,tapnet-Heartbeat,4,10,1.0,2.0,2.0,2.0,2.0,1.0,2.0,2.0,2.0,2.0,2.0,4.0,4.0,4.0,4.0,0.0016109645366668701,17.992799758911133,1.0,0.5073170731707317,0.0,0.005086448043584824,17.992799758911133,1.0,0.5073170731707317,0.0,0.5073170731707317,2.719374418258667,0.5073170731707317,2.719374418258667,0.0,0.0,0.0,0
84,rankdad,0.0001,32,3,5,gru,tapnet-Heartbeat,4,10,1.0,2.0,2.0,2.0,2.0,1.0,2.0,2.0,2.0,2.0,2.0,4.0,4.0,4.0,4.0,0.0015571266412734985,18.0876407623291,1.0,0.5073170731707317,0.0,0.0049545299261808395,18.0876407623291,1.0,0.5073170731707317,0.0,0.5073170731707317,2.7336905002593994,0.5073170731707317,2.7336905002593994,0.0,0.0,0.0,0
85,rankdad,0.0001,32,3,5,gru,tapnet-Heartbeat,4,10,1.0,2.0,2.0,2.0,2.0,1.0,2.0,2.0,2.0,2.0,2.0,4.0,4.0,4.0,4.0,0.0015091300010681152,18.17571449279785,1.0,0.5024390243902439,0.0,0.00482650101184845,18.17571449279785,1.0,0.5024390243902439,0.0,0.5024390243902439,2.745903253555298,0.5024390243902439,2.745903253555298,0.0,0.0,0.0,0
86,rankdad,0.0001,32,3,5,gru,tapnet-Heartbeat,4,10,1.0,2.0,2.0,2.0,2.0,1.0,2.0,2.0,2.0,2.0,2.0,4.0,4.0,4.0,4.0,0.0014661401510238647,18.257591247558594,1.0,0.4975609756097561,0.0,0.004700619727373123,18.257591247558594,1.0,0.4975609756097561,0.0,0.4975609756097561,2.756291389465332,0.4975609756097561,2.756291389465332,0.0,0.0,0.0,0
87,rankdad,0.0001,32,3,5,gru,tapnet-Heartbeat,4,10,1.0,2.0,2.0,2.0,2.0,2.0,2.0,2.0,2.0,2.0,3.0,4.0,4.0,4.0,4.0,0.0014273971319198608,18.335180282592773,1.0,0.4975609756097561,0.0,0.004577320069074631,18.335180282592773,1.0,0.4975609756097561,0.0,0.4975609756097561,2.765449047088623,0.4975609756097561,2.765449047088623,0.0,0.0,0.0,0
88,rankdad,0.0001,32,3,5,gru,tapnet-Heartbeat,4,10,1.0,2.0,2.0,2.0,2.0,1.0,2.0,2.0,2.0,2.0,2.0,4.0,4.0,4.0,4.0,0.0013922378420829773,18.411277770996094,1.0,0.4975609756097561,0.0,0.004458494484424591,18.411277770996094,1.0,0.4975609756097561,0.0,0.4975609756097561,2.7743492126464844,0.4975609756097561,2.7743492126464844,0.0,0.0,0.0,0
89,rankdad,0.0001,32,3,5,gru,tapnet-Heartbeat,4,10,1.0,2.0,2.0,2.0,2.0,1.0,2.0,2.0,2.0,2.0,2.0,4.0,4.0,4.0,4.0,0.0013586506247520447,18.48796844482422,1.0,0.4975609756097561,0.0,0.004345029592514038,18.48796844482422,1.0,0.4975609756097561,0.0,0.4975609756097561,2.783824920654297,0.4975609756097561,2.783824920654297,0.0,0.0,0.0,0
90,rankdad,0.0001,32,3,5,gru,tapnet-Heartbeat,4,10,1.0,2.0,2.0,2.0,2.0,1.0,2.0,2.0,2.0,2.0,2.0,4.0,4.0,4.0,4.0,0.0013255700469017029,18.565139770507812,1.0,0.4975609756097561,0.0,0.004236534237861633,18.565139770507812,1.0,0.4975609756097561,0.0,0.4975609756097561,2.793630361557007,0.4975609756097561,2.793630361557007,0.0,0.0,0.0,0
91,rankdad,0.0001,32,3,5,gru,tapnet-Heartbeat,4,10,1.0,2.0,2.0,2.0,2.0,1.0,2.0,2.0,2.0,2.0,2.0,4.0,4.0,4.0,4.0,0.0012929588556289673,18.643314361572266,1.0,0.4975609756097561,0.0,0.004132796078920364,18.643314361572266,1.0,0.4975609756097561,0.0,0.4975609756097561,2.8040170669555664,0.4975609756097561,2.8040170669555664,0.0,0.0,0.0,0
92,rankdad,0.0001,32,3,5,gru,tapnet-Heartbeat,4,10,1.0,2.0,2.0,2.0,2.0,1.0,2.0,2.0,2.0,2.0,2.0,4.0,4.0,4.0,4.0,0.0012607872486114502,18.72150230407715,1.0,0.4975609756097561,0.0,0.004033572971820831,18.72150230407715,1.0,0.4975609756097561,0.0,0.4975609756097561,2.8146040439605713,0.4975609756097561,2.8146040439605713,0.0,0.0,0.0,0
93,rankdad,0.0001,32,3,5,gru,tapnet-Heartbeat,4,10,1.0,2.0,2.0,2.0,2.0,1.0,2.0,2.0,2.0,2.0,2.0,4.0,4.0,4.0,4.0,0.0012294352054595947,18.79928970336914,1.0,0.4975609756097561,0.0,0.003938600420951843,18.79928970336914,1.0,0.4975609756097561,0.0,0.4975609756097561,2.8252458572387695,0.4975609756097561,2.8252458572387695,0.0,0.0,0.0,0
94,rankdad,0.0001,32,3,5,gru,tapnet-Heartbeat,4,10,1.0,2.0,2.0,2.0,2.0,1.0,2.0,2.0,2.0,2.0,2.0,4.0,4.0,4.0,4.0,0.0011990517377853394,18.87464141845703,1.0,0.4975609756097561,0.0,0.0038475152105093002,18.87464141845703,1.0,0.4975609756097561,0.0,0.4975609756097561,2.835167407989502,0.4975609756097561,2.835167407989502,0.0,0.0,0.0,0
95,rankdad,0.0001,32,3,5,gru,tapnet-Heartbeat,4,10,1.0,2.0,2.0,2.0,2.0,1.0,2.0,2.0,2.0,2.0,2.0,4.0,4.0,4.0,4.0,0.0011705979704856873,18.94843101501465,1.0,0.4975609756097561,0.0,0.0037601999938488007,18.94843101501465,1.0,0.4975609756097561,0.0,0.4975609756097561,2.8448808193206787,0.4975609756097561,2.8448808193206787,0.0,0.0,0.0,0
96,rankdad,0.0001,32,3,5,gru,tapnet-Heartbeat,4,10,1.0,2.0,2.0,2.0,2.0,1.0,2.0,2.0,2.0,2.0,2.0,4.0,4.0,4.0,4.0,0.0011433213949203491,19.021541595458984,1.0,0.4975609756097561,0.0,0.003676522523164749,19.021541595458984,1.0,0.4975609756097561,0.0,0.4975609756097561,2.8546388149261475,0.4975609756097561,2.8546388149261475,0.0,0.0,0.0,0
97,rankdad,0.0001,32,3,5,gru,tapnet-Heartbeat,4,10,1.0,2.0,2.0,2.0,2.0,1.0,2.0,2.0,2.0,2.0,2.0,4.0,4.0,4.0,4.0,0.0011168792843818665,19.09505271911621,1.0,0.4975609756097561,0.0,0.003596007823944092,19.09505271911621,1.0,0.4975609756097561,0.0,0.4975609756097561,2.8648221492767334,0.4975609756097561,2.8648221492767334,0.0,0.0,0.0,0
98,rankdad,0.0001,32,3,5,gru,tapnet-Heartbeat,4,10,1.0,2.0,2.0,2.0,2.0,1.0,2.0,2.0,2.0,2.0,2.0,4.0,4.0,4.0,4.0,0.0010908767580986023,19.1690616607666,1.0,0.4975609756097561,0.0,0.003518521785736084,19.1690616607666,1.0,0.4975609756097561,0.0,0.4975609756097561,2.875427722930908,0.4975609756097561,2.875427722930908,0.0,0.0,0.0,0
99,rankdad,0.0001,32,3,5,gru,tapnet-Heartbeat,4,10,1.0,2.0,2.0,2.0,2.0,1.0,2.0,2.0,2.0,2.0,2.0,4.0,4.0,4.0,4.0,0.0010651350021362305,19.242870330810547,1.0,0.4975609756097561,0.0,0.0034443847835063934,19.242870330810547,1.0,0.4975609756097561,0.0,0.4975609756097561,2.886178493499756,0.4975609756097561,2.886178493499756,0.0,0.0,0.0,0
