epoch,mode,lr,batch_size,k,kf,model,dataset,rank,numiterations,"effective_rank_site_0_Linear(in_features=256, out_features=20, bias=False)0","effective_rank_site_0_Linear(in_features=512, out_features=256, bias=False)2","effective_rank_site_0_FakeLinear(input_features=11648, output_features=512, bias=False)4","effective_rank_site_0_Linear(in_features=64, out_features=192, bias=False)6","effective_rank_site_0_Linear(in_features=3, out_features=192, bias=False)7","effective_rank_site_1_Linear(in_features=256, out_features=20, bias=False)0","effective_rank_site_1_Linear(in_features=512, out_features=256, bias=False)2","effective_rank_site_1_FakeLinear(input_features=11648, output_features=512, bias=False)4","effective_rank_site_1_Linear(in_features=64, out_features=192, bias=False)6","effective_rank_site_1_Linear(in_features=3, out_features=192, bias=False)7","effective_rank_site_agg_Linear(in_features=256, out_features=20, bias=False)0","effective_rank_site_agg_Linear(in_features=512, out_features=256, bias=False)2","effective_rank_site_agg_FakeLinear(input_features=11648, output_features=512, bias=False)4","effective_rank_site_agg_Linear(in_features=64, out_features=192, bias=False)6","effective_rank_site_agg_Linear(in_features=3, out_features=192, bias=False)7",train_loss_site_0,test_loss_site_0,train_acc_site_0,test_acc_site_0,val_acc_site_0,train_loss_site_1,test_loss_site_1,train_acc_site_1,test_acc_site_1,val_acc_site_1,test_acc_avg,test_loss_avg,test_acc_ensemble,test_loss_ensemble,val_acc_avg,val_loss_avg,val_acc_ensemble,val_loss_ensemble
0,rankdad,0.0001,32,0,5,gru,tapnet-CharacterTrajectories,16,10,9.88888888888889,12.833333333333334,13.11111111111111,13.222222222222221,3.0555555555555554,9.944444444444445,12.777777777777779,13.11111111111111,12.944444444444445,3.111111111111111,19.833333333333332,25.61111111111111,26.22222222222222,26.166666666666668,6.166666666666667,1.5538679361343384,65.52851867675781,0.5,0.7444289693593314,0.0,1.508293628692627,65.52851867675781,0.5422794117647058,0.7444289693593314,0.0,0.7444289693593314,0.4571126401424408,0.7444289693593314,0.4571126401424408,0.0,0.0,0.0,0
1,rankdad,0.0001,32,0,5,gru,tapnet-CharacterTrajectories,16,10,11.055555555555555,13.166666666666666,12.944444444444445,11.88888888888889,2.888888888888889,10.88888888888889,12.722222222222221,12.944444444444445,12.722222222222221,2.8333333333333335,21.944444444444443,25.88888888888889,25.88888888888889,24.61111111111111,5.722222222222222,0.737176775932312,32.17125701904297,0.7886029411764706,0.8474930362116991,0.0,0.5730979442596436,32.17125701904297,0.8198529411764706,0.8474930362116991,0.0,0.8474930362116991,0.08213008940219879,0.8474930362116991,0.08213008940219879,0.0,0.0,0.0,0
2,rankdad,0.0001,32,0,5,gru,tapnet-CharacterTrajectories,16,10,12.11111111111111,12.5,13.166666666666666,12.277777777777779,3.0,11.722222222222221,13.0,12.88888888888889,11.666666666666666,2.8333333333333335,23.833333333333332,25.5,26.055555555555557,23.944444444444443,5.833333333333333,0.418495774269104,20.3862247467041,0.8584558823529411,0.8885793871866295,0.0,0.29589688777923584,20.3862247467041,0.8897058823529411,0.8885793871866295,0.0,0.8885793871866295,0.03996416553854942,0.8885793871866295,0.03996416553854942,0.0,0.0,0.0,0
3,rankdad,0.0001,32,0,5,gru,tapnet-CharacterTrajectories,16,10,11.61111111111111,12.444444444444445,12.722222222222221,11.833333333333334,3.111111111111111,11.0,12.722222222222221,12.444444444444445,12.722222222222221,2.9444444444444446,22.61111111111111,25.166666666666668,25.166666666666668,24.555555555555557,6.055555555555555,0.254604697227478,15.036737442016602,0.9117647058823529,0.91991643454039,0.0,0.19717536866664886,15.036737442016602,0.9301470588235294,0.91991643454039,0.0,0.91991643454039,0.02586851827800274,0.91991643454039,0.02586851827800274,0.0,0.0,0.0,0
4,rankdad,0.0001,32,0,5,gru,tapnet-CharacterTrajectories,16,10,11.444444444444445,12.277777777777779,12.944444444444445,11.666666666666666,3.0555555555555554,11.5,11.277777777777779,13.222222222222221,12.0,2.7777777777777777,22.944444444444443,23.555555555555557,26.166666666666668,23.666666666666668,5.833333333333333,0.17287848889827728,11.950847625732422,0.9485294117647058,0.9380222841225627,0.0,0.14348909258842468,11.950847625732422,0.9577205882352942,0.9380222841225627,0.0,0.9380222841225627,0.018620967864990234,0.9380222841225627,0.018620967864990234,0.0,0.0,0.0,0
5,rankdad,0.0001,32,0,5,gru,tapnet-CharacterTrajectories,16,10,11.722222222222221,12.555555555555555,13.0,12.555555555555555,2.888888888888889,11.333333333333334,12.666666666666666,12.555555555555555,12.666666666666666,2.9444444444444446,23.055555555555557,25.22222222222222,25.555555555555557,25.22222222222222,5.833333333333333,0.12331914901733398,9.96011734008789,0.9595588235294118,0.9519498607242339,0.0,0.10926050692796707,9.96011734008789,0.9650735294117647,0.9519498607242339,0.0,0.9519498607242339,0.015898261219263077,0.9519498607242339,0.015898261219263077,0.0,0.0,0.0,0
6,rankdad,0.0001,32,0,5,gru,tapnet-CharacterTrajectories,16,10,12.0,12.11111111111111,12.61111111111111,11.833333333333334,3.0,11.666666666666666,12.222222222222221,12.722222222222221,11.722222222222221,3.0,23.666666666666668,24.333333333333332,25.333333333333332,23.555555555555557,6.0,0.09363003075122833,8.606681823730469,0.9669117647058824,0.9603064066852368,0.0,0.08662001043558121,8.606681823730469,0.9705882352941176,0.9603064066852368,0.0,0.9603064066852368,0.013214162550866604,0.9603064066852368,0.013214162550866604,0.0,0.0,0.0,0
7,rankdad,0.0001,32,0,5,gru,tapnet-CharacterTrajectories,16,10,11.833333333333334,12.38888888888889,12.444444444444445,12.666666666666666,3.1666666666666665,12.055555555555555,12.722222222222221,12.833333333333334,11.944444444444445,3.0555555555555554,23.88888888888889,25.11111111111111,25.27777777777778,24.61111111111111,6.222222222222222,0.07414171099662781,7.660655975341797,0.9797794117647058,0.9616991643454039,0.0,0.06904967874288559,7.660655975341797,0.9797794117647058,0.9616991643454039,0.0,0.9616991643454039,0.01103821862488985,0.9616991643454039,0.01103821862488985,0.0,0.0,0.0,0
8,rankdad,0.0001,32,0,5,gru,tapnet-CharacterTrajectories,16,10,12.055555555555555,12.61111111111111,12.166666666666666,11.944444444444445,2.8333333333333335,11.11111111111111,12.777777777777779,12.444444444444445,12.333333333333334,2.9444444444444446,23.166666666666668,25.38888888888889,24.61111111111111,24.27777777777778,5.777777777777778,0.0607193261384964,6.950523853302002,0.9834558823529411,0.9651810584958217,0.0,0.05731883645057678,6.950523853302002,0.9834558823529411,0.9651810584958217,0.0,0.9651810584958217,0.009385756216943264,0.9651810584958217,0.009385756216943264,0.0,0.0,0.0,0
9,rankdad,0.0001,32,0,5,gru,tapnet-CharacterTrajectories,16,10,11.666666666666666,11.833333333333334,12.944444444444445,12.277777777777779,3.2777777777777777,11.0,13.055555555555555,13.055555555555555,13.166666666666666,3.1666666666666665,22.666666666666668,24.88888888888889,26.0,25.444444444444443,6.444444444444445,0.05004476010799408,6.414045810699463,0.9871323529411765,0.967966573816156,0.0,0.04909582436084747,6.414045810699463,0.9908088235294118,0.967966573816156,0.0,0.967966573816156,0.008074368350207806,0.967966573816156,0.008074368350207806,0.0,0.0,0.0,0
10,rankdad,0.0001,32,0,5,gru,tapnet-CharacterTrajectories,16,10,11.944444444444445,12.166666666666666,13.166666666666666,12.555555555555555,3.111111111111111,11.38888888888889,12.166666666666666,12.444444444444445,12.88888888888889,2.888888888888889,23.333333333333332,24.333333333333332,25.61111111111111,25.444444444444443,6.0,0.04172073304653168,5.973703384399414,0.9926470588235294,0.9693593314763231,0.0,0.042500123381614685,5.973703384399414,0.9926470588235294,0.9693593314763231,0.0,0.9693593314763231,0.0070068323984742165,0.9693593314763231,0.0070068323984742165,0.0,0.0,0.0,0
11,rankdad,0.0001,32,0,5,gru,tapnet-CharacterTrajectories,16,10,12.0,12.777777777777779,13.055555555555555,13.0,2.9444444444444446,11.333333333333334,11.666666666666666,13.055555555555555,12.11111111111111,3.0555555555555554,23.333333333333332,24.444444444444443,26.11111111111111,25.11111111111111,6.0,0.035545215010643005,5.6338210105896,0.9963235294117647,0.9700557103064067,0.0,0.03691595792770386,5.6338210105896,0.9944852941176471,0.9700557103064067,0.0,0.9700557103064067,0.006334015168249607,0.9700557103064067,0.006334015168249607,0.0,0.0,0.0,0
12,rankdad,0.0001,32,0,5,gru,tapnet-CharacterTrajectories,16,10,11.444444444444445,13.055555555555555,13.055555555555555,12.61111111111111,2.888888888888889,11.222222222222221,12.166666666666666,13.11111111111111,11.88888888888889,3.0,22.666666666666668,25.22222222222222,26.166666666666668,24.5,5.888888888888889,0.030727028846740723,5.359079360961914,0.9963235294117647,0.9728412256267409,0.0,0.03206411004066467,5.359079360961914,0.9944852941176471,0.9728412256267409,0.0,0.9728412256267409,0.005775281228125095,0.9728412256267409,0.005775281228125095,0.0,0.0,0.0,0
13,rankdad,0.0001,32,0,5,gru,tapnet-CharacterTrajectories,16,10,11.722222222222221,12.5,12.444444444444445,12.277777777777779,2.9444444444444446,10.11111111111111,12.333333333333334,12.333333333333334,13.11111111111111,3.0,21.833333333333332,24.833333333333332,24.77777777777778,25.38888888888889,5.944444444444445,0.025896400213241577,5.139169692993164,0.9981617647058824,0.9728412256267409,0.0,0.028533384203910828,5.139169692993164,0.9963235294117647,0.9728412256267409,0.0,0.9728412256267409,0.005347353871911764,0.9728412256267409,0.005347353871911764,0.0,0.0,0.0,0
14,rankdad,0.0001,32,0,5,gru,tapnet-CharacterTrajectories,16,10,11.38888888888889,12.61111111111111,12.722222222222221,12.944444444444445,3.2777777777777777,11.166666666666666,12.166666666666666,13.166666666666666,13.222222222222221,3.388888888888889,22.555555555555557,24.77777777777778,25.88888888888889,26.166666666666668,6.666666666666667,0.02293907105922699,4.947295665740967,1.0,0.974233983286908,0.0,0.025067031383514404,4.947295665740967,0.9981617647058824,0.974233983286908,0.0,0.974233983286908,0.0049699717201292515,0.974233983286908,0.0049699717201292515,0.0,0.0,0.0,0
15,rankdad,0.0001,32,0,5,gru,tapnet-CharacterTrajectories,16,10,11.722222222222221,12.88888888888889,12.88888888888889,12.444444444444445,2.8333333333333335,11.333333333333334,12.277777777777779,13.0,12.777777777777779,3.0555555555555554,23.055555555555557,25.166666666666668,25.88888888888889,25.22222222222222,5.888888888888889,0.020438477396965027,4.782619953155518,1.0,0.9749303621169917,0.0,0.022380337119102478,4.782619953155518,0.9981617647058824,0.9749303621169917,0.0,0.9749303621169917,0.004602040629833937,0.9749303621169917,0.004602040629833937,0.0,0.0,0.0,0
16,rankdad,0.0001,32,0,5,gru,tapnet-CharacterTrajectories,16,10,11.777777777777779,12.61111111111111,12.5,12.833333333333334,3.0,10.944444444444445,11.944444444444445,12.777777777777779,12.722222222222221,3.0555555555555554,22.72222222222222,24.555555555555557,25.27777777777778,25.555555555555557,6.055555555555555,0.01791192591190338,4.639751434326172,1.0,0.9756267409470752,0.0,0.019862741231918335,4.639751434326172,0.9981617647058824,0.9756267409470752,0.0,0.9756267409470752,0.004279630724340677,0.9756267409470752,0.004279630724340677,0.0,0.0,0.0,0
17,rankdad,0.0001,32,0,5,gru,tapnet-CharacterTrajectories,16,10,11.722222222222221,12.88888888888889,12.38888888888889,12.777777777777779,3.0555555555555554,11.166666666666666,12.38888888888889,13.0,13.11111111111111,3.0555555555555554,22.88888888888889,25.27777777777778,25.38888888888889,25.88888888888889,6.111111111111111,0.016120433807373047,4.502889156341553,1.0,0.9763231197771588,0.0,0.01759020984172821,4.502889156341553,1.0,0.9763231197771588,0.0,0.9763231197771588,0.003994516097009182,0.9763231197771588,0.003994516097009182,0.0,0.0,0.0,0
18,rankdad,0.0001,32,0,5,gru,tapnet-CharacterTrajectories,16,10,11.11111111111111,12.722222222222221,12.777777777777779,12.5,3.111111111111111,10.833333333333334,13.0,13.055555555555555,12.666666666666666,3.0555555555555554,21.944444444444443,25.72222222222222,25.833333333333332,25.166666666666668,6.166666666666667,0.01462697982788086,4.368889808654785,1.0,0.9763231197771588,0.0,0.015739426016807556,4.368889808654785,1.0,0.9763231197771588,0.0,0.9763231197771588,0.0037708792369812727,0.9763231197771588,0.0037708792369812727,0.0,0.0,0.0,0
19,rankdad,0.0001,32,0,5,gru,tapnet-CharacterTrajectories,16,10,11.444444444444445,12.777777777777779,13.11111111111111,13.166666666666666,3.2222222222222223,10.666666666666666,12.61111111111111,12.944444444444445,13.11111111111111,3.0555555555555554,22.11111111111111,25.38888888888889,26.055555555555557,26.27777777777778,6.277777777777778,0.013392850756645203,4.265420436859131,1.0,0.9770194986072424,0.0,0.014024883508682251,4.265420436859131,1.0,0.9770194986072424,0.0,0.9770194986072424,0.0035202333237975836,0.9770194986072424,0.0035202333237975836,0.0,0.0,0.0,0
20,rankdad,0.0001,32,0,5,gru,tapnet-CharacterTrajectories,16,10,11.222222222222221,12.666666666666666,13.11111111111111,13.11111111111111,3.1666666666666665,11.38888888888889,12.944444444444445,13.11111111111111,13.222222222222221,2.888888888888889,22.61111111111111,25.61111111111111,26.22222222222222,26.333333333333332,6.055555555555555,0.012169837951660156,4.179535388946533,1.0,0.9777158774373259,0.0,0.012797415256500244,4.179535388946533,1.0,0.9777158774373259,0.0,0.9777158774373259,0.003344740252941847,0.9777158774373259,0.003344740252941847,0.0,0.0,0.0,0
21,rankdad,0.0001,32,0,5,gru,tapnet-CharacterTrajectories,16,10,11.5,12.833333333333334,13.055555555555555,12.555555555555555,3.2777777777777777,10.38888888888889,12.722222222222221,12.833333333333334,13.222222222222221,3.5,21.88888888888889,25.555555555555557,25.88888888888889,25.77777777777778,6.777777777777778,0.011208608746528625,4.113487720489502,1.0,0.9784122562674095,0.0,0.011445298790931702,4.113487720489502,1.0,0.9784122562674095,0.0,0.9784122562674095,0.0031368222553282976,0.9784122562674095,0.0031368222553282976,0.0,0.0,0.0,0
22,rankdad,0.0001,32,0,5,gru,tapnet-CharacterTrajectories,16,10,11.555555555555555,12.833333333333334,13.166666666666666,13.055555555555555,3.2222222222222223,10.555555555555555,12.722222222222221,12.833333333333334,13.222222222222221,2.9444444444444446,22.11111111111111,25.555555555555557,26.0,26.27777777777778,6.166666666666667,0.010237827897071838,4.0564398765563965,1.0,0.9784122562674095,0.0,0.010387182235717773,4.0564398765563965,1.0,0.9784122562674095,0.0,0.9784122562674095,0.0029843193478882313,0.9784122562674095,0.0029843193478882313,0.0,0.0,0.0,0
23,rankdad,0.0001,32,0,5,gru,tapnet-CharacterTrajectories,16,10,11.38888888888889,12.777777777777779,12.555555555555555,12.944444444444445,2.9444444444444446,11.333333333333334,12.833333333333334,12.722222222222221,13.166666666666666,3.0555555555555554,22.72222222222222,25.61111111111111,25.27777777777778,26.11111111111111,6.0,0.009526580572128296,3.9939956665039062,1.0,0.9784122562674095,0.0,0.00952903926372528,3.9939956665039062,1.0,0.9784122562674095,0.0,0.9784122562674095,0.002850379329174757,0.9784122562674095,0.002850379329174757,0.0,0.0,0.0,0
24,rankdad,0.0001,32,0,5,gru,tapnet-CharacterTrajectories,16,10,11.277777777777779,12.833333333333334,13.166666666666666,12.777777777777779,3.2222222222222223,10.88888888888889,12.88888888888889,12.777777777777779,13.222222222222221,3.0555555555555554,22.166666666666668,25.72222222222222,25.944444444444443,26.0,6.277777777777778,0.008804038166999817,3.9456043243408203,1.0,0.9784122562674095,0.0,0.008681714534759521,3.9456043243408203,1.0,0.9784122562674095,0.0,0.9784122562674095,0.0027050289791077375,0.9784122562674095,0.0027050289791077375,0.0,0.0,0.0,0
25,rankdad,0.0001,32,0,5,gru,tapnet-CharacterTrajectories,16,10,12.0,12.944444444444445,13.11111111111111,13.11111111111111,3.0,10.88888888888889,12.61111111111111,12.61111111111111,13.222222222222221,3.1666666666666665,22.88888888888889,25.555555555555557,25.72222222222222,26.333333333333332,6.166666666666667,0.008185818791389465,3.9001431465148926,1.0,0.9784122562674095,0.0,0.007966607809066772,3.9001431465148926,1.0,0.9784122562674095,0.0,0.9784122562674095,0.002584712812677026,0.9784122562674095,0.002584712812677026,0.0,0.0,0.0,0
26,rankdad,0.0001,32,0,5,gru,tapnet-CharacterTrajectories,16,10,11.555555555555555,13.055555555555555,13.0,13.0,2.9444444444444446,10.555555555555555,12.61111111111111,12.777777777777779,12.722222222222221,3.0555555555555554,22.11111111111111,25.666666666666668,25.77777777777778,25.72222222222222,6.0,0.0076189786195755005,3.8601675033569336,1.0,0.9784122562674095,0.0,0.007344722747802734,3.8601675033569336,1.0,0.9784122562674095,0.0,0.9784122562674095,0.0024778502993285656,0.9784122562674095,0.0024778502993285656,0.0,0.0,0.0,0
27,rankdad,0.0001,32,0,5,gru,tapnet-CharacterTrajectories,16,10,11.444444444444445,13.11111111111111,13.11111111111111,13.222222222222221,2.9444444444444446,10.777777777777779,12.666666666666666,12.38888888888889,12.722222222222221,3.0555555555555554,22.22222222222222,25.77777777777778,25.5,25.944444444444443,6.0,0.00710982084274292,3.82438588142395,1.0,0.9784122562674095,0.0,0.006753250956535339,3.82438588142395,1.0,0.9784122562674095,0.0,0.9784122562674095,0.0023589134216308594,0.9784122562674095,0.0023589134216308594,0.0,0.0,0.0,0
28,rankdad,0.0001,32,0,5,gru,tapnet-CharacterTrajectories,16,10,11.88888888888889,12.833333333333334,13.055555555555555,13.055555555555555,3.111111111111111,10.833333333333334,12.61111111111111,12.38888888888889,12.5,3.111111111111111,22.72222222222222,25.444444444444443,25.444444444444443,25.555555555555557,6.222222222222222,0.006706595420837402,3.794140338897705,1.0,0.979108635097493,0.0,0.006267383694648743,3.794140338897705,1.0,0.979108635097493,0.0,0.979108635097493,0.0022776296827942133,0.979108635097493,0.0022776296827942133,0.0,0.0,0.0,0
29,rankdad,0.0001,32,0,5,gru,tapnet-CharacterTrajectories,16,10,12.11111111111111,13.0,13.11111111111111,13.166666666666666,3.0,10.944444444444445,12.555555555555555,12.555555555555555,12.61111111111111,3.111111111111111,23.055555555555557,25.555555555555557,25.666666666666668,25.77777777777778,6.111111111111111,0.006285756826400757,3.7656569480895996,1.0,0.979108635097493,0.0,0.005802944302558899,3.7656569480895996,1.0,0.979108635097493,0.0,0.979108635097493,0.0021830457262694836,0.979108635097493,0.0021830457262694836,0.0,0.0,0.0,0
30,rankdad,0.0001,32,0,5,gru,tapnet-CharacterTrajectories,16,10,11.444444444444445,12.555555555555555,12.833333333333334,12.666666666666666,2.9444444444444446,10.555555555555555,12.5,12.333333333333334,12.666666666666666,3.1666666666666665,22.0,25.055555555555557,25.166666666666668,25.333333333333332,6.111111111111111,0.005942255258560181,3.7402796745300293,1.0,0.979108635097493,0.0,0.00537070631980896,3.7402796745300293,1.0,0.979108635097493,0.0,0.979108635097493,0.002089807065203786,0.979108635097493,0.002089807065203786,0.0,0.0,0.0,0
31,rankdad,0.0001,32,0,5,gru,tapnet-CharacterTrajectories,16,10,11.61111111111111,12.833333333333334,12.666666666666666,12.722222222222221,3.111111111111111,11.222222222222221,12.277777777777779,12.555555555555555,12.11111111111111,2.8333333333333335,22.833333333333332,25.11111111111111,25.22222222222222,24.833333333333332,5.944444444444445,0.0056035518646240234,3.713388442993164,1.0,0.979108635097493,0.0,0.0050118714570999146,3.713388442993164,1.0,0.979108635097493,0.0,0.979108635097493,0.002019541570916772,0.979108635097493,0.002019541570916772,0.0,0.0,0.0,0
32,rankdad,0.0001,32,0,5,gru,tapnet-CharacterTrajectories,16,10,11.166666666666666,12.777777777777779,12.944444444444445,12.61111111111111,3.2777777777777777,11.277777777777779,12.666666666666666,11.88888888888889,12.833333333333334,3.2777777777777777,22.444444444444443,25.444444444444443,24.833333333333332,25.444444444444443,6.555555555555555,0.005321145057678223,3.6908974647521973,1.0,0.979108635097493,0.0,0.004661813378334045,3.6908974647521973,1.0,0.979108635097493,0.0,0.979108635097493,0.001929538557305932,0.979108635097493,0.001929538557305932,0.0,0.0,0.0,0
33,rankdad,0.0001,32,0,5,gru,tapnet-CharacterTrajectories,16,10,11.944444444444445,12.833333333333334,13.0,13.222222222222221,3.1666666666666665,10.833333333333334,12.277777777777779,12.38888888888889,13.11111111111111,3.388888888888889,22.77777777777778,25.11111111111111,25.38888888888889,26.333333333333332,6.555555555555555,0.004984527826309204,3.676029920578003,1.0,0.979108635097493,0.0,0.004388779401779175,3.676029920578003,1.0,0.979108635097493,0.0,0.979108635097493,0.0018534660339355469,0.979108635097493,0.0018534660339355469,0.0,0.0,0.0,0
34,rankdad,0.0001,32,0,5,gru,tapnet-CharacterTrajectories,16,10,12.0,12.38888888888889,13.0,13.222222222222221,2.9444444444444446,11.222222222222221,12.277777777777779,13.0,12.555555555555555,3.0555555555555554,23.22222222222222,24.666666666666668,26.0,25.77777777777778,6.0,0.0047449469566345215,3.6577792167663574,1.0,0.979108635097493,0.0,0.004136860370635986,3.6577792167663574,1.0,0.979108635097493,0.0,0.979108635097493,0.001780339633114636,0.979108635097493,0.001780339633114636,0.0,0.0,0.0,0
35,rankdad,0.0001,32,0,5,gru,tapnet-CharacterTrajectories,16,10,11.944444444444445,12.277777777777779,12.444444444444445,12.777777777777779,3.1666666666666665,11.0,12.11111111111111,12.61111111111111,12.777777777777779,3.0555555555555554,22.944444444444443,24.38888888888889,25.055555555555557,25.555555555555557,6.222222222222222,0.004487544298171997,3.6429741382598877,1.0,0.979108635097493,0.0,0.003877505660057068,3.6429741382598877,1.0,0.979108635097493,0.0,0.979108635097493,0.0017136165406554937,0.979108635097493,0.0017136165406554937,0.0,0.0,0.0,0
36,rankdad,0.0001,32,0,5,gru,tapnet-CharacterTrajectories,16,10,11.61111111111111,12.722222222222221,12.277777777777779,13.222222222222221,3.2777777777777777,10.833333333333334,12.722222222222221,12.666666666666666,12.777777777777779,3.0,22.444444444444443,25.444444444444443,24.944444444444443,26.0,6.277777777777778,0.0043367743492126465,3.6193392276763916,1.0,0.9798050139275766,0.0,0.003703981637954712,3.6193392276763916,1.0,0.9798050139275766,0.0,0.9798050139275766,0.0016474382719025016,0.9798050139275766,0.0016474382719025016,0.0,0.0,0.0,0
37,rankdad,0.0001,32,0,5,gru,tapnet-CharacterTrajectories,16,10,11.555555555555555,12.61111111111111,12.88888888888889,13.0,3.1666666666666665,11.444444444444445,12.444444444444445,12.722222222222221,12.722222222222221,3.2222222222222223,23.0,25.055555555555557,25.61111111111111,25.72222222222222,6.388888888888889,0.004057198762893677,3.620016098022461,1.0,0.979108635097493,0.0,0.0034645646810531616,3.620016098022461,1.0,0.979108635097493,0.0,0.979108635097493,0.0015833718935027719,0.979108635097493,0.0015833718935027719,0.0,0.0,0.0,0
38,rankdad,0.0001,32,0,5,gru,tapnet-CharacterTrajectories,16,10,11.61111111111111,12.055555555555555,12.61111111111111,13.222222222222221,3.0555555555555554,11.61111111111111,12.666666666666666,12.277777777777779,13.166666666666666,3.2222222222222223,23.22222222222222,24.72222222222222,24.88888888888889,26.38888888888889,6.277777777777778,0.0038430392742156982,3.6115286350250244,1.0,0.979108635097493,0.0,0.0032446086406707764,3.6115286350250244,1.0,0.979108635097493,0.0,0.979108635097493,0.001524959341622889,0.979108635097493,0.001524959341622889,0.0,0.0,0.0,0
39,rankdad,0.0001,32,0,5,gru,tapnet-CharacterTrajectories,16,10,12.0,12.777777777777779,12.833333333333334,13.166666666666666,3.0,11.055555555555555,12.277777777777779,12.666666666666666,12.61111111111111,2.9444444444444446,23.055555555555557,25.055555555555557,25.5,25.77777777777778,5.944444444444445,0.003676801919937134,3.5947115421295166,1.0,0.979108635097493,0.0,0.0030852854251861572,3.5947115421295166,1.0,0.979108635097493,0.0,0.979108635097493,0.0014771734131500125,0.979108635097493,0.0014771734131500125,0.0,0.0,0.0,0
40,rankdad,0.0001,32,0,5,gru,tapnet-CharacterTrajectories,16,10,12.055555555555555,12.555555555555555,13.0,13.222222222222221,2.9444444444444446,11.166666666666666,12.055555555555555,12.38888888888889,12.333333333333334,2.888888888888889,23.22222222222222,24.61111111111111,25.38888888888889,25.555555555555557,5.833333333333333,0.0035231411457061768,3.581054210662842,1.0,0.979108635097493,0.0,0.002903759479522705,3.581054210662842,1.0,0.979108635097493,0.0,0.979108635097493,0.001427922979928553,0.979108635097493,0.001427922979928553,0.0,0.0,0.0,0
41,rankdad,0.0001,32,0,5,gru,tapnet-CharacterTrajectories,16,10,11.61111111111111,12.666666666666666,13.055555555555555,12.166666666666666,2.9444444444444446,11.444444444444445,12.222222222222221,12.38888888888889,12.833333333333334,3.1666666666666665,23.055555555555557,24.88888888888889,25.444444444444443,25.0,6.111111111111111,0.003339827060699463,3.572782278060913,1.0,0.979108635097493,0.0,0.00277024507522583,3.572782278060913,1.0,0.979108635097493,0.0,0.979108635097493,0.0013808863004669547,0.979108635097493,0.0013808863004669547,0.0,0.0,0.0,0
42,rankdad,0.0001,32,0,5,gru,tapnet-CharacterTrajectories,16,10,12.11111111111111,12.5,12.944444444444445,13.222222222222221,3.2222222222222223,10.833333333333334,12.0,12.166666666666666,12.166666666666666,3.5,22.944444444444443,24.5,25.11111111111111,25.38888888888889,6.722222222222222,0.0032154321670532227,3.5646891593933105,1.0,0.979108635097493,0.0,0.002613082528114319,3.5646891593933105,1.0,0.979108635097493,0.0,0.979108635097493,0.0013356889830902219,0.979108635097493,0.0013356889830902219,0.0,0.0,0.0,0
43,rankdad,0.0001,32,0,5,gru,tapnet-CharacterTrajectories,16,10,11.777777777777779,12.333333333333334,12.11111111111111,12.666666666666666,3.0,11.222222222222221,12.166666666666666,12.666666666666666,12.833333333333334,3.388888888888889,23.0,24.5,24.77777777777778,25.5,6.388888888888889,0.003058016300201416,3.5562403202056885,1.0,0.979108635097493,0.0,0.0025004297494888306,3.5562403202056885,1.0,0.979108635097493,0.0,0.979108635097493,0.001298223272897303,0.979108635097493,0.001298223272897303,0.0,0.0,0.0,0
44,rankdad,0.0001,32,0,5,gru,tapnet-CharacterTrajectories,16,10,11.555555555555555,12.61111111111111,12.166666666666666,13.222222222222221,2.9444444444444446,11.722222222222221,12.0,11.944444444444445,12.88888888888889,3.111111111111111,23.27777777777778,24.61111111111111,24.11111111111111,26.11111111111111,6.055555555555555,0.002926468849182129,3.54809832572937,1.0,0.979108635097493,0.0,0.0023853927850723267,3.54809832572937,1.0,0.979108635097493,0.0,0.979108635097493,0.0012561252806335688,0.979108635097493,0.0012561252806335688,0.0,0.0,0.0,0
45,rankdad,0.0001,32,0,5,gru,tapnet-CharacterTrajectories,16,10,11.777777777777779,12.944444444444445,12.666666666666666,13.222222222222221,3.2777777777777777,11.666666666666666,11.944444444444445,12.5,13.222222222222221,3.611111111111111,23.444444444444443,24.88888888888889,25.166666666666668,26.444444444444443,6.888888888888889,0.0028231143951416016,3.5408754348754883,1.0,0.979108635097493,0.0,0.002270743250846863,3.5408754348754883,1.0,0.979108635097493,0.0,0.979108635097493,0.0012257099151611328,0.979108635097493,0.0012257099151611328,0.0,0.0,0.0,0
46,rankdad,0.0001,32,0,5,gru,tapnet-CharacterTrajectories,16,10,12.0,12.88888888888889,12.666666666666666,13.11111111111111,3.388888888888889,11.055555555555555,11.666666666666666,12.166666666666666,13.0,2.888888888888889,23.055555555555557,24.555555555555557,24.833333333333332,26.11111111111111,6.277777777777778,0.0027099251747131348,3.53643798828125,1.0,0.9798050139275766,0.0,0.0021629929542541504,3.53643798828125,1.0,0.9798050139275766,0.0,0.9798050139275766,0.0011881078826263547,0.9798050139275766,0.0011881078826263547,0.0,0.0,0.0,0
47,rankdad,0.0001,32,0,5,gru,tapnet-CharacterTrajectories,16,10,12.11111111111111,12.833333333333334,12.666666666666666,13.055555555555555,3.0555555555555554,11.5,11.88888888888889,12.944444444444445,12.666666666666666,2.888888888888889,23.61111111111111,24.72222222222222,25.61111111111111,25.72222222222222,5.944444444444445,0.002592235803604126,3.528334856033325,1.0,0.9798050139275766,0.0,0.002071008086204529,3.528334856033325,1.0,0.9798050139275766,0.0,0.9798050139275766,0.0011576584074646235,0.9798050139275766,0.0011576584074646235,0.0,0.0,0.0,0
48,rankdad,0.0001,32,0,5,gru,tapnet-CharacterTrajectories,16,10,12.277777777777779,12.777777777777779,12.88888888888889,13.055555555555555,3.111111111111111,10.833333333333334,11.777777777777779,12.444444444444445,13.166666666666666,2.8333333333333335,23.11111111111111,24.555555555555557,25.333333333333332,26.22222222222222,5.944444444444445,0.0024908483028411865,3.5226099491119385,1.0,0.9798050139275766,0.0,0.0019829869270324707,3.5226099491119385,1.0,0.9798050139275766,0.0,0.9798050139275766,0.0011228153016418219,0.9798050139275766,0.0011228153016418219,0.0,0.0,0.0,0
49,rankdad,0.0001,32,0,5,gru,tapnet-CharacterTrajectories,16,10,11.666666666666666,12.777777777777779,12.722222222222221,13.222222222222221,3.111111111111111,11.11111111111111,11.777777777777779,12.666666666666666,12.777777777777779,2.9444444444444446,22.77777777777778,24.555555555555557,25.38888888888889,26.0,6.055555555555555,0.002404838800430298,3.5157084465026855,1.0,0.9805013927576601,0.0,0.0018953382968902588,3.5157084465026855,1.0,0.9805013927576601,0.0,0.9805013927576601,0.0010925020324066281,0.9805013927576601,0.0010925020324066281,0.0,0.0,0.0,0
50,rankdad,0.0001,32,0,5,gru,tapnet-CharacterTrajectories,16,10,11.88888888888889,12.61111111111111,12.61111111111111,13.222222222222221,3.1666666666666665,10.833333333333334,11.944444444444445,12.777777777777779,12.5,3.111111111111111,22.72222222222222,24.555555555555557,25.38888888888889,25.72222222222222,6.277777777777778,0.00232088565826416,3.5100767612457275,1.0,0.9805013927576601,0.0,0.0018174797296524048,3.5100767612457275,1.0,0.9805013927576601,0.0,0.9805013927576601,0.0010598727967590094,0.9805013927576601,0.0010598727967590094,0.0,0.0,0.0,0
51,rankdad,0.0001,32,0,5,gru,tapnet-CharacterTrajectories,16,10,11.833333333333334,12.61111111111111,12.555555555555555,13.222222222222221,3.2222222222222223,11.166666666666666,11.555555555555555,12.333333333333334,13.0,3.1666666666666665,23.0,24.166666666666668,24.88888888888889,26.22222222222222,6.388888888888889,0.002237260341644287,3.5066051483154297,1.0,0.9805013927576601,0.0,0.0017427951097488403,3.5066051483154297,1.0,0.9805013927576601,0.0,0.9805013927576601,0.0010351112578064203,0.9805013927576601,0.0010351112578064203,0.0,0.0,0.0,0
52,rankdad,0.0001,32,0,5,gru,tapnet-CharacterTrajectories,16,10,11.777777777777779,12.444444444444445,12.555555555555555,13.222222222222221,3.388888888888889,10.666666666666666,11.333333333333334,12.166666666666666,13.222222222222221,3.0555555555555554,22.444444444444443,23.77777777777778,24.72222222222222,26.444444444444443,6.444444444444445,0.0021522045135498047,3.5042941570281982,1.0,0.9805013927576601,0.0,0.0016666501760482788,3.5042941570281982,1.0,0.9805013927576601,0.0,0.9805013927576601,0.001006977865472436,0.9805013927576601,0.001006977865472436,0.0,0.0,0.0,0
53,rankdad,0.0001,32,0,5,gru,tapnet-CharacterTrajectories,16,10,12.0,12.666666666666666,12.277777777777779,13.166666666666666,2.8333333333333335,10.11111111111111,11.88888888888889,12.222222222222221,12.944444444444445,3.3333333333333335,22.11111111111111,24.555555555555557,24.5,26.11111111111111,6.166666666666667,0.0020667314529418945,3.4990763664245605,1.0,0.9805013927576601,0.0,0.001608625054359436,3.4990763664245605,1.0,0.9805013927576601,0.0,0.9805013927576601,0.0009808540344238281,0.9805013927576601,0.0009808540344238281,0.0,0.0,0.0,0
54,rankdad,0.0001,32,0,5,gru,tapnet-CharacterTrajectories,16,10,11.944444444444445,12.555555555555555,12.11111111111111,13.0,3.5,10.833333333333334,12.0,12.333333333333334,13.222222222222221,3.1666666666666665,22.77777777777778,24.555555555555557,24.444444444444443,26.22222222222222,6.666666666666667,0.0020015835762023926,3.496579170227051,1.0,0.9805013927576601,0.0,0.0015390515327453613,3.496579170227051,1.0,0.9805013927576601,0.0,0.9805013927576601,0.0009537083678878844,0.9805013927576601,0.0009537083678878844,0.0,0.0,0.0,0
55,rankdad,0.0001,32,0,5,gru,tapnet-CharacterTrajectories,16,10,11.944444444444445,12.88888888888889,12.5,13.166666666666666,2.9444444444444446,11.277777777777779,11.777777777777779,12.277777777777779,12.666666666666666,3.111111111111111,23.22222222222222,24.666666666666668,24.77777777777778,25.833333333333332,6.055555555555555,0.001926422119140625,3.492777109146118,1.0,0.9805013927576601,0.0,0.0014850795269012451,3.492777109146118,1.0,0.9805013927576601,0.0,0.9805013927576601,0.0009302411926910281,0.9805013927576601,0.0009302411926910281,0.0,0.0,0.0,0
56,rankdad,0.0001,32,0,5,gru,tapnet-CharacterTrajectories,16,10,12.055555555555555,12.5,12.555555555555555,13.222222222222221,3.5,11.11111111111111,11.944444444444445,12.5,12.666666666666666,3.111111111111111,23.166666666666668,24.444444444444443,25.055555555555557,25.88888888888889,6.611111111111111,0.0018616020679473877,3.490323066711426,1.0,0.9805013927576601,0.0,0.0014286339282989502,3.490323066711426,1.0,0.9805013927576601,0.0,0.9805013927576601,0.0009059906005859375,0.9805013927576601,0.0009059906005859375,0.0,0.0,0.0,0
57,rankdad,0.0001,32,0,5,gru,tapnet-CharacterTrajectories,16,10,11.722222222222221,12.555555555555555,12.5,13.11111111111111,3.0555555555555554,10.38888888888889,11.38888888888889,12.666666666666666,12.88888888888889,3.0555555555555554,22.11111111111111,23.944444444444443,25.166666666666668,26.0,6.111111111111111,0.001789778470993042,3.488036632537842,1.0,0.9805013927576601,0.0,0.0013799071311950684,3.488036632537842,1.0,0.9805013927576601,0.0,0.9805013927576601,0.0008872917969711125,0.9805013927576601,0.0008872917969711125,0.0,0.0,0.0,0
58,rankdad,0.0001,32,0,5,gru,tapnet-CharacterTrajectories,16,10,11.555555555555555,12.666666666666666,12.444444444444445,12.88888888888889,3.388888888888889,11.055555555555555,11.944444444444445,12.444444444444445,12.833333333333334,2.888888888888889,22.61111111111111,24.61111111111111,24.88888888888889,25.72222222222222,6.277777777777778,0.0017356574535369873,3.485274076461792,1.0,0.9805013927576601,0.0,0.0013179779052734375,3.485274076461792,1.0,0.9805013927576601,0.0,0.9805013927576601,0.0008651869720779359,0.9805013927576601,0.0008651869720779359,0.0,0.0,0.0,0
59,rankdad,0.0001,32,0,5,gru,tapnet-CharacterTrajectories,16,10,11.833333333333334,12.555555555555555,12.722222222222221,12.944444444444445,3.0,11.38888888888889,11.944444444444445,11.944444444444445,13.11111111111111,3.388888888888889,23.22222222222222,24.5,24.666666666666668,26.055555555555557,6.388888888888889,0.001674264669418335,3.484907865524292,1.0,0.9805013927576601,0.0,0.0012771785259246826,3.484907865524292,1.0,0.9805013927576601,0.0,0.9805013927576601,0.0008447851287201047,0.9805013927576601,0.0008447851287201047,0.0,0.0,0.0,0
60,rankdad,0.0001,32,0,5,gru,tapnet-CharacterTrajectories,16,10,11.722222222222221,12.722222222222221,12.833333333333334,13.222222222222221,3.388888888888889,10.88888888888889,11.944444444444445,11.61111111111111,13.055555555555555,3.0,22.61111111111111,24.666666666666668,24.444444444444443,26.27777777777778,6.388888888888889,0.0016157925128936768,3.4828577041625977,1.0,0.9805013927576601,0.0,0.0012316703796386719,3.4828577041625977,1.0,0.9805013927576601,0.0,0.9805013927576601,0.0008260522736236453,0.9805013927576601,0.0008260522736236453,0.0,0.0,0.0,0
61,rankdad,0.0001,32,0,5,gru,tapnet-CharacterTrajectories,16,10,11.722222222222221,12.777777777777779,12.38888888888889,13.222222222222221,3.2222222222222223,11.0,11.666666666666666,12.61111111111111,12.555555555555555,3.111111111111111,22.72222222222222,24.444444444444443,25.0,25.77777777777778,6.333333333333333,0.0015633702278137207,3.4800000190734863,1.0,0.9805013927576601,0.0,0.0011967718601226807,3.4800000190734863,1.0,0.9805013927576601,0.0,0.9805013927576601,0.0008073874632827938,0.9805013927576601,0.0008073874632827938,0.0,0.0,0.0,0
62,rankdad,0.0001,32,0,5,gru,tapnet-CharacterTrajectories,16,10,11.5,12.277777777777779,12.666666666666666,13.11111111111111,3.1666666666666665,11.333333333333334,11.555555555555555,11.666666666666666,13.055555555555555,3.5555555555555554,22.833333333333332,23.833333333333332,24.333333333333332,26.166666666666668,6.722222222222222,0.0015206634998321533,3.477964162826538,1.0,0.9805013927576601,0.0,0.0011505186557769775,3.477964162826538,1.0,0.9805013927576601,0.0,0.9805013927576601,0.0007899488555267453,0.9805013927576601,0.0007899488555267453,0.0,0.0,0.0,0
63,rankdad,0.0001,32,0,5,gru,tapnet-CharacterTrajectories,16,10,11.555555555555555,12.555555555555555,12.833333333333334,13.222222222222221,3.0555555555555554,10.5,11.333333333333334,12.0,13.11111111111111,3.1666666666666665,22.055555555555557,23.88888888888889,24.833333333333332,26.333333333333332,6.222222222222222,0.0014677941799163818,3.477090835571289,1.0,0.9805013927576601,0.0,0.0011154711246490479,3.477090835571289,1.0,0.9805013927576601,0.0,0.9805013927576601,0.0007693767547607422,0.9805013927576601,0.0007693767547607422,0.0,0.0,0.0,0
64,rankdad,0.0001,32,0,5,gru,tapnet-CharacterTrajectories,16,10,11.333333333333334,12.444444444444445,12.222222222222221,12.944444444444445,3.5,11.166666666666666,11.555555555555555,12.38888888888889,12.944444444444445,3.111111111111111,22.5,24.0,24.61111111111111,25.88888888888889,6.611111111111111,0.00142630934715271,3.474283456802368,1.0,0.9805013927576601,0.0,0.0010782480239868164,3.474283456802368,1.0,0.9805013927576601,0.0,0.9805013927576601,0.0007525171386078,0.9805013927576601,0.0007525171386078,0.0,0.0,0.0,0
65,rankdad,0.0001,32,0,5,gru,tapnet-CharacterTrajectories,16,10,11.444444444444445,12.61111111111111,12.777777777777779,13.222222222222221,3.7777777777777777,10.88888888888889,11.5,11.944444444444445,12.833333333333334,3.2222222222222223,22.333333333333332,24.11111111111111,24.72222222222222,26.055555555555557,7.0,0.0013824999332427979,3.473088502883911,1.0,0.9805013927576601,0.0,0.0010443627834320068,3.473088502883911,1.0,0.9805013927576601,0.0,0.9805013927576601,0.0007387229125015438,0.9805013927576601,0.0007387229125015438,0.0,0.0,0.0,0
66,rankdad,0.0001,32,0,5,gru,tapnet-CharacterTrajectories,16,10,11.88888888888889,12.333333333333334,12.38888888888889,13.222222222222221,3.2222222222222223,10.61111111111111,11.722222222222221,12.277777777777779,12.5,3.1666666666666665,22.5,24.055555555555557,24.666666666666668,25.72222222222222,6.388888888888889,0.0013387501239776611,3.4727582931518555,1.0,0.9805013927576601,0.0,0.001013427972793579,3.4727582931518555,1.0,0.9805013927576601,0.0,0.9805013927576601,0.0007227148162201047,0.9805013927576601,0.0007227148162201047,0.0,0.0,0.0,0
67,rankdad,0.0001,32,0,5,gru,tapnet-CharacterTrajectories,16,10,11.777777777777779,12.222222222222221,12.333333333333334,13.222222222222221,2.7777777777777777,11.055555555555555,11.166666666666666,12.555555555555555,12.88888888888889,3.1666666666666665,22.833333333333332,23.38888888888889,24.88888888888889,26.11111111111111,5.944444444444445,0.0013052523136138916,3.4698073863983154,1.0,0.9805013927576601,0.0,0.0009791851043701172,3.4698073863983154,1.0,0.9805013927576601,0.0,0.9805013927576601,0.0007086481200531125,0.9805013927576601,0.0007086481200531125,0.0,0.0,0.0,0
68,rankdad,0.0001,32,0,5,gru,tapnet-CharacterTrajectories,16,10,11.722222222222221,12.166666666666666,12.5,13.222222222222221,3.0555555555555554,10.555555555555555,11.833333333333334,12.38888888888889,13.0,3.1666666666666665,22.27777777777778,24.0,24.88888888888889,26.22222222222222,6.222222222222222,0.0012625157833099365,3.470872402191162,1.0,0.9811977715877437,0.0,0.0009475648403167725,3.470872402191162,1.0,0.9811977715877437,0.0,0.9811977715877437,0.0006969656096771359,0.9811977715877437,0.0006969656096771359,0.0,0.0,0.0,0
69,rankdad,0.0001,32,0,5,gru,tapnet-CharacterTrajectories,16,10,11.61111111111111,12.722222222222221,12.444444444444445,12.833333333333334,3.111111111111111,10.666666666666666,11.38888888888889,11.277777777777779,12.666666666666666,3.5,22.27777777777778,24.11111111111111,23.72222222222222,25.5,6.611111111111111,0.001224130392074585,3.470611572265625,1.0,0.9811977715877437,0.0,0.0009177923202514648,3.470611572265625,1.0,0.9811977715877437,0.0,0.9811977715877437,0.0006808553589507937,0.9811977715877437,0.0006808553589507937,0.0,0.0,0.0,0
70,rankdad,0.0001,32,0,5,gru,tapnet-CharacterTrajectories,16,10,11.944444444444445,12.444444444444445,12.38888888888889,12.722222222222221,3.3333333333333335,11.11111111111111,11.777777777777779,12.555555555555555,13.0,3.2777777777777777,23.055555555555557,24.22222222222222,24.944444444444443,25.72222222222222,6.611111111111111,0.0011969804763793945,3.466804265975952,1.0,0.9805013927576601,0.0,0.0008873641490936279,3.466804265975952,1.0,0.9805013927576601,0.0,0.9805013927576601,0.0006678104400634766,0.9805013927576601,0.0006678104400634766,0.0,0.0,0.0,0
71,rankdad,0.0001,32,0,5,gru,tapnet-CharacterTrajectories,16,10,11.61111111111111,12.333333333333334,12.055555555555555,12.833333333333334,2.888888888888889,11.277777777777779,12.055555555555555,12.11111111111111,13.11111111111111,3.0,22.88888888888889,24.38888888888889,24.166666666666668,25.944444444444443,5.888888888888889,0.001162022352218628,3.4676125049591064,1.0,0.9811977715877437,0.0,0.0008585453033447266,3.4676125049591064,1.0,0.9811977715877437,0.0,0.9811977715877437,0.0006556170410476625,0.9811977715877437,0.0006556170410476625,0.0,0.0,0.0,0
72,rankdad,0.0001,32,0,5,gru,tapnet-CharacterTrajectories,16,10,12.0,12.5,12.61111111111111,12.722222222222221,3.388888888888889,11.055555555555555,11.833333333333334,11.88888888888889,12.777777777777779,3.5555555555555554,23.055555555555557,24.333333333333332,24.5,25.5,6.944444444444445,0.001124352216720581,3.469040632247925,1.0,0.9811977715877437,0.0,0.0008355081081390381,3.469040632247925,1.0,0.9811977715877437,0.0,0.9811977715877437,0.0006435257964767516,0.9811977715877437,0.0006435257964767516,0.0,0.0,0.0,0
73,rankdad,0.0001,32,0,5,gru,tapnet-CharacterTrajectories,16,10,12.055555555555555,12.666666666666666,12.555555555555555,13.222222222222221,3.0,11.555555555555555,11.944444444444445,12.5,12.944444444444445,2.8333333333333335,23.61111111111111,24.61111111111111,25.055555555555557,26.166666666666668,5.833333333333333,0.0010925829410552979,3.4694464206695557,1.0,0.9811977715877437,0.0,0.0008134245872497559,3.4694464206695557,1.0,0.9811977715877437,0.0,0.9811977715877437,0.000629799731541425,0.9811977715877437,0.000629799731541425,0.0,0.0,0.0,0
74,rankdad,0.0001,32,0,5,gru,tapnet-CharacterTrajectories,16,10,11.61111111111111,12.61111111111111,12.944444444444445,13.166666666666666,3.3333333333333335,10.666666666666666,11.5,12.555555555555555,12.555555555555555,3.111111111111111,22.27777777777778,24.11111111111111,25.5,25.72222222222222,6.444444444444445,0.001064300537109375,3.469768524169922,1.0,0.9811977715877437,0.0,0.0007886886596679688,3.469768524169922,1.0,0.9811977715877437,0.0,0.9811977715877437,0.0006167548126541078,0.9811977715877437,0.0006167548126541078,0.0,0.0,0.0,0
75,rankdad,0.0001,32,0,5,gru,tapnet-CharacterTrajectories,16,10,11.5,12.777777777777779,12.5,12.944444444444445,3.2777777777777777,10.944444444444445,11.555555555555555,12.277777777777779,12.88888888888889,3.2222222222222223,22.444444444444443,24.333333333333332,24.77777777777778,25.833333333333332,6.5,0.0010392069816589355,3.470477819442749,1.0,0.9811977715877437,0.0,0.0007619261741638184,3.470477819442749,1.0,0.9811977715877437,0.0,0.9811977715877437,0.0006048679351806641,0.9811977715877437,0.0006048679351806641,0.0,0.0,0.0,0
76,rankdad,0.0001,32,0,5,gru,tapnet-CharacterTrajectories,16,10,11.722222222222221,12.88888888888889,12.222222222222221,12.944444444444445,3.1666666666666665,10.833333333333334,11.833333333333334,12.61111111111111,12.944444444444445,3.0,22.555555555555557,24.72222222222222,24.833333333333332,25.88888888888889,6.166666666666667,0.0010090172290802002,3.4703173637390137,1.0,0.9811977715877437,0.0,0.0007416903972625732,3.4703173637390137,1.0,0.9811977715877437,0.0,0.9811977715877437,0.0005942412535659969,0.9811977715877437,0.0005942412535659969,0.0,0.0,0.0,0
77,rankdad,0.0001,32,0,5,gru,tapnet-CharacterTrajectories,16,10,11.833333333333334,12.38888888888889,13.055555555555555,12.944444444444445,3.388888888888889,10.88888888888889,11.666666666666666,12.444444444444445,12.277777777777779,2.888888888888889,22.72222222222222,24.055555555555557,25.5,25.22222222222222,6.277777777777778,0.0009801685810089111,3.470998764038086,1.0,0.9811977715877437,0.0,0.0007213354110717773,3.470998764038086,1.0,0.9811977715877437,0.0,0.9811977715877437,0.0005825587431900203,0.9811977715877437,0.0005825587431900203,0.0,0.0,0.0,0
78,rankdad,0.0001,32,0,5,gru,tapnet-CharacterTrajectories,16,10,11.333333333333334,12.444444444444445,12.38888888888889,13.11111111111111,3.111111111111111,10.722222222222221,11.61111111111111,11.61111111111111,12.444444444444445,3.0,22.055555555555557,24.055555555555557,24.0,25.555555555555557,6.111111111111111,0.0009538531303405762,3.4724509716033936,1.0,0.9811977715877437,0.0,0.0007043182849884033,3.4724509716033936,1.0,0.9811977715877437,0.0,0.9811977715877437,0.0005712168640457094,0.9811977715877437,0.0005712168640457094,0.0,0.0,0.0,0
79,rankdad,0.0001,32,0,5,gru,tapnet-CharacterTrajectories,16,10,11.444444444444445,12.5,12.61111111111111,12.88888888888889,2.9444444444444446,11.38888888888889,11.777777777777779,11.666666666666666,12.5,3.5555555555555554,22.833333333333332,24.27777777777778,24.27777777777778,25.38888888888889,6.5,0.0009330213069915771,3.472034454345703,1.0,0.9811977715877437,0.0,0.0006815791130065918,3.472034454345703,1.0,0.9811977715877437,0.0,0.9811977715877437,0.0005602836608886719,0.9811977715877437,0.0005602836608886719,0.0,0.0,0.0,0
80,rankdad,0.0001,32,0,5,gru,tapnet-CharacterTrajectories,16,10,11.166666666666666,12.777777777777779,12.61111111111111,13.11111111111111,3.0,10.944444444444445,11.5,12.222222222222221,12.722222222222221,3.888888888888889,22.11111111111111,24.27777777777778,24.833333333333332,25.833333333333332,6.888888888888889,0.0009080171585083008,3.472745895385742,1.0,0.9811977715877437,0.0,0.0006643235683441162,3.472745895385742,1.0,0.9811977715877437,0.0,0.9811977715877437,0.0005515302764251828,0.9811977715877437,0.0005515302764251828,0.0,0.0,0.0,0
81,rankdad,0.0001,32,0,5,gru,tapnet-CharacterTrajectories,16,10,11.444444444444445,12.833333333333334,12.5,13.222222222222221,3.0,10.833333333333334,11.61111111111111,12.0,13.222222222222221,3.0,22.27777777777778,24.444444444444443,24.5,26.444444444444443,6.0,0.000882565975189209,3.4724860191345215,1.0,0.9811977715877437,0.0,0.0006483197212219238,3.4724860191345215,1.0,0.9811977715877437,0.0,0.9811977715877437,0.000543083471711725,0.9811977715877437,0.000543083471711725,0.0,0.0,0.0,0
82,rankdad,0.0001,32,0,5,gru,tapnet-CharacterTrajectories,16,10,11.833333333333334,12.555555555555555,12.333333333333334,13.11111111111111,3.3333333333333335,11.0,11.444444444444445,12.333333333333334,12.61111111111111,2.9444444444444446,22.833333333333332,24.0,24.666666666666668,25.72222222222222,6.277777777777778,0.0008602142333984375,3.4726407527923584,1.0,0.9811977715877437,0.0,0.000631868839263916,3.4726407527923584,1.0,0.9811977715877437,0.0,0.9811977715877437,0.000532763369847089,0.9811977715877437,0.000532763369847089,0.0,0.0,0.0,0
83,rankdad,0.0001,32,0,5,gru,tapnet-CharacterTrajectories,16,10,11.722222222222221,12.61111111111111,12.777777777777779,13.222222222222221,3.2222222222222223,10.833333333333334,11.833333333333334,11.88888888888889,13.222222222222221,3.2222222222222223,22.555555555555557,24.444444444444443,24.666666666666668,26.444444444444443,6.444444444444445,0.0008412301540374756,3.474569797515869,1.0,0.9811977715877437,0.0,0.0006128251552581787,3.474569797515869,1.0,0.9811977715877437,0.0,0.9811977715877437,0.0005219323211349547,0.9811977715877437,0.0005219323211349547,0.0,0.0,0.0,0
84,rankdad,0.0001,32,0,5,gru,tapnet-CharacterTrajectories,16,10,10.944444444444445,12.444444444444445,12.38888888888889,13.0,3.5555555555555554,10.88888888888889,11.833333333333334,12.277777777777779,12.666666666666666,3.2222222222222223,21.833333333333332,24.27777777777778,24.666666666666668,25.666666666666668,6.777777777777778,0.0008161067962646484,3.47542142868042,1.0,0.9811977715877437,0.0,0.0005959570407867432,3.47542142868042,1.0,0.9811977715877437,0.0,0.9811977715877437,0.0005139964050613344,0.9811977715877437,0.0005139964050613344,0.0,0.0,0.0,0
85,rankdad,0.0001,32,0,5,gru,tapnet-CharacterTrajectories,16,10,11.5,12.444444444444445,12.944444444444445,13.222222222222221,3.111111111111111,10.61111111111111,11.722222222222221,12.222222222222221,13.222222222222221,3.2777777777777777,22.11111111111111,24.166666666666668,25.166666666666668,26.444444444444443,6.388888888888889,0.0007966458797454834,3.4754607677459717,1.0,0.9811977715877437,0.0,0.0005811750888824463,3.4754607677459717,1.0,0.9811977715877437,0.0,0.9811977715877437,0.0005066394805908203,0.9811977715877437,0.0005066394805908203,0.0,0.0,0.0,0
86,rankdad,0.0001,32,0,5,gru,tapnet-CharacterTrajectories,16,10,12.055555555555555,12.666666666666666,12.666666666666666,13.0,3.3333333333333335,11.11111111111111,11.722222222222221,11.777777777777779,12.88888888888889,3.111111111111111,23.166666666666668,24.38888888888889,24.444444444444443,25.88888888888889,6.444444444444445,0.0007779300212860107,3.4755451679229736,1.0,0.9811977715877437,0.0,0.000569075345993042,3.4755451679229736,1.0,0.9811977715877437,0.0,0.9811977715877437,0.0004979883087798953,0.9811977715877437,0.0004979883087798953,0.0,0.0,0.0,0
87,rankdad,0.0001,32,0,5,gru,tapnet-CharacterTrajectories,16,10,11.5,12.833333333333334,12.61111111111111,12.61111111111111,3.111111111111111,10.88888888888889,11.666666666666666,12.055555555555555,13.055555555555555,3.111111111111111,22.38888888888889,24.5,24.666666666666668,25.666666666666668,6.222222222222222,0.0007610321044921875,3.4769537448883057,1.0,0.9811977715877437,0.0,0.000551372766494751,3.4769537448883057,1.0,0.9811977715877437,0.0,0.9811977715877437,0.0004894733428955078,0.9811977715877437,0.0004894733428955078,0.0,0.0,0.0,0
88,rankdad,0.0001,32,0,5,gru,tapnet-CharacterTrajectories,16,10,11.222222222222221,12.833333333333334,11.88888888888889,13.11111111111111,3.1666666666666665,10.833333333333334,11.777777777777779,12.38888888888889,12.38888888888889,2.9444444444444446,22.055555555555557,24.61111111111111,24.27777777777778,25.5,6.111111111111111,0.000741124153137207,3.478363037109375,1.0,0.9811977715877437,0.0,0.000539243221282959,3.478363037109375,1.0,0.9811977715877437,0.0,0.9811977715877437,0.00048272949061356485,0.9811977715877437,0.00048272949061356485,0.0,0.0,0.0,0
89,rankdad,0.0001,32,0,5,gru,tapnet-CharacterTrajectories,16,10,11.5,12.777777777777779,12.5,12.722222222222221,3.111111111111111,10.944444444444445,12.0,12.055555555555555,13.055555555555555,3.5,22.444444444444443,24.77777777777778,24.555555555555557,25.77777777777778,6.611111111111111,0.0007211565971374512,3.4793670177459717,1.0,0.9811977715877437,0.0,0.0005272626876831055,3.4793670177459717,1.0,0.9811977715877437,0.0,0.9811977715877437,0.00047465733950957656,0.9811977715877437,0.00047465733950957656,0.0,0.0,0.0,0
90,rankdad,0.0001,32,0,5,gru,tapnet-CharacterTrajectories,16,10,11.11111111111111,12.555555555555555,12.88888888888889,13.222222222222221,3.1666666666666665,10.722222222222221,11.555555555555555,11.944444444444445,12.722222222222221,3.388888888888889,21.833333333333332,24.11111111111111,24.833333333333332,25.944444444444443,6.555555555555555,0.0007041096687316895,3.4807653427124023,1.0,0.9811977715877437,0.0,0.0005142688751220703,3.4807653427124023,1.0,0.9811977715877437,0.0,0.9811977715877437,0.00046716418000869453,0.9811977715877437,0.00046716418000869453,0.0,0.0,0.0,0
91,rankdad,0.0001,32,0,5,gru,tapnet-CharacterTrajectories,16,10,11.722222222222221,12.5,12.5,12.777777777777779,3.0,11.055555555555555,11.833333333333334,11.444444444444445,13.166666666666666,3.2222222222222223,22.77777777777778,24.333333333333332,23.944444444444443,25.944444444444443,6.222222222222222,0.0006898939609527588,3.4815807342529297,1.0,0.9811977715877437,0.0,0.0005012452602386475,3.4815807342529297,1.0,0.9811977715877437,0.0,0.9811977715877437,0.0004596028884407133,0.9811977715877437,0.0004596028884407133,0.0,0.0,0.0,0
92,rankdad,0.0001,32,0,5,gru,tapnet-CharacterTrajectories,16,10,11.722222222222221,12.444444444444445,12.722222222222221,13.0,3.0555555555555554,11.38888888888889,11.0,12.5,12.5,2.9444444444444446,23.11111111111111,23.444444444444443,25.22222222222222,25.5,6.0,0.0006744563579559326,3.483050584793091,1.0,0.9811977715877437,0.0,0.0004882514476776123,3.483050584793091,1.0,0.9811977715877437,0.0,0.9811977715877437,0.0004533359024208039,0.9811977715877437,0.0004533359024208039,0.0,0.0,0.0,0
93,rankdad,0.0001,32,0,5,gru,tapnet-CharacterTrajectories,16,10,11.833333333333334,12.61111111111111,12.666666666666666,13.166666666666666,3.2222222222222223,10.944444444444445,11.722222222222221,12.333333333333334,12.833333333333334,3.2777777777777777,22.77777777777778,24.333333333333332,25.0,26.0,6.5,0.0006608068943023682,3.4836044311523438,1.0,0.9811977715877437,0.0,0.000476151704788208,3.4836044311523438,1.0,0.9811977715877437,0.0,0.9811977715877437,0.00044587679440155625,0.9811977715877437,0.00044587679440155625,0.0,0.0,0.0,0
94,rankdad,0.0001,32,0,5,gru,tapnet-CharacterTrajectories,16,10,11.722222222222221,12.5,12.555555555555555,12.833333333333334,3.2222222222222223,10.5,11.444444444444445,11.833333333333334,13.0,3.111111111111111,22.22222222222222,23.944444444444443,24.38888888888889,25.833333333333332,6.333333333333333,0.0006427764892578125,3.483950138092041,1.0,0.9811977715877437,0.0,0.00046637654304504395,3.483950138092041,1.0,0.9811977715877437,0.0,0.9811977715877437,0.00043964385986328125,0.9811977715877437,0.00043964385986328125,0.0,0.0,0.0,0
95,rankdad,0.0001,32,0,5,gru,tapnet-CharacterTrajectories,16,10,11.833333333333334,12.666666666666666,12.722222222222221,13.166666666666666,3.0,11.11111111111111,11.666666666666666,12.277777777777779,12.88888888888889,3.0555555555555554,22.944444444444443,24.333333333333332,25.0,26.055555555555557,6.055555555555555,0.0006288588047027588,3.485290288925171,1.0,0.9811977715877437,0.0,0.0004550516605377197,3.485290288925171,1.0,0.9811977715877437,0.0,0.9811977715877437,0.0004331725067459047,0.9811977715877437,0.0004331725067459047,0.0,0.0,0.0,0
96,rankdad,0.0001,32,0,5,gru,tapnet-CharacterTrajectories,16,10,11.833333333333334,12.61111111111111,12.444444444444445,12.666666666666666,3.0555555555555554,10.666666666666666,11.666666666666666,12.444444444444445,12.944444444444445,3.111111111111111,22.5,24.27777777777778,24.88888888888889,25.61111111111111,6.166666666666667,0.0006141960620880127,3.4855475425720215,1.0,0.9811977715877437,0.0,0.000445634126663208,3.4855475425720215,1.0,0.9811977715877437,0.0,0.9811977715877437,0.0004271439102012664,0.9811977715877437,0.0004271439102012664,0.0,0.0,0.0,0
97,rankdad,0.0001,32,0,5,gru,tapnet-CharacterTrajectories,16,10,11.833333333333334,12.5,12.055555555555555,12.722222222222221,3.0,10.833333333333334,11.222222222222221,12.11111111111111,13.222222222222221,3.5,22.666666666666668,23.72222222222222,24.166666666666668,25.944444444444443,6.5,0.0005997419357299805,3.4909863471984863,1.0,0.9811977715877437,0.0,0.0004356801509857178,3.4909863471984863,1.0,0.9811977715877437,0.0,0.9811977715877437,0.00042005948489531875,0.9811977715877437,0.00042005948489531875,0.0,0.0,0.0,0
98,rankdad,0.0001,32,0,5,gru,tapnet-CharacterTrajectories,16,10,11.722222222222221,12.5,12.666666666666666,13.222222222222221,3.5,11.166666666666666,11.277777777777779,12.444444444444445,12.777777777777779,2.9444444444444446,22.88888888888889,23.77777777777778,25.11111111111111,26.0,6.444444444444445,0.0005793273448944092,3.4966835975646973,1.0,0.9811977715877437,0.0,0.0004240572452545166,3.4966835975646973,1.0,0.9811977715877437,0.0,0.9811977715877437,0.0004150186141487211,0.9811977715877437,0.0004150186141487211,0.0,0.0,0.0,0
99,rankdad,0.0001,32,0,5,gru,tapnet-CharacterTrajectories,16,10,11.5,12.444444444444445,12.61111111111111,12.88888888888889,3.2222222222222223,11.38888888888889,11.222222222222221,12.0,12.38888888888889,2.9444444444444446,22.88888888888889,23.666666666666668,24.61111111111111,25.27777777777778,6.166666666666667,0.0005709230899810791,3.4961187839508057,1.0,0.9811977715877437,0.0,0.0004145205020904541,3.4961187839508057,1.0,0.9811977715877437,0.0,0.9811977715877437,0.00040916033321991563,0.9811977715877437,0.00040916033321991563,0.0,0.0,0.0,0
