epoch,mode,lr,batch_size,k,kf,model,dataset,rank,numiterations,"effective_rank_site_0_Linear(in_features=256, out_features=6, bias=False)0","effective_rank_site_0_Linear(in_features=512, out_features=256, bias=False)2","effective_rank_site_0_FakeLinear(input_features=3264, output_features=512, bias=False)4","effective_rank_site_0_Linear(in_features=64, out_features=192, bias=False)6","effective_rank_site_0_Linear(in_features=24, out_features=192, bias=False)7","effective_rank_site_1_Linear(in_features=256, out_features=6, bias=False)0","effective_rank_site_1_Linear(in_features=512, out_features=256, bias=False)2","effective_rank_site_1_FakeLinear(input_features=3264, output_features=512, bias=False)4","effective_rank_site_1_Linear(in_features=64, out_features=192, bias=False)6","effective_rank_site_1_Linear(in_features=24, out_features=192, bias=False)7","effective_rank_site_agg_Linear(in_features=256, out_features=6, bias=False)0","effective_rank_site_agg_Linear(in_features=512, out_features=256, bias=False)2","effective_rank_site_agg_FakeLinear(input_features=3264, output_features=512, bias=False)4","effective_rank_site_agg_Linear(in_features=64, out_features=192, bias=False)6","effective_rank_site_agg_Linear(in_features=24, out_features=192, bias=False)7",train_loss_site_0,test_loss_site_0,train_acc_site_0,test_acc_site_0,val_acc_site_0,train_loss_site_1,test_loss_site_1,train_acc_site_1,test_acc_site_1,val_acc_site_1,test_acc_avg,test_loss_avg,test_acc_ensemble,test_loss_ensemble,val_acc_avg,val_loss_avg,val_acc_ensemble,val_loss_ensemble
0,rankdad,0.0001,32,2,5,gru,tapnet-NATOPS,16,10,4.5,12.0,14.0,14.0,14.0,5.0,14.0,14.0,14.0,14.0,9.5,26.0,28.0,28.0,28.0,1.6857906579971313,10.150147438049316,0.359375,0.2833333333333333,0.0,1.888912320137024,10.150147438049316,0.078125,0.2833333333333333,0.0,0.2833333333333333,1.6522490978240967,0.2833333333333333,1.6522490978240967,0.0,0.0,0.0,0
1,rankdad,0.0001,32,2,5,gru,tapnet-NATOPS,16,10,4.5,14.0,14.0,14.0,14.0,5.5,13.0,14.0,14.0,14.0,10.0,27.0,28.0,28.0,28.0,1.580996036529541,9.473699569702148,0.40625,0.35555555555555557,0.0,1.7124967575073242,9.473699569702148,0.28125,0.35555555555555557,0.0,0.35555555555555557,1.5630565881729126,0.35555555555555557,1.5630565881729126,0.0,0.0,0.0,0
2,rankdad,0.0001,32,2,5,gru,tapnet-NATOPS,16,10,4.5,11.5,14.0,14.0,14.0,5.0,14.0,14.0,14.0,14.0,9.5,25.5,28.0,28.0,28.0,1.496146559715271,8.905779838562012,0.484375,0.5611111111111111,0.0,1.5658823251724243,8.905779838562012,0.578125,0.5611111111111111,0.0,0.5611111111111111,1.4825489521026611,0.5611111111111111,1.4825489521026611,0.0,0.0,0.0,0
3,rankdad,0.0001,32,2,5,gru,tapnet-NATOPS,16,10,5.0,14.0,14.0,14.0,14.0,5.0,14.0,14.0,14.0,14.0,10.0,28.0,28.0,28.0,28.0,1.4300076961517334,8.380414962768555,0.515625,0.6111111111111112,0.0,1.4302009344100952,8.380414962768555,0.765625,0.6111111111111112,0.0,0.6111111111111112,1.4065688848495483,0.6111111111111112,1.4065688848495483,0.0,0.0,0.0,0
4,rankdad,0.0001,32,2,5,gru,tapnet-NATOPS,16,10,4.5,14.0,14.0,14.0,14.0,5.0,14.0,14.0,14.0,14.0,9.5,28.0,28.0,28.0,28.0,1.3746353387832642,7.8568220138549805,0.53125,0.6555555555555556,0.0,1.294844627380371,7.8568220138549805,0.859375,0.6555555555555556,0.0,0.6555555555555556,1.3264107704162598,0.6555555555555556,1.3264107704162598,0.0,0.0,0.0,0
5,rankdad,0.0001,32,2,5,gru,tapnet-NATOPS,16,10,5.0,14.0,14.0,14.0,14.0,5.0,14.0,14.0,14.0,14.0,10.0,28.0,28.0,28.0,28.0,1.326265811920166,7.3272552490234375,0.609375,0.6777777777777778,0.0,1.1535273790359497,7.3272552490234375,0.875,0.6777777777777778,0.0,0.6777777777777778,1.2388622760772705,0.6777777777777778,1.2388622760772705,0.0,0.0,0.0,0
6,rankdad,0.0001,32,2,5,gru,tapnet-NATOPS,16,10,5.0,14.0,14.0,14.0,14.0,5.0,13.5,14.0,14.0,14.0,10.0,27.5,28.0,28.0,28.0,1.2825970649719238,6.812788963317871,0.65625,0.7,0.0,1.0135297775268555,6.812788963317871,0.921875,0.7,0.0,0.7,1.1521720886230469,0.7,1.1521720886230469,0.0,0.0,0.0,0
7,rankdad,0.0001,32,2,5,gru,tapnet-NATOPS,16,10,5.0,14.0,14.0,14.0,14.0,5.0,14.0,14.0,14.0,13.0,10.0,28.0,28.0,28.0,27.0,1.24446702003479,6.3324294090271,0.65625,0.7277777777777777,0.0,0.8809933066368103,6.3324294090271,0.921875,0.7277777777777777,0.0,0.7277777777777777,1.068924069404602,0.7277777777777777,1.068924069404602,0.0,0.0,0.0,0
8,rankdad,0.0001,32,2,5,gru,tapnet-NATOPS,16,10,5.0,14.0,13.0,14.0,14.0,4.0,9.5,14.0,14.0,14.0,9.0,23.5,27.0,28.0,28.0,1.2089334726333618,5.894641876220703,0.71875,0.7444444444444445,0.0,0.7630016803741455,5.894641876220703,0.953125,0.7444444444444445,0.0,0.7444444444444445,0.990566074848175,0.7444444444444445,0.990566074848175,0.0,0.0,0.0,0
9,rankdad,0.0001,32,2,5,gru,tapnet-NATOPS,16,10,5.0,14.0,14.0,14.0,14.0,4.0,10.5,13.0,14.0,14.0,9.0,24.5,27.0,28.0,28.0,1.1725287437438965,5.500514030456543,0.6875,0.7333333333333333,0.0,0.66307532787323,5.500514030456543,0.96875,0.7333333333333333,0.0,0.7333333333333333,0.9186393618583679,0.7333333333333333,0.9186393618583679,0.0,0.0,0.0,0
10,rankdad,0.0001,32,2,5,gru,tapnet-NATOPS,16,10,5.0,14.0,14.0,14.0,14.0,4.0,12.0,14.0,14.0,14.0,9.0,26.0,28.0,28.0,28.0,1.1303126811981201,5.146813869476318,0.671875,0.7333333333333333,0.0,0.5817214250564575,5.146813869476318,0.96875,0.7333333333333333,0.0,0.7333333333333333,0.8546277284622192,0.7333333333333333,0.8546277284622192,0.0,0.0,0.0,0
11,rankdad,0.0001,32,2,5,gru,tapnet-NATOPS,16,10,5.0,14.0,14.0,14.0,14.0,4.5,14.0,14.0,14.0,14.0,9.5,28.0,28.0,28.0,28.0,1.0835819244384766,4.832273960113525,0.671875,0.7277777777777777,0.0,0.5156031847000122,4.832273960113525,0.96875,0.7277777777777777,0.0,0.7277777777777777,0.798904299736023,0.7277777777777777,0.798904299736023,0.0,0.0,0.0,0
12,rankdad,0.0001,32,2,5,gru,tapnet-NATOPS,16,10,5.0,14.0,14.0,14.0,14.0,4.5,14.0,14.0,14.0,13.5,9.5,28.0,28.0,28.0,27.5,1.0362354516983032,4.55429220199585,0.6875,0.7444444444444445,0.0,0.4604625105857849,4.55429220199585,0.96875,0.7444444444444445,0.0,0.7444444444444445,0.7505165338516235,0.7444444444444445,0.7505165338516235,0.0,0.0,0.0,0
13,rankdad,0.0001,32,2,5,gru,tapnet-NATOPS,16,10,5.0,14.0,14.0,14.0,14.0,5.0,14.0,14.0,14.0,7.5,10.0,28.0,28.0,28.0,21.5,0.9935722351074219,4.308433532714844,0.6875,0.7444444444444445,0.0,0.4122946858406067,4.308433532714844,0.96875,0.7444444444444445,0.0,0.7444444444444445,0.7076541781425476,0.7444444444444445,0.7076541781425476,0.0,0.0,0.0,0
14,rankdad,0.0001,32,2,5,gru,tapnet-NATOPS,16,10,5.0,14.0,14.0,14.0,11.5,4.0,14.0,14.0,14.0,14.0,9.0,28.0,28.0,28.0,25.5,0.9569819569587708,4.0897369384765625,0.71875,0.7611111111111111,0.0,0.36858418583869934,4.0897369384765625,0.96875,0.7611111111111111,0.0,0.7611111111111111,0.6681699752807617,0.7611111111111111,0.6681699752807617,0.0,0.0,0.0,0
15,rankdad,0.0001,32,2,5,gru,tapnet-NATOPS,16,10,6.0,14.0,14.0,14.0,10.5,4.0,14.0,14.0,14.0,14.0,10.0,28.0,28.0,28.0,24.5,0.9273576736450195,3.893019437789917,0.703125,0.75,0.0,0.32757294178009033,3.893019437789917,0.96875,0.75,0.0,0.75,0.6320047378540039,0.75,0.6320047378540039,0.0,0.0,0.0,0
16,rankdad,0.0001,32,2,5,gru,tapnet-NATOPS,16,10,5.5,14.0,14.0,14.0,11.5,5.5,14.0,14.0,14.0,14.0,11.0,28.0,28.0,28.0,25.5,0.9021428227424622,3.717620372772217,0.703125,0.7444444444444445,0.0,0.28936997056007385,3.717620372772217,0.96875,0.7444444444444445,0.0,0.7444444444444445,0.5981048345565796,0.7444444444444445,0.5981048345565796,0.0,0.0,0.0,0
17,rankdad,0.0001,32,2,5,gru,tapnet-NATOPS,16,10,5.5,14.0,14.0,14.0,10.5,4.5,14.0,14.0,14.0,14.0,10.0,28.0,28.0,28.0,24.5,0.8794034719467163,3.5613527297973633,0.703125,0.7555555555555555,0.0,0.2547611594200134,3.5613527297973633,0.96875,0.7555555555555555,0.0,0.7555555555555555,0.5676410794258118,0.7555555555555555,0.5676410794258118,0.0,0.0,0.0,0
18,rankdad,0.0001,32,2,5,gru,tapnet-NATOPS,16,10,5.5,14.0,14.0,14.0,11.0,4.5,14.0,14.0,14.0,14.0,10.0,28.0,28.0,28.0,25.0,0.8565990328788757,3.4210212230682373,0.703125,0.7555555555555555,0.0,0.22435779869556427,3.4210212230682373,0.96875,0.7555555555555555,0.0,0.7555555555555555,0.5401943325996399,0.7555555555555555,0.5401943325996399,0.0,0.0,0.0,0
19,rankdad,0.0001,32,2,5,gru,tapnet-NATOPS,16,10,5.0,14.0,14.0,14.0,11.5,6.0,14.0,14.0,14.0,14.0,11.0,28.0,28.0,28.0,25.5,0.8334906697273254,3.2956511974334717,0.703125,0.7611111111111111,0.0,0.1984352022409439,3.2956511974334717,0.984375,0.7611111111111111,0.0,0.7611111111111111,0.5152875781059265,0.7611111111111111,0.5152875781059265,0.0,0.0,0.0,0
20,rankdad,0.0001,32,2,5,gru,tapnet-NATOPS,16,10,5.0,14.0,14.0,14.0,10.5,4.5,14.0,14.0,14.0,12.5,9.5,28.0,28.0,28.0,23.0,0.8117589354515076,3.183974266052246,0.71875,0.7555555555555555,0.0,0.1761748045682907,3.183974266052246,0.984375,0.7555555555555555,0.0,0.7555555555555555,0.4929942190647125,0.7555555555555555,0.4929942190647125,0.0,0.0,0.0,0
21,rankdad,0.0001,32,2,5,gru,tapnet-NATOPS,16,10,5.0,14.0,14.0,14.0,10.0,5.5,14.0,14.0,14.0,14.0,10.5,28.0,28.0,28.0,24.0,0.7920774817466736,3.0856261253356934,0.71875,0.7666666666666667,0.0,0.15691758692264557,3.0856261253356934,0.984375,0.7666666666666667,0.0,0.7666666666666667,0.47342023253440857,0.7666666666666667,0.47342023253440857,0.0,0.0,0.0,0
22,rankdad,0.0001,32,2,5,gru,tapnet-NATOPS,16,10,5.0,14.0,14.0,10.5,11.5,7.0,14.0,12.0,14.0,14.0,12.0,28.0,26.0,24.5,25.5,0.7740253806114197,2.9990689754486084,0.734375,0.7611111111111111,0.0,0.14021539688110352,2.9990689754486084,1.0,0.7611111111111111,0.0,0.7611111111111111,0.45615920424461365,0.7611111111111111,0.45615920424461365,0.0,0.0,0.0,0
23,rankdad,0.0001,32,2,5,gru,tapnet-NATOPS,16,10,5.0,14.0,14.0,14.0,14.0,5.0,14.0,14.0,14.0,14.0,10.0,28.0,28.0,28.0,28.0,0.7566167116165161,2.9240801334381104,0.734375,0.7666666666666667,0.0,0.1254478245973587,2.9240801334381104,1.0,0.7666666666666667,0.0,0.7666666666666667,0.4413548409938812,0.7666666666666667,0.4413548409938812,0.0,0.0,0.0,0
24,rankdad,0.0001,32,2,5,gru,tapnet-NATOPS,16,10,5.0,14.0,14.0,14.0,12.5,6.0,11.0,13.5,14.0,14.0,11.0,25.0,27.5,28.0,26.5,0.7402511835098267,2.855376720428467,0.75,0.7722222222222223,0.0,0.11248936504125595,2.855376720428467,1.0,0.7722222222222223,0.0,0.7722222222222223,0.4282127320766449,0.7722222222222223,0.4282127320766449,0.0,0.0,0.0,0
25,rankdad,0.0001,32,2,5,gru,tapnet-NATOPS,16,10,4.5,14.0,14.0,12.0,9.5,5.0,11.5,13.5,14.0,14.0,9.5,25.5,27.5,26.0,23.5,0.7250304222106934,2.7904021739959717,0.75,0.7777777777777778,0.0,0.10105548053979874,2.7904021739959717,1.0,0.7777777777777778,0.0,0.7777777777777778,0.4155597686767578,0.7777777777777778,0.4155597686767578,0.0,0.0,0.0,0
26,rankdad,0.0001,32,2,5,gru,tapnet-NATOPS,16,10,5.0,14.0,14.0,14.0,8.0,6.0,13.5,11.5,14.0,14.0,11.0,27.5,25.5,28.0,22.0,0.7106898427009583,2.7305946350097656,0.765625,0.8,0.0,0.09097988903522491,2.7305946350097656,1.0,0.8,0.0,0.8,0.40387997031211853,0.8,0.40387997031211853,0.0,0.0,0.0,0
27,rankdad,0.0001,32,2,5,gru,tapnet-NATOPS,16,10,5.0,14.0,14.0,11.0,10.5,4.5,14.0,14.0,14.0,14.0,9.5,28.0,28.0,25.0,24.5,0.6968458294868469,2.678173542022705,0.78125,0.8055555555555556,0.0,0.08223064243793488,2.678173542022705,1.0,0.8055555555555556,0.0,0.8055555555555556,0.3940780758857727,0.8055555555555556,0.3940780758857727,0.0,0.0,0.0,0
28,rankdad,0.0001,32,2,5,gru,tapnet-NATOPS,16,10,5.0,14.0,14.0,14.0,10.5,4.0,14.0,14.0,14.0,14.0,9.0,28.0,28.0,28.0,24.5,0.6832475066184998,2.6327767372131348,0.78125,0.8111111111111111,0.0,0.07459711283445358,2.6327767372131348,1.0,0.8111111111111111,0.0,0.8111111111111111,0.38617560267448425,0.8111111111111111,0.38617560267448425,0.0,0.0,0.0,0
29,rankdad,0.0001,32,2,5,gru,tapnet-NATOPS,16,10,5.0,14.0,14.0,14.0,12.0,4.0,14.0,14.0,14.0,14.0,9.0,28.0,28.0,28.0,26.0,0.6698915958404541,2.5908427238464355,0.765625,0.8111111111111111,0.0,0.06797317415475845,2.5908427238464355,1.0,0.8111111111111111,0.0,0.8111111111111111,0.3790859580039978,0.8111111111111111,0.3790859580039978,0.0,0.0,0.0,0
30,rankdad,0.0001,32,2,5,gru,tapnet-NATOPS,16,10,6.0,14.0,14.0,12.0,7.0,4.5,14.0,14.0,14.0,14.0,10.5,28.0,28.0,26.0,21.0,0.6567041873931885,2.550799608230591,0.78125,0.8111111111111111,0.0,0.062208063900470734,2.550799608230591,1.0,0.8111111111111111,0.0,0.8111111111111111,0.372986763715744,0.8111111111111111,0.372986763715744,0.0,0.0,0.0,0
31,rankdad,0.0001,32,2,5,gru,tapnet-NATOPS,16,10,5.5,14.0,14.0,14.0,9.0,4.5,14.0,14.0,14.0,14.0,10.0,28.0,28.0,28.0,23.0,0.643064022064209,2.513599395751953,0.796875,0.8111111111111111,0.0,0.0572204664349556,2.513599395751953,1.0,0.8111111111111111,0.0,0.8111111111111111,0.3672104477882385,0.8111111111111111,0.3672104477882385,0.0,0.0,0.0,0
32,rankdad,0.0001,32,2,5,gru,tapnet-NATOPS,16,10,5.0,14.0,14.0,14.0,12.0,4.0,14.0,14.0,14.0,14.0,9.0,28.0,28.0,28.0,26.0,0.6302433609962463,2.4804725646972656,0.796875,0.8111111111111111,0.0,0.05270767956972122,2.4804725646972656,1.0,0.8111111111111111,0.0,0.8111111111111111,0.36158788204193115,0.8111111111111111,0.36158788204193115,0.0,0.0,0.0,0
33,rankdad,0.0001,32,2,5,gru,tapnet-NATOPS,16,10,6.5,14.0,14.0,14.0,11.5,4.0,14.0,14.0,14.0,14.0,10.5,28.0,28.0,28.0,25.5,0.6179173588752747,2.4490795135498047,0.796875,0.8111111111111111,0.0,0.048593588173389435,2.4490795135498047,1.0,0.8111111111111111,0.0,0.8111111111111111,0.35650914907455444,0.8111111111111111,0.35650914907455444,0.0,0.0,0.0,0
34,rankdad,0.0001,32,2,5,gru,tapnet-NATOPS,16,10,5.0,14.0,14.0,7.0,14.0,4.5,14.0,14.0,14.0,10.5,9.5,28.0,28.0,21.0,24.5,0.6060723066329956,2.418605089187622,0.828125,0.8166666666666667,0.0,0.044892147183418274,2.418605089187622,1.0,0.8166666666666667,0.0,0.8166666666666667,0.3521484434604645,0.8166666666666667,0.3521484434604645,0.0,0.0,0.0,0
35,rankdad,0.0001,32,2,5,gru,tapnet-NATOPS,16,10,4.5,10.5,14.0,14.0,14.0,4.0,14.0,14.0,14.0,14.0,8.5,24.5,28.0,28.0,28.0,0.594650149345398,2.389613628387451,0.828125,0.8166666666666667,0.0,0.0416613444685936,2.389613628387451,1.0,0.8166666666666667,0.0,0.8166666666666667,0.3482906222343445,0.8166666666666667,0.3482906222343445,0.0,0.0,0.0,0
36,rankdad,0.0001,32,2,5,gru,tapnet-NATOPS,16,10,5.0,14.0,14.0,14.0,13.5,4.5,14.0,14.0,14.0,14.0,9.5,28.0,28.0,28.0,27.5,0.5833305716514587,2.3625240325927734,0.828125,0.8111111111111111,0.0,0.03878975659608841,2.3625240325927734,1.0,0.8111111111111111,0.0,0.8111111111111111,0.344910204410553,0.8111111111111111,0.344910204410553,0.0,0.0,0.0,0
37,rankdad,0.0001,32,2,5,gru,tapnet-NATOPS,16,10,5.0,14.0,14.0,14.0,10.5,4.0,14.0,14.0,13.5,14.0,9.0,28.0,28.0,27.5,24.5,0.5723510980606079,2.3389201164245605,0.828125,0.8111111111111111,0.0,0.03622815012931824,2.3389201164245605,1.0,0.8111111111111111,0.0,0.8111111111111111,0.34221431612968445,0.8111111111111111,0.34221431612968445,0.0,0.0,0.0,0
38,rankdad,0.0001,32,2,5,gru,tapnet-NATOPS,16,10,5.5,14.0,14.0,14.0,9.5,4.0,13.0,14.0,14.0,14.0,9.5,27.0,28.0,28.0,23.5,0.561653733253479,2.3170459270477295,0.859375,0.8111111111111111,0.0,0.03395463526248932,2.3170459270477295,1.0,0.8111111111111111,0.0,0.8111111111111111,0.33952516317367554,0.8111111111111111,0.33952516317367554,0.0,0.0,0.0,0
39,rankdad,0.0001,32,2,5,gru,tapnet-NATOPS,16,10,4.5,14.0,14.0,14.0,13.5,4.0,14.0,14.0,14.0,14.0,8.5,28.0,28.0,28.0,27.5,0.551633894443512,2.296099901199341,0.859375,0.8111111111111111,0.0,0.03194209933280945,2.296099901199341,1.0,0.8111111111111111,0.0,0.8111111111111111,0.336747407913208,0.8111111111111111,0.336747407913208,0.0,0.0,0.0,0
40,rankdad,0.0001,32,2,5,gru,tapnet-NATOPS,16,10,5.5,14.0,14.0,14.0,12.0,4.5,14.0,14.0,14.0,14.0,10.0,28.0,28.0,28.0,26.0,0.5417016744613647,2.275580883026123,0.859375,0.8277777777777777,0.0,0.030114658176898956,2.275580883026123,1.0,0.8277777777777777,0.0,0.8277777777777777,0.33381175994873047,0.8277777777777777,0.33381175994873047,0.0,0.0,0.0,0
41,rankdad,0.0001,32,2,5,gru,tapnet-NATOPS,16,10,4.0,14.0,14.0,14.0,13.5,4.0,14.0,14.0,14.0,14.0,8.0,28.0,28.0,28.0,27.5,0.5317856073379517,2.2546684741973877,0.875,0.8277777777777777,0.0,0.0285022109746933,2.2546684741973877,1.0,0.8277777777777777,0.0,0.8277777777777777,0.33103394508361816,0.8277777777777777,0.33103394508361816,0.0,0.0,0.0,0
42,rankdad,0.0001,32,2,5,gru,tapnet-NATOPS,16,10,4.5,14.0,14.0,14.0,14.0,4.5,14.0,14.0,14.0,14.0,9.0,28.0,28.0,28.0,28.0,0.5214848518371582,2.2345125675201416,0.875,0.8277777777777777,0.0,0.027070380747318268,2.2345125675201416,1.0,0.8277777777777777,0.0,0.8277777777777777,0.3291037380695343,0.8277777777777777,0.3291037380695343,0.0,0.0,0.0,0
43,rankdad,0.0001,32,2,5,gru,tapnet-NATOPS,16,10,4.0,14.0,14.0,14.0,14.0,4.0,14.0,14.0,14.0,14.0,8.0,28.0,28.0,28.0,28.0,0.5115933418273926,2.2155089378356934,0.859375,0.8222222222222222,0.0,0.025772154331207275,2.2155089378356934,1.0,0.8222222222222222,0.0,0.8222222222222222,0.32681190967559814,0.8222222222222222,0.32681190967559814,0.0,0.0,0.0,0
44,rankdad,0.0001,32,2,5,gru,tapnet-NATOPS,16,10,5.0,14.0,12.0,14.0,13.5,4.0,14.0,14.0,14.0,14.0,9.0,28.0,26.0,28.0,27.5,0.5028837323188782,2.199033260345459,0.859375,0.8222222222222222,0.0,0.024553462862968445,2.199033260345459,1.0,0.8222222222222222,0.0,0.8222222222222222,0.3248094916343689,0.8222222222222222,0.3248094916343689,0.0,0.0,0.0,0
45,rankdad,0.0001,32,2,5,gru,tapnet-NATOPS,16,10,4.0,14.0,14.0,13.5,14.0,4.0,13.0,14.0,14.0,14.0,8.0,27.0,28.0,27.5,28.0,0.4944256544113159,2.184475898742676,0.890625,0.8222222222222222,0.0,0.023387163877487183,2.184475898742676,1.0,0.8222222222222222,0.0,0.8222222222222222,0.3231644034385681,0.8222222222222222,0.3231644034385681,0.0,0.0,0.0,0
46,rankdad,0.0001,32,2,5,gru,tapnet-NATOPS,16,10,4.0,14.0,14.0,14.0,14.0,4.0,14.0,14.0,14.0,14.0,8.0,28.0,28.0,28.0,28.0,0.48642271757125854,2.171072006225586,0.875,0.8222222222222222,0.0,0.022316664457321167,2.171072006225586,1.0,0.8222222222222222,0.0,0.8222222222222222,0.3212771713733673,0.8222222222222222,0.3212771713733673,0.0,0.0,0.0,0
47,rankdad,0.0001,32,2,5,gru,tapnet-NATOPS,16,10,5.0,14.0,14.0,14.0,14.0,4.0,14.0,14.0,14.0,14.0,9.0,28.0,28.0,28.0,28.0,0.47856152057647705,2.15746808052063,0.890625,0.8222222222222222,0.0,0.021399930119514465,2.15746808052063,1.0,0.8222222222222222,0.0,0.8222222222222222,0.31952378153800964,0.8222222222222222,0.31952378153800964,0.0,0.0,0.0,0
48,rankdad,0.0001,32,2,5,gru,tapnet-NATOPS,16,10,5.0,14.0,14.0,11.5,10.0,4.0,14.0,14.0,14.0,14.0,9.0,28.0,28.0,25.5,24.0,0.4704468846321106,2.1444408893585205,0.890625,0.8222222222222222,0.0,0.020551428198814392,2.1444408893585205,1.0,0.8222222222222222,0.0,0.8222222222222222,0.3180597424507141,0.8222222222222222,0.3180597424507141,0.0,0.0,0.0,0
49,rankdad,0.0001,32,2,5,gru,tapnet-NATOPS,16,10,4.5,14.0,14.0,14.0,13.0,4.0,14.0,14.0,14.0,14.0,8.5,28.0,28.0,28.0,27.0,0.4623827338218689,2.132173538208008,0.90625,0.8222222222222222,0.0,0.019762545824050903,2.132173538208008,1.0,0.8222222222222222,0.0,0.8222222222222222,0.31681033968925476,0.8222222222222222,0.31681033968925476,0.0,0.0,0.0,0
50,rankdad,0.0001,32,2,5,gru,tapnet-NATOPS,16,10,4.5,14.0,12.0,14.0,10.5,4.0,14.0,14.0,14.0,14.0,8.5,28.0,26.0,28.0,24.5,0.4547847509384155,2.121030807495117,0.90625,0.8277777777777777,0.0,0.01902538537979126,2.121030807495117,1.0,0.8277777777777777,0.0,0.8277777777777777,0.31544700264930725,0.8277777777777777,0.31544700264930725,0.0,0.0,0.0,0
51,rankdad,0.0001,32,2,5,gru,tapnet-NATOPS,16,10,5.5,14.0,14.0,14.0,13.0,4.5,14.0,14.0,14.0,11.0,10.0,28.0,28.0,28.0,24.0,0.4478495121002197,2.1094377040863037,0.90625,0.8277777777777777,0.0,0.018317297101020813,2.1094377040863037,1.0,0.8277777777777777,0.0,0.8277777777777777,0.3137955367565155,0.8277777777777777,0.3137955367565155,0.0,0.0,0.0,0
52,rankdad,0.0001,32,2,5,gru,tapnet-NATOPS,16,10,4.5,14.0,14.0,14.0,9.5,4.0,14.0,14.0,14.0,14.0,8.5,28.0,28.0,28.0,23.5,0.4407578110694885,2.0973846912384033,0.90625,0.8277777777777777,0.0,0.017645075917243958,2.0973846912384033,1.0,0.8277777777777777,0.0,0.8277777777777777,0.3127000033855438,0.8277777777777777,0.3127000033855438,0.0,0.0,0.0,0
53,rankdad,0.0001,32,2,5,gru,tapnet-NATOPS,16,10,5.0,14.0,14.0,14.0,14.0,4.0,14.0,14.0,14.0,14.0,9.0,28.0,28.0,28.0,28.0,0.4335721433162689,2.0861165523529053,0.90625,0.8277777777777777,0.0,0.017034903168678284,2.0861165523529053,1.0,0.8277777777777777,0.0,0.8277777777777777,0.3112373948097229,0.8277777777777777,0.3112373948097229,0.0,0.0,0.0,0
54,rankdad,0.0001,32,2,5,gru,tapnet-NATOPS,16,10,6.5,14.0,14.0,14.0,11.0,4.5,14.0,13.5,14.0,14.0,11.0,28.0,27.5,28.0,25.0,0.4266212582588196,2.0743043422698975,0.90625,0.8277777777777777,0.0,0.016436323523521423,2.0743043422698975,1.0,0.8277777777777777,0.0,0.8277777777777777,0.30937373638153076,0.8277777777777777,0.30937373638153076,0.0,0.0,0.0,0
55,rankdad,0.0001,32,2,5,gru,tapnet-NATOPS,16,10,4.5,14.0,14.0,14.0,10.0,4.0,14.0,14.0,14.0,14.0,8.5,28.0,28.0,28.0,24.0,0.41962748765945435,2.0618345737457275,0.90625,0.8333333333333334,0.0,0.01585794985294342,2.0618345737457275,1.0,0.8333333333333334,0.0,0.8333333333333334,0.30872979760169983,0.8333333333333334,0.30872979760169983,0.0,0.0,0.0,0
56,rankdad,0.0001,32,2,5,gru,tapnet-NATOPS,16,10,5.0,14.0,14.0,14.0,11.0,4.0,14.0,14.0,14.0,14.0,9.0,28.0,28.0,28.0,25.0,0.41267067193984985,2.049701690673828,0.90625,0.8333333333333334,0.0,0.015330880880355835,2.049701690673828,1.0,0.8333333333333334,0.0,0.8333333333333334,0.3072322607040405,0.8333333333333334,0.3072322607040405,0.0,0.0,0.0,0
57,rankdad,0.0001,32,2,5,gru,tapnet-NATOPS,16,10,5.0,14.0,14.0,14.0,11.5,4.0,13.5,13.5,14.0,14.0,9.0,27.5,27.5,28.0,25.5,0.40616267919540405,2.038499593734741,0.921875,0.8333333333333334,0.0,0.014823466539382935,2.038499593734741,1.0,0.8333333333333334,0.0,0.8333333333333334,0.3053600788116455,0.8333333333333334,0.3053600788116455,0.0,0.0,0.0,0
58,rankdad,0.0001,32,2,5,gru,tapnet-NATOPS,16,10,5.5,14.0,14.0,14.0,9.5,4.0,14.0,14.0,14.0,13.0,9.5,28.0,28.0,28.0,22.5,0.39946043491363525,2.027503728866577,0.921875,0.8388888888888889,0.0,0.014352470636367798,2.027503728866577,1.0,0.8388888888888889,0.0,0.8388888888888889,0.3041810691356659,0.8388888888888889,0.3041810691356659,0.0,0.0,0.0,0
59,rankdad,0.0001,32,2,5,gru,tapnet-NATOPS,16,10,5.5,14.0,13.0,14.0,12.0,4.0,14.0,14.0,14.0,14.0,9.5,28.0,27.0,28.0,26.0,0.3925745487213135,2.0179455280303955,0.921875,0.8388888888888889,0.0,0.013908594846725464,2.0179455280303955,1.0,0.8388888888888889,0.0,0.8388888888888889,0.3037378489971161,0.8388888888888889,0.3037378489971161,0.0,0.0,0.0,0
60,rankdad,0.0001,32,2,5,gru,tapnet-NATOPS,16,10,6.0,14.0,14.0,14.0,10.0,4.0,14.0,14.0,14.0,14.0,10.0,28.0,28.0,28.0,24.0,0.3859093189239502,2.0078866481781006,0.921875,0.8333333333333334,0.0,0.013512805104255676,2.0078866481781006,1.0,0.8333333333333334,0.0,0.8333333333333334,0.3025706708431244,0.8333333333333334,0.3025706708431244,0.0,0.0,0.0,0
61,rankdad,0.0001,32,2,5,gru,tapnet-NATOPS,16,10,4.0,14.0,14.0,14.0,10.5,4.0,14.0,14.0,14.0,14.0,8.0,28.0,28.0,28.0,24.5,0.3801031708717346,1.997340202331543,0.921875,0.8333333333333334,0.0,0.013140350580215454,1.997340202331543,1.0,0.8333333333333334,0.0,0.8333333333333334,0.3007856011390686,0.8333333333333334,0.3007856011390686,0.0,0.0,0.0,0
62,rankdad,0.0001,32,2,5,gru,tapnet-NATOPS,16,10,4.0,14.0,11.0,14.0,8.0,4.0,14.0,14.0,14.0,14.0,8.0,28.0,25.0,28.0,22.0,0.37419772148132324,1.9865689277648926,0.921875,0.8333333333333334,0.0,0.01278485357761383,1.9865689277648926,1.0,0.8333333333333334,0.0,0.8333333333333334,0.2998119294643402,0.8333333333333334,0.2998119294643402,0.0,0.0,0.0,0
63,rankdad,0.0001,32,2,5,gru,tapnet-NATOPS,16,10,4.0,11.0,14.0,14.0,14.0,4.0,14.0,14.0,14.0,14.0,8.0,25.0,28.0,28.0,28.0,0.3682090938091278,1.976851463317871,0.921875,0.8388888888888889,0.0,0.012431800365447998,1.976851463317871,1.0,0.8388888888888889,0.0,0.8388888888888889,0.2980819344520569,0.8388888888888889,0.2980819344520569,0.0,0.0,0.0,0
64,rankdad,0.0001,32,2,5,gru,tapnet-NATOPS,16,10,4.5,14.0,11.0,14.0,10.5,4.0,14.0,14.0,14.0,14.0,8.5,28.0,25.0,28.0,24.5,0.36272382736206055,1.9682669639587402,0.921875,0.8388888888888889,0.0,0.012112051248550415,1.9682669639587402,1.0,0.8388888888888889,0.0,0.8388888888888889,0.2969747483730316,0.8388888888888889,0.2969747483730316,0.0,0.0,0.0,0
65,rankdad,0.0001,32,2,5,gru,tapnet-NATOPS,16,10,5.5,14.0,14.0,14.0,8.0,4.0,14.0,14.0,14.0,14.0,9.5,28.0,28.0,28.0,22.0,0.3564283549785614,1.959641933441162,0.9375,0.8444444444444444,0.0,0.011810019612312317,1.959641933441162,1.0,0.8444444444444444,0.0,0.8444444444444444,0.2969307601451874,0.8444444444444444,0.2969307601451874,0.0,0.0,0.0,0
66,rankdad,0.0001,32,2,5,gru,tapnet-NATOPS,16,10,4.0,13.5,14.0,14.0,14.0,4.0,14.0,14.0,13.0,14.0,8.0,27.5,28.0,27.0,28.0,0.3503742516040802,1.951894998550415,0.953125,0.8444444444444444,0.0,0.011513829231262207,1.951894998550415,1.0,0.8444444444444444,0.0,0.8444444444444444,0.2959151864051819,0.8444444444444444,0.2959151864051819,0.0,0.0,0.0,0
67,rankdad,0.0001,32,2,5,gru,tapnet-NATOPS,16,10,4.5,14.0,14.0,14.0,13.5,4.0,14.0,14.0,14.0,14.0,8.5,28.0,28.0,28.0,27.5,0.34488436579704285,1.9444770812988281,0.953125,0.8444444444444444,0.0,0.011208713054656982,1.9444770812988281,1.0,0.8444444444444444,0.0,0.8444444444444444,0.29472020268440247,0.8444444444444444,0.29472020268440247,0.0,0.0,0.0,0
68,rankdad,0.0001,32,2,5,gru,tapnet-NATOPS,16,10,4.5,14.0,14.0,14.0,11.5,4.0,14.0,14.0,14.0,14.0,8.5,28.0,28.0,28.0,25.5,0.3391062915325165,1.9372568130493164,0.953125,0.8444444444444444,0.0,0.010905236005783081,1.9372568130493164,1.0,0.8444444444444444,0.0,0.8444444444444444,0.29471397399902344,0.8444444444444444,0.29471397399902344,0.0,0.0,0.0,0
69,rankdad,0.0001,32,2,5,gru,tapnet-NATOPS,16,10,5.0,10.5,11.5,14.0,10.0,4.0,11.5,14.0,10.0,14.0,9.0,22.0,25.5,24.0,24.0,0.33285996317863464,1.9292927980422974,0.953125,0.85,0.0,0.01062522828578949,1.9292927980422974,1.0,0.85,0.0,0.85,0.29457923769950867,0.85,0.29457923769950867,0.0,0.0,0.0,0
70,rankdad,0.0001,32,2,5,gru,tapnet-NATOPS,16,10,5.0,14.0,14.0,14.0,9.5,4.0,14.0,14.0,11.5,14.0,9.0,28.0,28.0,25.5,23.5,0.327039897441864,1.9206589460372925,0.953125,0.8611111111111112,0.0,0.01036711037158966,1.9206589460372925,1.0,0.8611111111111112,0.0,0.8611111111111112,0.29326215386390686,0.8611111111111112,0.29326215386390686,0.0,0.0,0.0,0
71,rankdad,0.0001,32,2,5,gru,tapnet-NATOPS,16,10,4.0,14.0,14.0,14.0,12.5,4.0,12.5,14.0,14.0,14.0,8.0,26.5,28.0,28.0,26.5,0.32091599702835083,1.9124619960784912,0.953125,0.8611111111111112,0.0,0.010115653276443481,1.9124619960784912,1.0,0.8611111111111112,0.0,0.8611111111111112,0.2924290895462036,0.8611111111111112,0.2924290895462036,0.0,0.0,0.0,0
72,rankdad,0.0001,32,2,5,gru,tapnet-NATOPS,16,10,4.0,10.0,10.0,14.0,10.5,4.0,12.5,14.0,14.0,14.0,8.0,22.5,24.0,28.0,24.5,0.3147609233856201,1.9042590856552124,0.953125,0.8611111111111112,0.0,0.009842976927757263,1.9042590856552124,1.0,0.8611111111111112,0.0,0.8611111111111112,0.29199162125587463,0.8611111111111112,0.29199162125587463,0.0,0.0,0.0,0
73,rankdad,0.0001,32,2,5,gru,tapnet-NATOPS,16,10,5.0,14.0,14.0,14.0,10.5,4.0,14.0,12.5,14.0,14.0,9.0,28.0,26.5,28.0,24.5,0.3093000054359436,1.8965768814086914,0.96875,0.8555555555555555,0.0,0.009596437215805054,1.8965768814086914,1.0,0.8555555555555555,0.0,0.8555555555555555,0.2916640639305115,0.8555555555555555,0.2916640639305115,0.0,0.0,0.0,0
74,rankdad,0.0001,32,2,5,gru,tapnet-NATOPS,16,10,5.5,14.0,11.5,14.0,9.5,5.0,13.0,14.0,14.0,14.0,10.5,27.0,25.5,28.0,23.5,0.3038479685783386,1.8890401124954224,0.96875,0.8611111111111112,0.0,0.009370476007461548,1.8890401124954224,1.0,0.8611111111111112,0.0,0.8611111111111112,0.2915817201137543,0.8611111111111112,0.2915817201137543,0.0,0.0,0.0,0
75,rankdad,0.0001,32,2,5,gru,tapnet-NATOPS,16,10,5.5,14.0,13.0,14.0,11.0,4.0,13.5,13.0,11.0,14.0,9.5,27.5,26.0,25.0,25.0,0.29810962080955505,1.8808631896972656,0.96875,0.8666666666666667,0.0,0.009177953004837036,1.8808631896972656,1.0,0.8666666666666667,0.0,0.8666666666666667,0.29078012704849243,0.8666666666666667,0.29078012704849243,0.0,0.0,0.0,0
76,rankdad,0.0001,32,2,5,gru,tapnet-NATOPS,16,10,5.5,14.0,14.0,14.0,11.0,4.0,10.5,14.0,9.5,14.0,9.5,24.5,28.0,23.5,25.0,0.29244524240493774,1.8727787733078003,0.96875,0.8666666666666667,0.0,0.008962497115135193,1.8727787733078003,1.0,0.8666666666666667,0.0,0.8666666666666667,0.2899375855922699,0.8666666666666667,0.2899375855922699,0.0,0.0,0.0,0
77,rankdad,0.0001,32,2,5,gru,tapnet-NATOPS,16,10,4.0,14.0,10.0,14.0,13.5,4.0,14.0,14.0,14.0,14.0,8.0,28.0,24.0,28.0,27.5,0.28681790828704834,1.8638482093811035,0.96875,0.8666666666666667,0.0,0.008753493428230286,1.8638482093811035,1.0,0.8666666666666667,0.0,0.8666666666666667,0.2893151640892029,0.8666666666666667,0.2893151640892029,0.0,0.0,0.0,0
78,rankdad,0.0001,32,2,5,gru,tapnet-NATOPS,16,10,6.5,14.0,13.5,12.5,10.5,4.5,12.5,14.0,14.0,14.0,11.0,26.5,27.5,26.5,24.5,0.2810389995574951,1.8555848598480225,0.96875,0.8666666666666667,0.0,0.008571907877922058,1.8555848598480225,1.0,0.8666666666666667,0.0,0.8666666666666667,0.2893623411655426,0.8666666666666667,0.2893623411655426,0.0,0.0,0.0,0
79,rankdad,0.0001,32,2,5,gru,tapnet-NATOPS,16,10,4.5,13.5,13.5,12.0,11.0,4.5,12.5,14.0,13.5,14.0,9.0,26.0,27.5,25.5,25.0,0.2755189538002014,1.8475368022918701,0.96875,0.8611111111111112,0.0,0.008416220545768738,1.8475368022918701,1.0,0.8611111111111112,0.0,0.8611111111111112,0.287833034992218,0.8611111111111112,0.287833034992218,0.0,0.0,0.0,0
80,rankdad,0.0001,32,2,5,gru,tapnet-NATOPS,16,10,5.0,14.0,13.0,14.0,13.0,4.0,12.5,14.0,14.0,14.0,9.0,26.5,27.0,28.0,27.0,0.2698058485984802,1.838553547859192,0.984375,0.8666666666666667,0.0,0.008232355117797852,1.838553547859192,1.0,0.8666666666666667,0.0,0.8666666666666667,0.2874661982059479,0.8666666666666667,0.2874661982059479,0.0,0.0,0.0,0
81,rankdad,0.0001,32,2,5,gru,tapnet-NATOPS,16,10,4.0,14.0,14.0,14.0,11.0,4.5,13.0,13.5,14.0,14.0,8.5,27.0,27.5,28.0,25.0,0.2629803419113159,1.8301676511764526,0.984375,0.8611111111111112,0.0,0.008035987615585327,1.8301676511764526,1.0,0.8611111111111112,0.0,0.8611111111111112,0.28751340508461,0.8611111111111112,0.28751340508461,0.0,0.0,0.0,0
82,rankdad,0.0001,32,2,5,gru,tapnet-NATOPS,16,10,4.0,14.0,14.0,14.0,14.0,4.0,12.5,14.0,14.0,14.0,8.0,26.5,28.0,28.0,28.0,0.2573959231376648,1.8229154348373413,0.984375,0.8666666666666667,0.0,0.007868632674217224,1.8229154348373413,1.0,0.8666666666666667,0.0,0.8666666666666667,0.28563228249549866,0.8666666666666667,0.28563228249549866,0.0,0.0,0.0,0
83,rankdad,0.0001,32,2,5,gru,tapnet-NATOPS,16,10,4.0,14.0,13.5,14.0,13.0,4.0,11.5,14.0,14.0,14.0,8.0,25.5,27.5,28.0,27.0,0.2524868845939636,1.814438819885254,0.984375,0.8722222222222222,0.0,0.007726162672042847,1.814438819885254,1.0,0.8722222222222222,0.0,0.8722222222222222,0.28470689058303833,0.8722222222222222,0.28470689058303833,0.0,0.0,0.0,0
84,rankdad,0.0001,32,2,5,gru,tapnet-NATOPS,16,10,5.0,14.0,11.5,14.0,14.0,4.0,12.5,14.0,12.0,14.0,9.0,26.5,25.5,26.0,28.0,0.24676354229450226,1.8051459789276123,0.984375,0.8666666666666667,0.0,0.007563382387161255,1.8051459789276123,1.0,0.8666666666666667,0.0,0.8666666666666667,0.2845863699913025,0.8666666666666667,0.2845863699913025,0.0,0.0,0.0,0
85,rankdad,0.0001,32,2,5,gru,tapnet-NATOPS,16,10,5.0,14.0,14.0,14.0,12.0,4.5,12.5,14.0,14.0,14.0,9.5,26.5,28.0,28.0,26.0,0.24106557667255402,1.7970157861709595,0.984375,0.8722222222222222,0.0,0.00738409161567688,1.7970157861709595,1.0,0.8722222222222222,0.0,0.8722222222222222,0.28348055481910706,0.8722222222222222,0.28348055481910706,0.0,0.0,0.0,0
86,rankdad,0.0001,32,2,5,gru,tapnet-NATOPS,16,10,5.5,14.0,14.0,14.0,12.5,4.5,13.0,14.0,13.0,14.0,10.0,27.0,28.0,27.0,26.5,0.23556508123874664,1.78920316696167,0.984375,0.8777777777777778,0.0,0.007212579250335693,1.78920316696167,1.0,0.8777777777777778,0.0,0.8777777777777778,0.2833375930786133,0.8777777777777778,0.2833375930786133,0.0,0.0,0.0,0
87,rankdad,0.0001,32,2,5,gru,tapnet-NATOPS,16,10,4.0,14.0,14.0,14.0,14.0,4.0,10.5,14.0,12.0,14.0,8.0,24.5,28.0,26.0,28.0,0.23002418875694275,1.7814158201217651,0.984375,0.8777777777777778,0.0,0.007076874375343323,1.7814158201217651,1.0,0.8777777777777778,0.0,0.8777777777777778,0.282908171415329,0.8777777777777778,0.282908171415329,0.0,0.0,0.0,0
88,rankdad,0.0001,32,2,5,gru,tapnet-NATOPS,16,10,4.5,14.0,14.0,14.0,13.0,4.0,12.5,14.0,12.5,14.0,8.5,26.5,28.0,26.5,27.0,0.22515377402305603,1.7734525203704834,0.984375,0.8777777777777778,0.0,0.006916120648384094,1.7734525203704834,1.0,0.8777777777777778,0.0,0.8777777777777778,0.2812812924385071,0.8777777777777778,0.2812812924385071,0.0,0.0,0.0,0
89,rankdad,0.0001,32,2,5,gru,tapnet-NATOPS,16,10,4.5,14.0,14.0,14.0,13.0,4.0,12.5,13.5,14.0,14.0,8.5,26.5,27.5,28.0,27.0,0.22000306844711304,1.7648437023162842,0.984375,0.8777777777777778,0.0,0.00676119327545166,1.7648437023162842,1.0,0.8777777777777778,0.0,0.8777777777777778,0.2811921536922455,0.8777777777777778,0.2811921536922455,0.0,0.0,0.0,0
90,rankdad,0.0001,32,2,5,gru,tapnet-NATOPS,16,10,4.5,14.0,14.0,13.5,14.0,4.0,12.0,14.0,14.0,14.0,8.5,26.0,28.0,27.5,28.0,0.2143687605857849,1.757764220237732,0.984375,0.8777777777777778,0.0,0.006618142127990723,1.757764220237732,1.0,0.8777777777777778,0.0,0.8777777777777778,0.28097209334373474,0.8777777777777778,0.28097209334373474,0.0,0.0,0.0,0
91,rankdad,0.0001,32,2,5,gru,tapnet-NATOPS,16,10,4.0,14.0,14.0,14.0,13.5,4.0,12.5,14.0,14.0,14.0,8.0,26.5,28.0,28.0,27.5,0.20932146906852722,1.751232624053955,0.984375,0.8777777777777778,0.0,0.006500259041786194,1.751232624053955,1.0,0.8777777777777778,0.0,0.8777777777777778,0.2801956534385681,0.8777777777777778,0.2801956534385681,0.0,0.0,0.0,0
92,rankdad,0.0001,32,2,5,gru,tapnet-NATOPS,16,10,4.5,14.0,14.0,14.0,12.5,4.0,10.5,14.0,13.5,14.0,8.5,24.5,28.0,27.5,26.5,0.20437531173229218,1.7435299158096313,0.984375,0.8777777777777778,0.0,0.006381407380104065,1.7435299158096313,1.0,0.8777777777777778,0.0,0.8777777777777778,0.2800297737121582,0.8777777777777778,0.2800297737121582,0.0,0.0,0.0,0
93,rankdad,0.0001,32,2,5,gru,tapnet-NATOPS,16,10,4.5,14.0,14.0,14.0,13.0,4.5,12.5,14.0,14.0,14.0,9.0,26.5,28.0,28.0,27.0,0.1991891711950302,1.7360031604766846,0.984375,0.8777777777777778,0.0,0.00625300407409668,1.7360031604766846,1.0,0.8777777777777778,0.0,0.8777777777777778,0.2795160114765167,0.8777777777777778,0.2795160114765167,0.0,0.0,0.0,0
94,rankdad,0.0001,32,2,5,gru,tapnet-NATOPS,16,10,4.5,14.0,14.0,14.0,13.0,4.0,13.0,14.0,12.0,14.0,8.5,27.0,28.0,26.0,27.0,0.19441837072372437,1.729259729385376,0.984375,0.8777777777777778,0.0,0.006131872534751892,1.729259729385376,1.0,0.8777777777777778,0.0,0.8777777777777778,0.2790752053260803,0.8777777777777778,0.2790752053260803,0.0,0.0,0.0,0
95,rankdad,0.0001,32,2,5,gru,tapnet-NATOPS,16,10,4.0,14.0,14.0,14.0,14.0,4.0,10.5,13.5,14.0,14.0,8.0,24.5,27.5,28.0,28.0,0.1891852617263794,1.7227756977081299,0.984375,0.8777777777777778,0.0,0.006038457155227661,1.7227756977081299,1.0,0.8777777777777778,0.0,0.8777777777777778,0.27914664149284363,0.8777777777777778,0.27914664149284363,0.0,0.0,0.0,0
96,rankdad,0.0001,32,2,5,gru,tapnet-NATOPS,16,10,4.0,14.0,14.0,14.0,14.0,4.0,11.0,14.0,13.0,14.0,8.0,25.0,28.0,27.0,28.0,0.18449683487415314,1.7162413597106934,1.0,0.8777777777777778,0.0,0.005937486886978149,1.7162413597106934,1.0,0.8777777777777778,0.0,0.8777777777777778,0.2783227264881134,0.8777777777777778,0.2783227264881134,0.0,0.0,0.0,0
97,rankdad,0.0001,32,2,5,gru,tapnet-NATOPS,16,10,4.0,14.0,14.0,14.0,12.5,4.0,12.5,14.0,10.0,14.0,8.0,26.5,28.0,24.0,26.5,0.1795739233493805,1.7096307277679443,1.0,0.8777777777777778,0.0,0.005833789706230164,1.7096307277679443,1.0,0.8777777777777778,0.0,0.8777777777777778,0.2784806787967682,0.8777777777777778,0.2784806787967682,0.0,0.0,0.0,0
98,rankdad,0.0001,32,2,5,gru,tapnet-NATOPS,16,10,4.5,14.0,14.0,14.0,13.5,4.0,12.5,14.0,14.0,14.0,8.5,26.5,28.0,28.0,27.5,0.1747908592224121,1.7033740282058716,1.0,0.8777777777777778,0.0,0.005722224712371826,1.7033740282058716,1.0,0.8777777777777778,0.0,0.8777777777777778,0.2779487073421478,0.8777777777777778,0.2779487073421478,0.0,0.0,0.0,0
99,rankdad,0.0001,32,2,5,gru,tapnet-NATOPS,16,10,4.5,14.0,14.0,14.0,13.5,4.0,12.5,14.0,14.0,14.0,8.5,26.5,28.0,28.0,27.5,0.17022500932216644,1.6955502033233643,1.0,0.8777777777777778,0.0,0.005629420280456543,1.6955502033233643,1.0,0.8777777777777778,0.0,0.8777777777777778,0.27775007486343384,0.8777777777777778,0.27775007486343384,0.0,0.0,0.0,0
