epoch,mode,lr,batch_size,k,kf,model,dataset,train_loss_site_0,test_loss_site_0,train_acc_site_0,test_acc_site_0,val_acc_site_0,train_loss_site_1,test_loss_site_1,train_acc_site_1,test_acc_site_1,val_acc_site_1,test_acc_avg,test_loss_avg,test_acc_ensemble,test_loss_ensemble,val_acc_avg,val_loss_avg,val_acc_ensemble,val_loss_ensemble
0,tedad,1e-06,32,-1,10,gru,tapnet-SpokenArabicDigits,2.2373690605163574,150.68133544921875,0.13561893203883496,0.2291950886766712,0.0,2.1797196865081787,150.63514709472656,0.1429004854368932,0.22874033651659845,0.0,0.22828558435652568,2.0835516452789307,0.23010459299681674,2.0835468769073486,0.0,0.0,0.0,0
1,tedad,1e-06,32,-1,10,gru,tapnet-SpokenArabicDigits,2.030174493789673,136.7248077392578,0.3179611650485437,0.4433833560709413,0.0,1.9620943069458008,136.66546630859375,0.32433252427184467,0.44565711687130516,0.0,0.44429286039108684,1.9217950105667114,0.4461118690313779,1.921789526939392,0.0,0.0,0.0,0
2,tedad,1e-06,32,-1,10,gru,tapnet-SpokenArabicDigits,1.8434116840362549,123.88532257080078,0.5558252427184466,0.6425648021828103,0.0,1.767026424407959,123.80040740966797,0.560376213592233,0.6498408367439745,0.0,0.6462028194633924,1.752975583076477,0.6521145975443383,1.7529472708702087,0.0,0.0,0.0,0
3,tedad,1e-06,32,-1,10,gru,tapnet-SpokenArabicDigits,1.6726179122924805,111.96485900878906,0.6956917475728155,0.757162346521146,0.0,1.5893378257751465,111.85437774658203,0.6975121359223301,0.7517053206002728,0.0,0.7557980900409277,1.5821473598480225,0.757162346521146,1.5821684002876282,0.0,0.0,0.0,0
4,tedad,1e-06,32,-1,10,gru,tapnet-SpokenArabicDigits,1.517016887664795,100.96969604492188,0.7703276699029126,0.8049113233287858,0.0,1.4281954765319824,100.8402099609375,0.7709344660194175,0.8012733060482037,0.0,0.8062755798090041,1.4148666858673096,0.8062755798090041,1.414880096912384,0.0,0.0,0.0,0
5,tedad,1e-06,32,-1,10,gru,tapnet-SpokenArabicDigits,1.3757526874542236,90.93566131591797,0.8064320388349514,0.8449295134151887,0.0,1.2827869653701782,90.78079986572266,0.8155339805825242,0.8358344702137335,0.0,0.8399272396543883,1.2551859617233276,0.8412914961346066,1.2552502155303955,0.0,0.0,0.0,0
6,tedad,1e-06,32,-1,10,gru,tapnet-SpokenArabicDigits,1.2474627494812012,81.87557983398438,0.8331310679611651,0.8703956343792633,0.0,1.1532448530197144,81.69432830810547,0.839502427184466,0.867212369258754,0.0,0.8685766257389722,1.1070977449417114,0.869031377899045,1.10731703042984,0.0,0.0,0.0,0
7,tedad,1e-06,32,-1,10,gru,tapnet-SpokenArabicDigits,1.13187837600708,73.75611114501953,0.8504247572815534,0.8894952251023193,0.0,1.0382736921310425,73.55799102783203,0.8601334951456311,0.8854024556616644,0.0,0.8885857207821737,0.9746593832969666,0.8890404729422465,0.9748244285583496,0.0,0.0,0.0,0
8,tedad,1e-06,32,-1,10,gru,tapnet-SpokenArabicDigits,1.0296353101730347,66.57202911376953,0.8637742718446602,0.9058663028649386,0.0,0.9371137022972107,66.35999298095703,0.8734830097087378,0.904956798544793,0.0,0.9054115507048659,0.8594427704811096,0.904956798544793,0.8596473336219788,0.0,0.0,0.0,0
9,tedad,1e-06,32,-1,10,gru,tapnet-SpokenArabicDigits,0.9396916627883911,60.26929473876953,0.8719660194174758,0.9099590723055935,0.0,0.848740816116333,60.03739929199219,0.8816747572815534,0.9131423374261027,0.0,0.9135970895861756,0.7606059908866882,0.9131423374261027,0.7607873678207397,0.0,0.0,0.0,0
10,tedad,1e-06,32,-1,10,gru,tapnet-SpokenArabicDigits,0.861219048500061,54.7693977355957,0.8841019417475728,0.9185993633469759,0.0,0.7718193531036377,54.52758026123047,0.8889563106796117,0.9176898590268304,0.0,0.9199636198271942,0.6771314144134521,0.9208731241473397,0.6773413121700287,0.0,0.0,0.0,0
11,tedad,1e-06,32,-1,10,gru,tapnet-SpokenArabicDigits,0.793017566204071,49.98393249511719,0.8932038834951457,0.9226921327876307,0.0,0.7045561075210571,49.73445510864258,0.8959344660194175,0.9217826284674853,0.0,0.9249658935879945,0.6065690517425537,0.9249658935879945,0.6069503128528595,0.0,0.0,0.0,0
12,tedad,1e-06,32,-1,10,gru,tapnet-SpokenArabicDigits,0.7334356904029846,45.825809478759766,0.9004854368932039,0.9254206457480673,0.0,0.6458145976066589,45.573875427246094,0.9010922330097088,0.9267849022282856,0.0,0.9281491587085039,0.5467544198036194,0.9286039108685766,0.5471625626087189,0.0,0.0,0.0,0
13,tedad,1e-06,32,-1,10,gru,tapnet-SpokenArabicDigits,0.6816067099571228,42.21094512939453,0.9056432038834952,0.9290586630286494,0.0,0.5942519307136536,41.95988082885742,0.9059466019417476,0.9313324238290132,0.0,0.9308776716689404,0.49631673097610474,0.9313324238290132,0.496839314699173,0.0,0.0,0.0,0
14,tedad,1e-06,32,-1,10,gru,tapnet-SpokenArabicDigits,0.6364437341690063,39.064842224121094,0.9086771844660194,0.9326966803092315,0.0,0.5489006638526917,38.815269470214844,0.9098907766990292,0.9345156889495225,0.0,0.9331514324693042,0.4534485340118408,0.9340609367894498,0.45381778478622437,0.0,0.0,0.0,0
15,tedad,1e-06,32,-1,10,gru,tapnet-SpokenArabicDigits,0.5967774391174316,36.31625747680664,0.9117111650485437,0.935425193269668,0.0,0.5088737607002258,36.06897735595703,0.9135315533980582,0.9367894497498863,0.0,0.9358799454297408,0.4164712727069855,0.9358799454297408,0.4169786423444748,0.0,0.0,0.0,0
16,tedad,1e-06,32,-1,10,gru,tapnet-SpokenArabicDigits,0.5618196725845337,33.90687561035156,0.9153519417475728,0.937244201909959,0.0,0.4736909866333008,33.66179275512695,0.9174757281553398,0.937244201909959,0.0,0.9358799454297408,0.3846307396888733,0.9367894497498863,0.38502947986125946,0.0,0.0,0.0,0
17,tedad,1e-06,32,-1,10,gru,tapnet-SpokenArabicDigits,0.5307083129882812,31.78502082824707,0.9192961165048543,0.9381537062301046,0.0,0.4424751400947571,31.541362762451172,0.9192961165048543,0.9399727148703957,0.0,0.9381537062301046,0.356492817401886,0.9381537062301046,0.3569782227277756,0.0,0.0,0.0,0
18,tedad,1e-06,32,-1,10,gru,tapnet-SpokenArabicDigits,0.5029193162918091,29.904226303100586,0.9223300970873787,0.9381537062301046,0.0,0.4146735966205597,29.66469955444336,0.9211165048543689,0.9413369713506139,0.0,0.9395179627103228,0.33189645409584045,0.9408822191905412,0.3324483335018158,0.0,0.0,0.0,0
19,tedad,1e-06,32,-1,10,gru,tapnet-SpokenArabicDigits,0.4779731035232544,28.229703903198242,0.9250606796116505,0.9395179627103228,0.0,0.3897320628166199,27.99685287475586,0.9259708737864077,0.9417917235106866,0.0,0.9404274670304684,0.3100709021091461,0.9417917235106866,0.31055158376693726,0.0,0.0,0.0,0
20,tedad,1e-06,32,-1,10,gru,tapnet-SpokenArabicDigits,0.45548731088638306,26.732728958129883,0.9274878640776699,0.9422464756707595,0.0,0.36725178360939026,26.50598907470703,0.9277912621359223,0.9422464756707595,0.0,0.9413369713506139,0.290609210729599,0.943155979990905,0.2910313010215759,0.0,0.0,0.0,0
21,tedad,1e-06,32,-1,10,gru,tapnet-SpokenArabicDigits,0.43486544489860535,25.387714385986328,0.9308252427184466,0.9427012278308322,0.0,0.34691163897514343,25.167112350463867,0.9299150485436893,0.9436107321509777,0.0,0.943155979990905,0.27294307947158813,0.9436107321509777,0.2733847200870514,0.0,0.0,0.0,0
22,tedad,1e-06,32,-1,10,gru,tapnet-SpokenArabicDigits,0.4160923659801483,24.173070907592773,0.9329490291262136,0.9440654843110505,0.0,0.32842135429382324,23.957368850708008,0.9326456310679612,0.9458844929513415,0.0,0.944974988631196,0.2569752335548401,0.9445202364711233,0.2574843764305115,0.0,0.0,0.0,0
23,tedad,1e-06,32,-1,10,gru,tapnet-SpokenArabicDigits,0.39885619282722473,23.074256896972656,0.935376213592233,0.9445202364711233,0.0,0.31153321266174316,22.86280632019043,0.9359830097087378,0.9481582537517054,0.0,0.9454297407912687,0.2423252910375595,0.946793997271487,0.24289581179618835,0.0,0.0,0.0,0
24,tedad,1e-06,32,-1,10,gru,tapnet-SpokenArabicDigits,0.3829631805419922,22.075450897216797,0.9378033980582524,0.9458844929513415,0.0,0.2961178421974182,21.86849594116211,0.9387135922330098,0.9481582537517054,0.0,0.9463392451114143,0.22895075380802155,0.9486130059117781,0.2295563519001007,0.0,0.0,0.0,0
25,tedad,1e-06,32,-1,10,gru,tapnet-SpokenArabicDigits,0.36819905042648315,21.163164138793945,0.9408373786407767,0.9472487494315598,0.0,0.28206807374954224,20.963037490844727,0.9405339805825242,0.9495225102319236,0.0,0.9477035015916325,0.2166874259710312,0.9504320145520692,0.21726467460393906,0.0,0.0,0.0,0
26,tedad,1e-06,32,-1,10,gru,tapnet-SpokenArabicDigits,0.3544323146343231,20.327987670898438,0.9429611650485437,0.9486130059117781,0.0,0.2691115736961365,20.136537551879883,0.9426577669902912,0.9499772623919963,0.0,0.9504320145520692,0.20535166561603546,0.9517962710322874,0.20587971806526184,0.0,0.0,0.0,0
27,tedad,1e-06,32,-1,10,gru,tapnet-SpokenArabicDigits,0.34159475564956665,19.560993194580078,0.9441747572815534,0.9490677580718508,0.0,0.2571188509464264,19.377323150634766,0.9447815533980582,0.9508867667121419,0.0,0.9513415188722146,0.19477997720241547,0.9522510231923602,0.1953112557530403,0.0,0.0,0.0,0
28,tedad,1e-06,32,-1,10,gru,tapnet-SpokenArabicDigits,0.3295796513557434,18.852807998657227,0.9447815533980582,0.9504320145520692,0.0,0.24604138731956482,18.678342819213867,0.9456917475728155,0.9522510231923602,0.0,0.9517962710322874,0.18492750823497772,0.9536152796725784,0.1854490488767624,0.0,0.0,0.0,0
29,tedad,1e-06,32,-1,10,gru,tapnet-SpokenArabicDigits,0.31836172938346863,18.198759078979492,0.9466019417475728,0.9513415188722146,0.0,0.23574918508529663,18.032384872436523,0.9472087378640777,0.9531605275125057,0.0,0.9536152796725784,0.1756310611963272,0.954524783992724,0.1762334182858467,0.0,0.0,0.0,0
30,tedad,1e-06,32,-1,10,gru,tapnet-SpokenArabicDigits,0.3076370656490326,17.592628479003906,0.9484223300970874,0.952705775352433,0.0,0.22619135677814484,17.43380355834961,0.9487257281553398,0.9531605275125057,0.0,0.9558890404729422,0.16709817945957184,0.9549795361527967,0.16774600744247437,0.0,0.0,0.0,0
31,tedad,1e-06,32,-1,10,gru,tapnet-SpokenArabicDigits,0.29747527837753296,17.029565811157227,0.9499393203883495,0.9549795361527967,0.0,0.21723496913909912,16.877479553222656,0.9511529126213593,0.9558890404729422,0.0,0.956343792633015,0.1590740978717804,0.9558890404729422,0.15974274277687073,0.0,0.0,0.0,0
32,tedad,1e-06,32,-1,10,gru,tapnet-SpokenArabicDigits,0.28787940740585327,16.505128860473633,0.9514563106796117,0.956343792633015,0.0,0.2088821828365326,16.35869789123535,0.9535800970873787,0.9567985447930878,0.0,0.9577080491132333,0.15155382454395294,0.956343792633015,0.1522395834326744,0.0,0.0,0.0,0
33,tedad,1e-06,32,-1,10,gru,tapnet-SpokenArabicDigits,0.2787754535675049,16.015090942382812,0.9517597087378641,0.9567985447930878,0.0,0.20097282528877258,15.874773025512695,0.9547936893203883,0.958162801273306,0.0,0.9586175534333788,0.14452408254146576,0.958162801273306,0.1452363133430481,0.0,0.0,0.0,0
34,tedad,1e-06,32,-1,10,gru,tapnet-SpokenArabicDigits,0.2701337933540344,15.555827140808105,0.9535800970873787,0.9572532969531605,0.0,0.19353710114955902,15.421862602233887,0.9566140776699029,0.9590723055934516,0.0,0.9586175534333788,0.13787010312080383,0.9586175534333788,0.13858682662248611,0.0,0.0,0.0,0
35,tedad,1e-06,32,-1,10,gru,tapnet-SpokenArabicDigits,0.2619284689426422,15.124467849731445,0.9550970873786407,0.9586175534333788,0.0,0.1865626722574234,14.997547149658203,0.9575242718446602,0.959981809913597,0.0,0.958162801273306,0.13166962563991547,0.9590723055934516,0.13236505538225174,0.0,0.0,0.0,0
36,tedad,1e-06,32,-1,10,gru,tapnet-SpokenArabicDigits,0.25405919551849365,14.717954635620117,0.9560072815533981,0.9590723055934516,0.0,0.17997558414936066,14.597541809082031,0.9587378640776699,0.9604365620736699,0.0,0.9604365620736699,0.12583431601524353,0.959981809913597,0.12650500237941742,0.0,0.0,0.0,0
37,tedad,1e-06,32,-1,10,gru,tapnet-SpokenArabicDigits,0.24651144444942474,14.333950996398926,0.9578276699029126,0.959981809913597,0.0,0.17372173070907593,14.219990730285645,0.9605582524271845,0.9613460663938154,0.0,0.9613460663938154,0.12033410370349884,0.9604365620736699,0.12098346650600433,0.0,0.0,0.0,0
38,tedad,1e-06,32,-1,10,gru,tapnet-SpokenArabicDigits,0.23916487395763397,13.971329689025879,0.9596480582524272,0.9604365620736699,0.0,0.16779778897762299,13.864360809326172,0.9617718446601942,0.9618008185538881,0.0,0.9613460663938154,0.11507312208414078,0.9608913142337426,0.11569768562912941,0.0,0.0,0.0,0
39,tedad,1e-06,32,-1,10,gru,tapnet-SpokenArabicDigits,0.23215873539447784,13.627591133117676,0.9605582524271845,0.9604365620736699,0.0,0.16214340925216675,13.528409957885742,0.9626820388349514,0.9622555707139608,0.0,0.9622555707139608,0.11012321710586548,0.9622555707139608,0.11073597893118858,0.0,0.0,0.0,0
40,tedad,1e-06,32,-1,10,gru,tapnet-SpokenArabicDigits,0.22538085281848907,13.301438331604004,0.9620752427184466,0.9608913142337426,0.0,0.15677456557750702,13.209518432617188,0.9629854368932039,0.9627103228740337,0.0,0.9627103228740337,0.10542567074298859,0.9613460663938154,0.10603420808911324,0.0,0.0,0.0,0
41,tedad,1e-06,32,-1,10,gru,tapnet-SpokenArabicDigits,0.21886205673217773,12.99085521697998,0.9626820388349514,0.9613460663938154,0.0,0.15167196094989777,12.907515525817871,0.9641990291262136,0.9645293315143247,0.0,0.9627103228740337,0.10093029588460922,0.9618008185538881,0.10152473673224449,0.0,0.0,0.0,0
42,tedad,1e-06,32,-1,10,gru,tapnet-SpokenArabicDigits,0.21258345246315002,12.695659637451172,0.9641990291262136,0.9613460663938154,0.0,0.14685934782028198,12.620869636535645,0.9654126213592233,0.9645293315143247,0.0,0.9636198271941792,0.09663934260606766,0.9618008185538881,0.09723688289523125,0.0,0.0,0.0,0
43,tedad,1e-06,32,-1,10,gru,tapnet-SpokenArabicDigits,0.2065306156873703,12.414990425109863,0.9651092233009708,0.9613460663938154,0.0,0.1422550231218338,12.348101615905762,0.9663228155339806,0.9640745793542519,0.0,0.9640745793542519,0.0925820842385292,0.9618008185538881,0.0931611880660057,0.0,0.0,0.0,0
44,tedad,1e-06,32,-1,10,gru,tapnet-SpokenArabicDigits,0.20070695877075195,12.146488189697266,0.9657160194174758,0.9622555707139608,0.0,0.13785585761070251,12.087980270385742,0.9675364077669902,0.9649840836743975,0.0,0.9631650750341064,0.0887739360332489,0.9622555707139608,0.08933068439364433,0.0,0.0,0.0,0
45,tedad,1e-06,32,-1,10,gru,tapnet-SpokenArabicDigits,0.19505545496940613,11.890862464904785,0.9669296116504854,0.9627103228740337,0.0,0.13361255824565887,11.839360237121582,0.9681432038834952,0.9654388358344702,0.0,0.9631650750341064,0.08515839278697968,0.9627103228740337,0.08569296449422836,0.0,0.0,0.0,0
46,tedad,1e-06,32,-1,10,gru,tapnet-SpokenArabicDigits,0.1896047592163086,11.646897315979004,0.9693567961165048,0.9631650750341064,0.0,0.1295413374900818,11.602054595947266,0.9681432038834952,0.9654388358344702,0.0,0.9636198271941792,0.08169352263212204,0.9627103228740337,0.08221454173326492,0.0,0.0,0.0,0
47,tedad,1e-06,32,-1,10,gru,tapnet-SpokenArabicDigits,0.18434368073940277,11.413891792297363,0.9699635922330098,0.9636198271941792,0.0,0.12564405798912048,11.375391006469727,0.9684466019417476,0.9654388358344702,0.0,0.9640745793542519,0.07840877771377563,0.9631650750341064,0.07892657443881035,0.0,0.0,0.0,0
48,tedad,1e-06,32,-1,10,gru,tapnet-SpokenArabicDigits,0.17922593653202057,11.190413475036621,0.9702669902912622,0.9636198271941792,0.0,0.12191407382488251,11.158421516418457,0.9696601941747572,0.9654388358344702,0.0,0.9645293315143247,0.07529957592487335,0.9636198271941792,0.07582151517271996,0.0,0.0,0.0,0
49,tedad,1e-06,32,-1,10,gru,tapnet-SpokenArabicDigits,0.17429570853710175,10.97543716430664,0.9711771844660194,0.9640745793542519,0.0,0.1183379590511322,10.950295448303223,0.9699635922330098,0.9649840836743975,0.0,0.9645293315143247,0.07238110154867172,0.9636198271941792,0.07290436699986458,0.0,0.0,0.0,0
50,tedad,1e-06,32,-1,10,gru,tapnet-SpokenArabicDigits,0.16948726773262024,10.769070625305176,0.9726941747572816,0.9645293315143247,0.0,0.11491709202528,10.750917434692383,0.9705703883495146,0.9649840836743975,0.0,0.9649840836743975,0.06959681212902069,0.9640745793542519,0.0701141469180584,0.0,0.0,0.0,0
51,tedad,1e-06,32,-1,10,gru,tapnet-SpokenArabicDigits,0.16481813788414001,10.57148265838623,0.9736043689320388,0.9649840836743975,0.0,0.11162485182285309,10.559769630432129,0.9711771844660194,0.9649840836743975,0.0,0.9649840836743975,0.06695390492677689,0.9645293315143247,0.06746235117316246,0.0,0.0,0.0,0
52,tedad,1e-06,32,-1,10,gru,tapnet-SpokenArabicDigits,0.16031523048877716,10.38215160369873,0.9748179611650486,0.9654388358344702,0.0,0.10844843089580536,10.376338005065918,0.9711771844660194,0.9649840836743975,0.0,0.9649840836743975,0.06447219848632812,0.9649840836743975,0.06495428271591663,0.0,0.0,0.0,0
53,tedad,1e-06,32,-1,10,gru,tapnet-SpokenArabicDigits,0.1559254229068756,10.200247764587402,0.9757281553398058,0.9663483401546157,0.0,0.10539308190345764,10.200056076049805,0.9717839805825242,0.9654388358344702,0.0,0.9649840836743975,0.062080301344394684,0.9654388358344702,0.06255231983959675,0.0,0.0,0.0,0
54,tedad,1e-06,32,-1,10,gru,tapnet-SpokenArabicDigits,0.1516389697790146,10.024859428405762,0.9769417475728155,0.9663483401546157,0.0,0.10244781523942947,10.03072452545166,0.9720873786407767,0.965893587994543,0.0,0.9654388358344702,0.05975354090332985,0.9654388358344702,0.060221172869205475,0.0,0.0,0.0,0
55,tedad,1e-06,32,-1,10,gru,tapnet-SpokenArabicDigits,0.14751248061656952,9.856531143188477,0.9778519417475728,0.9663483401546157,0.0,0.09959101676940918,9.867901802062988,0.9742111650485437,0.965893587994543,0.0,0.965893587994543,0.05756257846951485,0.9654388358344702,0.05801799148321152,0.0,0.0,0.0,0
56,tedad,1e-06,32,-1,10,gru,tapnet-SpokenArabicDigits,0.14347288012504578,9.694574356079102,0.9784587378640777,0.9663483401546157,0.0,0.0968615785241127,9.710650444030762,0.9748179611650486,0.965893587994543,0.0,0.9663483401546157,0.05546312779188156,0.965893587994543,0.055898312479257584,0.0,0.0,0.0,0
57,tedad,1e-06,32,-1,10,gru,tapnet-SpokenArabicDigits,0.13958902657032013,9.538626670837402,0.9790655339805825,0.967712596634834,0.0,0.0942315012216568,9.559081077575684,0.9754247572815534,0.9663483401546157,0.0,0.9663483401546157,0.0534801259636879,0.9663483401546157,0.05390018969774246,0.0,0.0,0.0,0
58,tedad,1e-06,32,-1,10,gru,tapnet-SpokenArabicDigits,0.1358163207769394,9.388388633728027,0.9796723300970874,0.9681673487949067,0.0,0.09169571846723557,9.412875175476074,0.9760315533980582,0.9663483401546157,0.0,0.9668030923146885,0.05159065127372742,0.9663483401546157,0.052000097930431366,0.0,0.0,0.0,0
59,tedad,1e-06,32,-1,10,gru,tapnet-SpokenArabicDigits,0.132185697555542,9.24394702911377,0.9805825242718447,0.9681673487949067,0.0,0.0892527773976326,9.272174835205078,0.9769417475728155,0.9668030923146885,0.0,0.9668030923146885,0.04979759827256203,0.9663483401546157,0.05019893869757652,0.0,0.0,0.0,0
60,tedad,1e-06,32,-1,10,gru,tapnet-SpokenArabicDigits,0.1286565214395523,9.104171752929688,0.9808859223300971,0.9681673487949067,0.0,0.0869065597653389,9.136092185974121,0.9778519417475728,0.9672578444747613,0.0,0.9668030923146885,0.04809052124619484,0.9668030923146885,0.048485299572348595,0.0,0.0,0.0,0
61,tedad,1e-06,32,-1,10,gru,tapnet-SpokenArabicDigits,0.1252405047416687,8.969527244567871,0.9824029126213593,0.9681673487949067,0.0,0.08463004976511002,9.004681587219238,0.9787621359223301,0.967712596634834,0.0,0.9668030923146885,0.04644620046019554,0.9668030923146885,0.04683484137058258,0.0,0.0,0.0,0
62,tedad,1e-06,32,-1,10,gru,tapnet-SpokenArabicDigits,0.12189947068691254,8.839502334594727,0.9830097087378641,0.9681673487949067,0.0,0.08242291212081909,8.877907752990723,0.9790655339805825,0.9672578444747613,0.0,0.9672578444747613,0.04486256092786789,0.9668030923146885,0.0452446099370718,0.0,0.0,0.0,0
63,tedad,1e-06,32,-1,10,gru,tapnet-SpokenArabicDigits,0.11865541338920593,8.713875770568848,0.9833131067961165,0.9690768531150523,0.0,0.08026660233736038,8.755282402038574,0.9799757281553398,0.9672578444747613,0.0,0.9672578444747613,0.043372590094804764,0.9668030923146885,0.04374803602695465,0.0,0.0,0.0,0
64,tedad,1e-06,32,-1,10,gru,tapnet-SpokenArabicDigits,0.1155029833316803,8.592829704284668,0.9839199029126213,0.969531605275125,0.0,0.07818640768527985,8.636672019958496,0.9802791262135923,0.967712596634834,0.0,0.9672578444747613,0.04192609339952469,0.9672578444747613,0.04229528829455376,0.0,0.0,0.0,0
65,tedad,1e-06,32,-1,10,gru,tapnet-SpokenArabicDigits,0.11243539303541183,8.475940704345703,0.9845266990291263,0.969531605275125,0.0,0.07616661489009857,8.522014617919922,0.9808859223300971,0.9681673487949067,0.0,0.9672578444747613,0.04053337499499321,0.9672578444747613,0.04090158827602863,0.0,0.0,0.0,0
66,tedad,1e-06,32,-1,10,gru,tapnet-SpokenArabicDigits,0.10945939272642136,8.36303997039795,0.9851334951456311,0.969531605275125,0.0,0.07419953495264053,8.411243438720703,0.9817961165048543,0.9686221009549796,0.0,0.967712596634834,0.03919792175292969,0.967712596634834,0.03956715948879719,0.0,0.0,0.0,0
67,tedad,1e-06,32,-1,10,gru,tapnet-SpokenArabicDigits,0.10656571388244629,8.253602981567383,0.9866504854368932,0.969531605275125,0.0,0.07229591906070709,8.30434513092041,0.9820995145631068,0.9686221009549796,0.0,0.9681673487949067,0.0379035584628582,0.9681673487949067,0.03826906532049179,0.0,0.0,0.0,0
68,tedad,1e-06,32,-1,10,gru,tapnet-SpokenArabicDigits,0.10372746735811234,8.148155212402344,0.9869538834951457,0.969531605275125,0.0,0.07044528424739838,8.200835227966309,0.9824029126213593,0.9686221009549796,0.0,0.967712596634834,0.0366724468767643,0.9686221009549796,0.03702820837497711,0.0,0.0,0.0,0
69,tedad,1e-06,32,-1,10,gru,tapnet-SpokenArabicDigits,0.10092603415250778,8.045310974121094,0.9869538834951457,0.9699863574351978,0.0,0.06866064667701721,8.100248336791992,0.9830097087378641,0.9686221009549796,0.0,0.9681673487949067,0.035502973943948746,0.9686221009549796,0.035848576575517654,0.0,0.0,0.0,0
70,tedad,1e-06,32,-1,10,gru,tapnet-SpokenArabicDigits,0.09823030233383179,7.946160793304443,0.9875606796116505,0.9699863574351978,0.0,0.06691977381706238,8.002906799316406,0.9839199029126213,0.9686221009549796,0.0,0.9681673487949067,0.03437556326389313,0.9686221009549796,0.034707970917224884,0.0,0.0,0.0,0
71,tedad,1e-06,32,-1,10,gru,tapnet-SpokenArabicDigits,0.09560200572013855,7.850321292877197,0.9884708737864077,0.969531605275125,0.0,0.0652397871017456,7.909049987792969,0.9848300970873787,0.969531605275125,0.0,0.9686221009549796,0.03329067677259445,0.969531605275125,0.03361630439758301,0.0,0.0,0.0,0
72,tedad,1e-06,32,-1,10,gru,tapnet-SpokenArabicDigits,0.09303805232048035,7.757296562194824,0.9884708737864077,0.9699863574351978,0.0,0.06359884142875671,7.81785249710083,0.9860436893203883,0.9699863574351978,0.0,0.9690768531150523,0.032262761145830154,0.969531605275125,0.03258057218044996,0.0,0.0,0.0,0
73,tedad,1e-06,32,-1,10,gru,tapnet-SpokenArabicDigits,0.09055490791797638,7.6667327880859375,0.9890776699029126,0.9699863574351978,0.0,0.06202640384435654,7.729153156280518,0.9863470873786407,0.9699863574351978,0.0,0.9690768531150523,0.03124425746500492,0.969531605275125,0.031555227003991604,0.0,0.0,0.0,0
74,tedad,1e-06,32,-1,10,gru,tapnet-SpokenArabicDigits,0.08813367784023285,7.5792388916015625,0.9890776699029126,0.9704411095952705,0.0,0.06049250811338425,7.643401145935059,0.9863470873786407,0.9699863574351978,0.0,0.9690768531150523,0.030283140018582344,0.9704411095952705,0.030581898987293243,0.0,0.0,0.0,0
75,tedad,1e-06,32,-1,10,gru,tapnet-SpokenArabicDigits,0.08579043298959732,7.49398136138916,0.9899878640776699,0.9708958617553434,0.0,0.059000030159950256,7.559950351715088,0.9866504854368932,0.9699863574351978,0.0,0.9690768531150523,0.029362117871642113,0.9708958617553434,0.029650087468326092,0.0,0.0,0.0,0
76,tedad,1e-06,32,-1,10,gru,tapnet-SpokenArabicDigits,0.08348803967237473,7.411250591278076,0.9908980582524272,0.9713506139154161,0.0,0.057555779814720154,7.4789204597473145,0.9872572815533981,0.9704411095952705,0.0,0.9690768531150523,0.02846411056816578,0.9713506139154161,0.02873983606696129,0.0,0.0,0.0,0
77,tedad,1e-06,32,-1,10,gru,tapnet-SpokenArabicDigits,0.08123921602964401,7.3307719230651855,0.9912014563106796,0.9718053660754888,0.0,0.05615167319774628,7.400452613830566,0.9887742718446602,0.9704411095952705,0.0,0.969531605275125,0.02760043367743492,0.9713506139154161,0.02786283940076828,0.0,0.0,0.0,0
78,tedad,1e-06,32,-1,10,gru,tapnet-SpokenArabicDigits,0.07904450595378876,7.252864360809326,0.9918082524271845,0.9722601182355616,0.0,0.05477839708328247,7.3245625495910645,0.9887742718446602,0.9708958617553434,0.0,0.9704411095952705,0.026794826611876488,0.9722601182355616,0.027042243629693985,0.0,0.0,0.0,0
79,tedad,1e-06,32,-1,10,gru,tapnet-SpokenArabicDigits,0.07689599692821503,7.176578998565674,0.9918082524271845,0.9727148703956344,0.0,0.05346391350030899,7.250497817993164,0.9893810679611651,0.9713506139154161,0.0,0.9708958617553434,0.026009248569607735,0.9722601182355616,0.026241136714816093,0.0,0.0,0.0,0
80,tedad,1e-06,32,-1,10,gru,tapnet-SpokenArabicDigits,0.07481509447097778,7.103172779083252,0.9918082524271845,0.9727148703956344,0.0,0.052181489765644073,7.178781509399414,0.9899878640776699,0.9718053660754888,0.0,0.9718053660754888,0.025257671251893044,0.9727148703956344,0.02547584380954504,0.0,0.0,0.0,0
81,tedad,1e-06,32,-1,10,gru,tapnet-SpokenArabicDigits,0.07276545464992523,7.031342506408691,0.9921116504854369,0.9727148703956344,0.0,0.050934694707393646,7.108938217163086,0.9899878640776699,0.9722601182355616,0.0,0.9722601182355616,0.024535013362765312,0.9731696225557072,0.02474210597574711,0.0,0.0,0.0,0
82,tedad,1e-06,32,-1,10,gru,tapnet-SpokenArabicDigits,0.07077428698539734,6.961979866027832,0.9924150485436893,0.9727148703956344,0.0,0.04972854256629944,7.041407585144043,0.9899878640776699,0.9722601182355616,0.0,0.9727148703956344,0.023837462067604065,0.9736243747157799,0.02403037529438734,0.0,0.0,0.0,0
83,tedad,1e-06,32,-1,10,gru,tapnet-SpokenArabicDigits,0.06886422634124756,6.89414644241333,0.9927184466019418,0.9731696225557072,0.0,0.04855971783399582,6.975170612335205,0.9902912621359223,0.9727148703956344,0.0,0.9727148703956344,0.02315624989569187,0.9736243747157799,0.023335643112659454,0.0,0.0,0.0,0
84,tedad,1e-06,32,-1,10,gru,tapnet-SpokenArabicDigits,0.06700921058654785,6.828873634338379,0.9930218446601942,0.9731696225557072,0.0,0.047415219247341156,6.911386489868164,0.9908980582524272,0.9727148703956344,0.0,0.9731696225557072,0.02250443398952484,0.9740791268758526,0.022671937942504883,0.0,0.0,0.0,0
85,tedad,1e-06,32,-1,10,gru,tapnet-SpokenArabicDigits,0.06520844995975494,6.76567268371582,0.9933252427184466,0.9736243747157799,0.0,0.04630713164806366,6.8493452072143555,0.9912014563106796,0.9731696225557072,0.0,0.9731696225557072,0.021877247840166092,0.9745338790359254,0.02203663531690836,0.0,0.0,0.0,0
86,tedad,1e-06,32,-1,10,gru,tapnet-SpokenArabicDigits,0.06346827745437622,6.703655242919922,0.9939320388349514,0.9736243747157799,0.0,0.04522582143545151,6.7885661125183105,0.991504854368932,0.9731696225557072,0.0,0.9731696225557072,0.02126641944050789,0.9745338790359254,0.02141715120524168,0.0,0.0,0.0,0
87,tedad,1e-06,32,-1,10,gru,tapnet-SpokenArabicDigits,0.061775535345077515,6.643507480621338,0.9939320388349514,0.9736243747157799,0.0,0.04417821019887924,6.729248523712158,0.9918082524271845,0.9731696225557072,0.0,0.9736243747157799,0.020672114565968513,0.9749886311959982,0.02081458456814289,0.0,0.0,0.0,0
88,tedad,1e-06,32,-1,10,gru,tapnet-SpokenArabicDigits,0.060134947299957275,6.584448337554932,0.9939320388349514,0.9736243747157799,0.0,0.04315207898616791,6.671161651611328,0.9921116504854369,0.9731696225557072,0.0,0.9736243747157799,0.020099369809031487,0.9749886311959982,0.020234232768416405,0.0,0.0,0.0,0
89,tedad,1e-06,32,-1,10,gru,tapnet-SpokenArabicDigits,0.05853533744812012,6.527292251586914,0.9939320388349514,0.9736243747157799,0.0,0.04215400665998459,6.614981651306152,0.9924150485436893,0.9731696225557072,0.0,0.9736243747157799,0.01954188570380211,0.9749886311959982,0.019669336266815662,0.0,0.0,0.0,0
90,tedad,1e-06,32,-1,10,gru,tapnet-SpokenArabicDigits,0.056987911462783813,6.471648693084717,0.9939320388349514,0.9736243747157799,0.0,0.041178926825523376,6.560141563415527,0.9927184466019418,0.9731696225557072,0.0,0.9736243747157799,0.01902020536363125,0.9749886311959982,0.01913912408053875,0.0,0.0,0.0,0
91,tedad,1e-06,32,-1,10,gru,tapnet-SpokenArabicDigits,0.05548952519893646,6.4175028800964355,0.9942354368932039,0.9740791268758526,0.0,0.04023335874080658,6.506844520568848,0.9930218446601942,0.9731696225557072,0.0,0.9740791268758526,0.018506091088056564,0.9749886311959982,0.01861890498548746,0.0,0.0,0.0,0
92,tedad,1e-06,32,-1,10,gru,tapnet-SpokenArabicDigits,0.05403910577297211,6.364961624145508,0.9948422330097088,0.9740791268758526,0.0,0.039332278072834015,6.455174922943115,0.9930218446601942,0.9731696225557072,0.0,0.9745338790359254,0.018010035157203674,0.9749886311959982,0.01811671257019043,0.0,0.0,0.0,0
93,tedad,1e-06,32,-1,10,gru,tapnet-SpokenArabicDigits,0.052608877420425415,6.31347131729126,0.9948422330097088,0.9749886311959982,0.0,0.038457535207271576,6.404289722442627,0.993628640776699,0.9736243747157799,0.0,0.9745338790359254,0.017542237415909767,0.975443383356071,0.017641793005168438,0.0,0.0,0.0,0
94,tedad,1e-06,32,-1,10,gru,tapnet-SpokenArabicDigits,0.051219090819358826,6.263813495635986,0.9951456310679612,0.9749886311959982,0.0,0.037595234811306,6.355131149291992,0.993628640776699,0.9740791268758526,0.0,0.975443383356071,0.017098965123295784,0.975443383356071,0.017190881073474884,0.0,0.0,0.0,0
95,tedad,1e-06,32,-1,10,gru,tapnet-SpokenArabicDigits,0.04987312853336334,6.214763164520264,0.9954490291262136,0.9749886311959982,0.0,0.03676457703113556,6.306934356689453,0.9939320388349514,0.9740791268758526,0.0,0.9758981355161437,0.016651485115289688,0.975443383356071,0.01673451717942953,0.0,0.0,0.0,0
96,tedad,1e-06,32,-1,10,gru,tapnet-SpokenArabicDigits,0.04857683181762695,6.16729211807251,0.9954490291262136,0.9749886311959982,0.0,0.03595302999019623,6.2596588134765625,0.9942354368932039,0.9740791268758526,0.0,0.9758981355161437,0.016220342367887497,0.975443383356071,0.016297143884003162,0.0,0.0,0.0,0
97,tedad,1e-06,32,-1,10,gru,tapnet-SpokenArabicDigits,0.04730919003486633,6.120474815368652,0.995752427184466,0.975443383356071,0.0,0.035169899463653564,6.213143348693848,0.9945388349514563,0.9740791268758526,0.0,0.9758981355161437,0.015809597447514534,0.9758981355161437,0.01587831461802125,0.0,0.0,0.0,0
98,tedad,1e-06,32,-1,10,gru,tapnet-SpokenArabicDigits,0.04607626795768738,6.07523775100708,0.995752427184466,0.975443383356071,0.0,0.034395404160022736,6.168460845947266,0.9945388349514563,0.9740791268758526,0.0,0.9758981355161437,0.015407852828502655,0.9758981355161437,0.015469903592020273,0.0,0.0,0.0,0
99,tedad,1e-06,32,-1,10,gru,tapnet-SpokenArabicDigits,0.044891729950904846,6.031144142150879,0.995752427184466,0.9758981355161437,0.0,0.03364408761262894,6.124598026275635,0.9945388349514563,0.9740791268758526,0.0,0.9758981355161437,0.015010916627943516,0.9758981355161437,0.015066924039274454,0.0,0.0,0.0,0
100,tedad,1e-06,32,-1,10,gru,tapnet-SpokenArabicDigits,0.043730124831199646,5.988018035888672,0.995752427184466,0.9763528876762164,0.0,0.032908134162425995,6.082190990447998,0.9945388349514563,0.9749886311959982,0.0,0.9758981355161437,0.014626565389335155,0.9758981355161437,0.014678312465548515,0.0,0.0,0.0,0
101,tedad,1e-06,32,-1,10,gru,tapnet-SpokenArabicDigits,0.04261846840381622,5.945671081542969,0.995752427184466,0.9763528876762164,0.0,0.03218447417020798,6.040115833282471,0.9945388349514563,0.9749886311959982,0.0,0.9758981355161437,0.014251708984375,0.9758981355161437,0.01430076127871871,0.0,0.0,0.0,0
102,tedad,1e-06,32,-1,10,gru,tapnet-SpokenArabicDigits,0.041525691747665405,5.903927803039551,0.995752427184466,0.9768076398362893,0.0,0.03147803246974945,5.998875141143799,0.9945388349514563,0.9749886311959982,0.0,0.9758981355161437,0.013886037282645702,0.9758981355161437,0.013934622518718243,0.0,0.0,0.0,0
103,tedad,1e-06,32,-1,10,gru,tapnet-SpokenArabicDigits,0.04048676788806915,5.863611698150635,0.995752427184466,0.977262391996362,0.0,0.03079739212989807,5.958892345428467,0.9948422330097088,0.9749886311959982,0.0,0.9758981355161437,0.013530731201171875,0.9758981355161437,0.013578943442553282,0.0,0.0,0.0,0
104,tedad,1e-06,32,-1,10,gru,tapnet-SpokenArabicDigits,0.039457082748413086,5.823976516723633,0.995752427184466,0.977262391996362,0.0,0.03012716770172119,5.919757843017578,0.9948422330097088,0.9749886311959982,0.0,0.9758981355161437,0.013192757032811642,0.9758981355161437,0.013240005355328321,0.0,0.0,0.0,0
105,tedad,1e-06,32,-1,10,gru,tapnet-SpokenArabicDigits,0.03845149278640747,5.785398960113525,0.995752427184466,0.977262391996362,0.0,0.02947583794593811,5.882083415985107,0.9948422330097088,0.9749886311959982,0.0,0.9758981355161437,0.01285590324550867,0.9758981355161437,0.012902259826660156,0.0,0.0,0.0,0
106,tedad,1e-06,32,-1,10,gru,tapnet-SpokenArabicDigits,0.037487879395484924,5.747559070587158,0.995752427184466,0.977262391996362,0.0,0.028843224048614502,5.84508752822876,0.9948422330097088,0.975443383356071,0.0,0.9758981355161437,0.012532337568700314,0.9758981355161437,0.012576818466186523,0.0,0.0,0.0,0
107,tedad,1e-06,32,-1,10,gru,tapnet-SpokenArabicDigits,0.03654906153678894,5.710591793060303,0.9960558252427184,0.977262391996362,0.0,0.02822031080722809,5.8088226318359375,0.9948422330097088,0.9758981355161437,0.0,0.9758981355161437,0.012232614681124687,0.9758981355161437,0.012276152148842812,0.0,0.0,0.0,0
108,tedad,1e-06,32,-1,10,gru,tapnet-SpokenArabicDigits,0.035631924867630005,5.674457550048828,0.9963592233009708,0.977262391996362,0.0,0.027619004249572754,5.773506164550781,0.9948422330097088,0.9758981355161437,0.0,0.9758981355161437,0.01192474365234375,0.9758981355161437,0.011965699959546328,0.0,0.0,0.0,0
109,tedad,1e-06,32,-1,10,gru,tapnet-SpokenArabicDigits,0.034748971462249756,5.638737678527832,0.9963592233009708,0.977262391996362,0.0,0.02703048288822174,5.738184452056885,0.9951456310679612,0.9758981355161437,0.0,0.9768076398362893,0.011632628738880157,0.9763528876762164,0.011671221815049648,0.0,0.0,0.0,0
110,tedad,1e-06,32,-1,10,gru,tapnet-SpokenArabicDigits,0.03388696908950806,5.604409217834473,0.9966626213592233,0.977262391996362,0.0,0.02646172046661377,5.704337120056152,0.9951456310679612,0.9758981355161437,0.0,0.977262391996362,0.011345842853188515,0.9763528876762164,0.011382496915757656,0.0,0.0,0.0,0
111,tedad,1e-06,32,-1,10,gru,tapnet-SpokenArabicDigits,0.03305085003376007,5.571131229400635,0.9966626213592233,0.977262391996362,0.0,0.025903552770614624,5.670289516448975,0.9954490291262136,0.9758981355161437,0.0,0.977262391996362,0.011071993038058281,0.9763528876762164,0.011107683181762695,0.0,0.0,0.0,0
112,tedad,1e-06,32,-1,10,gru,tapnet-SpokenArabicDigits,0.032237619161605835,5.537964820861816,0.9966626213592233,0.9777171441564347,0.0,0.025359615683555603,5.63759183883667,0.9954490291262136,0.9763528876762164,0.0,0.977262391996362,0.010802061296999454,0.9763528876762164,0.010836591012775898,0.0,0.0,0.0,0
113,tedad,1e-06,32,-1,10,gru,tapnet-SpokenArabicDigits,0.031452685594558716,5.5055766105651855,0.9966626213592233,0.9777171441564347,0.0,0.024817869067192078,5.60540771484375,0.995752427184466,0.9763528876762164,0.0,0.9777171441564347,0.01053884718567133,0.9763528876762164,0.010573221370577812,0.0,0.0,0.0,0
114,tedad,1e-06,32,-1,10,gru,tapnet-SpokenArabicDigits,0.030685648322105408,5.473867416381836,0.9972694174757282,0.9777171441564347,0.0,0.02430093288421631,5.573843955993652,0.9963592233009708,0.9763528876762164,0.0,0.9777171441564347,0.01028564665466547,0.9763528876762164,0.010320259258151054,0.0,0.0,0.0,0
115,tedad,1e-06,32,-1,10,gru,tapnet-SpokenArabicDigits,0.029932916164398193,5.442903518676758,0.9972694174757282,0.9781718963165075,0.0,0.023792341351509094,5.543079376220703,0.9963592233009708,0.9763528876762164,0.0,0.9777171441564347,0.010029979050159454,0.9763528876762164,0.010064031928777695,0.0,0.0,0.0,0
116,tedad,1e-06,32,-1,10,gru,tapnet-SpokenArabicDigits,0.029203951358795166,5.412423610687256,0.9972694174757282,0.9781718963165075,0.0,0.023287445306777954,5.51272439956665,0.9963592233009708,0.9768076398362893,0.0,0.9777171441564347,0.009790959767997265,0.9763528876762164,0.009824586566537619,0.0,0.0,0.0,0
117,tedad,1e-06,32,-1,10,gru,tapnet-SpokenArabicDigits,0.02850639820098877,5.383198261260986,0.997876213592233,0.9786266484765803,0.0,0.022807136178016663,5.482898235321045,0.9966626213592233,0.9768076398362893,0.0,0.9777171441564347,0.009554904885590076,0.9763528876762164,0.009587433189153671,0.0,0.0,0.0,0
118,tedad,1e-06,32,-1,10,gru,tapnet-SpokenArabicDigits,0.02782115340232849,5.354299545288086,0.997876213592233,0.9786266484765803,0.0,0.022335410118103027,5.453660011291504,0.9969660194174758,0.9763528876762164,0.0,0.9777171441564347,0.00932643748819828,0.9763528876762164,0.009359825868159533,0.0,0.0,0.0,0
119,tedad,1e-06,32,-1,10,gru,tapnet-SpokenArabicDigits,0.02715975046157837,5.3267436027526855,0.9981796116504854,0.9786266484765803,0.0,0.021875783801078796,5.425103187561035,0.9969660194174758,0.9768076398362893,0.0,0.9777171441564347,0.009101121686398983,0.9768076398362893,0.00913237500935793,0.0,0.0,0.0,0
120,tedad,1e-06,32,-1,10,gru,tapnet-SpokenArabicDigits,0.02650696039199829,5.298758029937744,0.9984830097087378,0.9786266484765803,0.0,0.021423757076263428,5.396574974060059,0.9969660194174758,0.9768076398362893,0.0,0.9777171441564347,0.008887208066880703,0.9768076398362893,0.008916979189962149,0.0,0.0,0.0,0
121,tedad,1e-06,32,-1,10,gru,tapnet-SpokenArabicDigits,0.02587619423866272,5.272207260131836,0.9984830097087378,0.9786266484765803,0.0,0.020988360047340393,5.3690948486328125,0.9972694174757282,0.9768076398362893,0.0,0.9777171441564347,0.008670889772474766,0.9768076398362893,0.008698370307683945,0.0,0.0,0.0,0
122,tedad,1e-06,32,-1,10,gru,tapnet-SpokenArabicDigits,0.025260165333747864,5.2455949783325195,0.9984830097087378,0.9786266484765803,0.0,0.020556658506393433,5.3417582511901855,0.9972694174757282,0.9768076398362893,0.0,0.9777171441564347,0.008466264232993126,0.9768076398362893,0.008490313775837421,0.0,0.0,0.0,0
123,tedad,1e-06,32,-1,10,gru,tapnet-SpokenArabicDigits,0.02466253936290741,5.219574451446533,0.9987864077669902,0.9781718963165075,0.0,0.020140841603279114,5.315351486206055,0.9972694174757282,0.9768076398362893,0.0,0.9777171441564347,0.008263567462563515,0.9768076398362893,0.008285138756036758,0.0,0.0,0.0,0
124,tedad,1e-06,32,-1,10,gru,tapnet-SpokenArabicDigits,0.02407415211200714,5.193974018096924,0.9987864077669902,0.9781718963165075,0.0,0.019728779792785645,5.288949489593506,0.9975728155339806,0.9768076398362893,0.0,0.9777171441564347,0.008073433302342892,0.9768076398362893,0.008093647425994277,0.0,0.0,0.0,0
125,tedad,1e-06,32,-1,10,gru,tapnet-SpokenArabicDigits,0.023503899574279785,5.168919563293457,0.9987864077669902,0.9781718963165075,0.0,0.01932808756828308,5.263956069946289,0.9975728155339806,0.9768076398362893,0.0,0.9781718963165075,0.00788547657430172,0.9768076398362893,0.007903461810201406,0.0,0.0,0.0,0
126,tedad,1e-06,32,-1,10,gru,tapnet-SpokenArabicDigits,0.02294328808784485,5.14467191696167,0.9987864077669902,0.9781718963165075,0.0,0.018937110900878906,5.238837242126465,0.9975728155339806,0.9768076398362893,0.0,0.9781718963165075,0.0076975408010184765,0.9768076398362893,0.007714147446677089,0.0,0.0,0.0,0
127,tedad,1e-06,32,-1,10,gru,tapnet-SpokenArabicDigits,0.02241736650466919,5.12109375,0.9987864077669902,0.9781718963165075,0.0,0.01855364441871643,5.21426248550415,0.9975728155339806,0.9768076398362893,0.0,0.9781718963165075,0.007519721984863281,0.9768076398362893,0.007534348405897617,0.0,0.0,0.0,0
128,tedad,1e-06,32,-1,10,gru,tapnet-SpokenArabicDigits,0.021885946393013,5.097419738769531,0.9987864077669902,0.9777171441564347,0.0,0.018184900283813477,5.190528392791748,0.9975728155339806,0.9768076398362893,0.0,0.9781718963165075,0.007341840770095587,0.9768076398362893,0.007355565670877695,0.0,0.0,0.0,0
129,tedad,1e-06,32,-1,10,gru,tapnet-SpokenArabicDigits,0.02137744426727295,5.074560165405273,0.9987864077669902,0.9777171441564347,0.0,0.017824187874794006,5.1663594245910645,0.9975728155339806,0.9768076398362893,0.0,0.9781718963165075,0.007172170095145702,0.9768076398362893,0.007184878457337618,0.0,0.0,0.0,0
130,tedad,1e-06,32,-1,10,gru,tapnet-SpokenArabicDigits,0.020883768796920776,5.052182674407959,0.9987864077669902,0.9777171441564347,0.0,0.01747223734855652,5.143527984619141,0.9975728155339806,0.9768076398362893,0.0,0.9781718963165075,0.0070082624442875385,0.9768076398362893,0.007020535646006465,0.0,0.0,0.0,0
131,tedad,1e-06,32,-1,10,gru,tapnet-SpokenArabicDigits,0.02040308713912964,5.030238628387451,0.9990898058252428,0.9777171441564347,0.0,0.017131656408309937,5.120119571685791,0.9975728155339806,0.9768076398362893,0.0,0.9781718963165075,0.006843484006822109,0.9768076398362893,0.006855612155050039,0.0,0.0,0.0,0
132,tedad,1e-06,32,-1,10,gru,tapnet-SpokenArabicDigits,0.01994168758392334,5.008541584014893,0.9990898058252428,0.9777171441564347,0.0,0.016797825694084167,5.098079204559326,0.9975728155339806,0.977262391996362,0.0,0.9781718963165075,0.006689818110316992,0.9768076398362893,0.00670178048312664,0.0,0.0,0.0,0
133,tedad,1e-06,32,-1,10,gru,tapnet-SpokenArabicDigits,0.019478797912597656,4.987849235534668,0.9990898058252428,0.9786266484765803,0.0,0.016470476984977722,5.076577663421631,0.9975728155339806,0.977262391996362,0.0,0.9781718963165075,0.006532544735819101,0.9777171441564347,0.00654440326616168,0.0,0.0,0.0,0
134,tedad,1e-06,32,-1,10,gru,tapnet-SpokenArabicDigits,0.019031360745429993,4.967291831970215,0.9990898058252428,0.9786266484765803,0.0,0.016152337193489075,5.054937839508057,0.9975728155339806,0.977262391996362,0.0,0.9786266484765803,0.0063826520927250385,0.9777171441564347,0.006394655909389257,0.0,0.0,0.0,0
135,tedad,1e-06,32,-1,10,gru,tapnet-SpokenArabicDigits,0.01859670877456665,4.947162628173828,0.9990898058252428,0.9786266484765803,0.0,0.015841320157051086,5.034423351287842,0.997876213592233,0.977262391996362,0.0,0.9786266484765803,0.006237817928195,0.9777171441564347,0.006250112084671855,0.0,0.0,0.0,0
136,tedad,1e-06,32,-1,10,gru,tapnet-SpokenArabicDigits,0.01817953586578369,4.928083419799805,0.9990898058252428,0.9786266484765803,0.0,0.015538036823272705,5.014778137207031,0.9981796116504854,0.977262391996362,0.0,0.9786266484765803,0.006090827751904726,0.9777171441564347,0.006103971740230918,0.0,0.0,0.0,0
137,tedad,1e-06,32,-1,10,gru,tapnet-SpokenArabicDigits,0.01776619255542755,4.908972263336182,0.9990898058252428,0.9786266484765803,0.0,0.015241548418998718,4.994570732116699,0.9981796116504854,0.977262391996362,0.0,0.9786266484765803,0.005951259285211563,0.9777171441564347,0.0059657718520611525,0.0,0.0,0.0,0
138,tedad,1e-06,32,-1,10,gru,tapnet-SpokenArabicDigits,0.017361566424369812,4.8906097412109375,0.9990898058252428,0.9786266484765803,0.0,0.014950588345527649,4.975314140319824,0.9981796116504854,0.977262391996362,0.0,0.9786266484765803,0.005815837532281876,0.977262391996362,0.0058316977228969336,0.0,0.0,0.0,0
139,tedad,1e-06,32,-1,10,gru,tapnet-SpokenArabicDigits,0.01697060465812683,4.871711730957031,0.9990898058252428,0.9786266484765803,0.0,0.014670372009277344,4.955883979797363,0.9984830097087378,0.977262391996362,0.0,0.9786266484765803,0.005681328009814024,0.977262391996362,0.005699095549061894,0.0,0.0,0.0,0
140,tedad,1e-06,32,-1,10,gru,tapnet-SpokenArabicDigits,0.016592323780059814,4.85414457321167,0.9990898058252428,0.9786266484765803,0.0,0.014394775032997131,4.9372124671936035,0.9984830097087378,0.977262391996362,0.0,0.9786266484765803,0.005551752634346485,0.977262391996362,0.005570515291765332,0.0,0.0,0.0,0
141,tedad,1e-06,32,-1,10,gru,tapnet-SpokenArabicDigits,0.016223952174186707,4.836189270019531,0.9996966019417476,0.979081400636653,0.0,0.014116048812866211,4.918795108795166,0.9984830097087378,0.977262391996362,0.0,0.9795361527967258,0.0054279412142932415,0.9777171441564347,0.0054477606900036335,0.0,0.0,0.0,0
142,tedad,1e-06,32,-1,10,gru,tapnet-SpokenArabicDigits,0.015860125422477722,4.819256782531738,0.9996966019417476,0.979081400636653,0.0,0.013854607939720154,4.900364398956299,0.9984830097087378,0.9777171441564347,0.0,0.9795361527967258,0.005306658335030079,0.9777171441564347,0.005327867344021797,0.0,0.0,0.0,0
143,tedad,1e-06,32,-1,10,gru,tapnet-SpokenArabicDigits,0.015507295727729797,4.802244663238525,0.9996966019417476,0.979081400636653,0.0,0.013587206602096558,4.883053302764893,0.9984830097087378,0.9777171441564347,0.0,0.9795361527967258,0.005187739618122578,0.9777171441564347,0.005209736293181777,0.0,0.0,0.0,0
144,tedad,1e-06,32,-1,10,gru,tapnet-SpokenArabicDigits,0.01516599953174591,4.785766124725342,0.9996966019417476,0.979081400636653,0.0,0.013328686356544495,4.865108489990234,0.9984830097087378,0.9777171441564347,0.0,0.9795361527967258,0.005069318227469921,0.9777171441564347,0.005092620849609375,0.0,0.0,0.0,0
145,tedad,1e-06,32,-1,10,gru,tapnet-SpokenArabicDigits,0.014831557869911194,4.769254684448242,0.9996966019417476,0.979081400636653,0.0,0.013080820441246033,4.847947120666504,0.9984830097087378,0.9777171441564347,0.0,0.9795361527967258,0.004955043084919453,0.9777171441564347,0.004979486111551523,0.0,0.0,0.0,0
146,tedad,1e-06,32,-1,10,gru,tapnet-SpokenArabicDigits,0.014502346515655518,4.753359317779541,0.9996966019417476,0.979081400636653,0.0,0.01283121109008789,4.8309454917907715,0.9984830097087378,0.9777171441564347,0.0,0.9795361527967258,0.00484603364020586,0.9781718963165075,0.00487124384380877,0.0,0.0,0.0,0
147,tedad,1e-06,32,-1,10,gru,tapnet-SpokenArabicDigits,0.014178350567817688,4.738131999969482,0.9996966019417476,0.979081400636653,0.0,0.0125952810049057,4.8144850730896,0.9984830097087378,0.9777171441564347,0.0,0.9795361527967258,0.004738766234368086,0.9781718963165075,0.004764992278069258,0.0,0.0,0.0,0
148,tedad,1e-06,32,-1,10,gru,tapnet-SpokenArabicDigits,0.013865292072296143,4.722139358520508,0.9996966019417476,0.979081400636653,0.0,0.012355625629425049,4.7977190017700195,0.9984830097087378,0.9781718963165075,0.0,0.9795361527967258,0.004632825497537851,0.9781718963165075,0.004660378210246563,0.0,0.0,0.0,0
149,tedad,1e-06,32,-1,10,gru,tapnet-SpokenArabicDigits,0.01355820894241333,4.706883430480957,0.9996966019417476,0.979081400636653,0.0,0.012122288346290588,4.781505107879639,0.9987864077669902,0.9781718963165075,0.0,0.9795361527967258,0.0045309895649552345,0.9781718963165075,0.0045590815134346485,0.0,0.0,0.0,0
150,tedad,1e-06,32,-1,10,gru,tapnet-SpokenArabicDigits,0.013258740305900574,4.6918487548828125,0.9996966019417476,0.979081400636653,0.0,0.011894360184669495,4.765419960021973,0.9990898058252428,0.9781718963165075,0.0,0.9795361527967258,0.004430148750543594,0.9777171441564347,0.004459318937733769,0.0,0.0,0.0,0
151,tedad,1e-06,32,-1,10,gru,tapnet-SpokenArabicDigits,0.012969806790351868,4.677456378936768,0.9996966019417476,0.979081400636653,0.0,0.011667490005493164,4.7501912117004395,0.9990898058252428,0.9781718963165075,0.0,0.9795361527967258,0.004329805728048086,0.9777171441564347,0.00435936963185668,0.0,0.0,0.0,0
152,tedad,1e-06,32,-1,10,gru,tapnet-SpokenArabicDigits,0.01268063485622406,4.66286563873291,0.9996966019417476,0.979081400636653,0.0,0.011445358395576477,4.734872817993164,0.9990898058252428,0.9781718963165075,0.0,0.9795361527967258,0.004237838555127382,0.9777171441564347,0.004268397344276309,0.0,0.0,0.0,0
153,tedad,1e-06,32,-1,10,gru,tapnet-SpokenArabicDigits,0.012402698397636414,4.648535251617432,0.9996966019417476,0.979081400636653,0.0,0.011233016848564148,4.719520092010498,0.9993932038834952,0.9781718963165075,0.0,0.9795361527967258,0.004142429679632187,0.9777171441564347,0.0041739006992429495,0.0,0.0,0.0,0
154,tedad,1e-06,32,-1,10,gru,tapnet-SpokenArabicDigits,0.012130439281463623,4.6351518630981445,0.9996966019417476,0.9795361527967258,0.0,0.01101560890674591,4.705193519592285,0.9993932038834952,0.9781718963165075,0.0,0.9795361527967258,0.004051954951137304,0.9777171441564347,0.004084193147718906,0.0,0.0,0.0,0
155,tedad,1e-06,32,-1,10,gru,tapnet-SpokenArabicDigits,0.011867672204971313,4.621101379394531,0.9996966019417476,0.9795361527967258,0.0,0.010807141661643982,4.690550804138184,0.9993932038834952,0.9781718963165075,0.0,0.9795361527967258,0.003960650879889727,0.9781718963165075,0.00399280630517751,0.0,0.0,0.0,0
156,tedad,1e-06,32,-1,10,gru,tapnet-SpokenArabicDigits,0.011602699756622314,4.607928276062012,0.9996966019417476,0.9795361527967258,0.0,0.01060013473033905,4.676225662231445,0.9993932038834952,0.9781718963165075,0.0,0.9795361527967258,0.00387506908737123,0.9786266484765803,0.003907576785422862,0.0,0.0,0.0,0
157,tedad,1e-06,32,-1,10,gru,tapnet-SpokenArabicDigits,0.011354923248291016,4.5949931144714355,0.9996966019417476,0.9795361527967258,0.0,0.01040242612361908,4.662382125854492,0.9993932038834952,0.9781718963165075,0.0,0.9795361527967258,0.003790772520005703,0.9786266484765803,0.0038238815031945705,0.0,0.0,0.0,0
158,tedad,1e-06,32,-1,10,gru,tapnet-SpokenArabicDigits,0.011106520891189575,4.58156681060791,0.9996966019417476,0.9799909049567985,0.0,0.010207593441009521,4.648345947265625,0.9993932038834952,0.9781718963165075,0.0,0.9795361527967258,0.0037096687592566013,0.9786266484765803,0.0037428191863000393,0.0,0.0,0.0,0
159,tedad,1e-06,32,-1,10,gru,tapnet-SpokenArabicDigits,0.010869607329368591,4.568779945373535,0.9996966019417476,0.9799909049567985,0.0,0.010012045502662659,4.634716510772705,0.9993932038834952,0.9781718963165075,0.0,0.9799909049567985,0.003627984318882227,0.9786266484765803,0.003660927643068135,0.0,0.0,0.0,0
160,tedad,1e-06,32,-1,10,gru,tapnet-SpokenArabicDigits,0.01063169538974762,4.5565009117126465,1.0,0.9799909049567985,0.0,0.009822577238082886,4.621487617492676,0.9993932038834952,0.9786266484765803,0.0,0.9799909049567985,0.0035493685863912106,0.9795361527967258,0.0035827677929773927,0.0,0.0,0.0,0
161,tedad,1e-06,32,-1,10,gru,tapnet-SpokenArabicDigits,0.010402724146842957,4.544014930725098,1.0,0.9799909049567985,0.0,0.009638115763664246,4.608850955963135,0.9993932038834952,0.9786266484765803,0.0,0.9799909049567985,0.003470337949693203,0.9795361527967258,0.0035038823261857033,0.0,0.0,0.0,0
162,tedad,1e-06,32,-1,10,gru,tapnet-SpokenArabicDigits,0.010179325938224792,4.531841278076172,1.0,0.9799909049567985,0.0,0.009456917643547058,4.595444202423096,0.9993932038834952,0.9786266484765803,0.0,0.9799909049567985,0.0033971951343119144,0.9799909049567985,0.0034308640751987696,0.0,0.0,0.0,0
163,tedad,1e-06,32,-1,10,gru,tapnet-SpokenArabicDigits,0.00996352732181549,4.519811630249023,1.0,0.9804456571168713,0.0,0.009279176592826843,4.5827250480651855,0.9993932038834952,0.9786266484765803,0.0,0.9799909049567985,0.003322601318359375,0.9799909049567985,0.003356228698976338,0.0,0.0,0.0,0
164,tedad,1e-06,32,-1,10,gru,tapnet-SpokenArabicDigits,0.009748518466949463,4.508055686950684,1.0,0.9809004092769441,0.0,0.009106174111366272,4.570361614227295,0.9993932038834952,0.9786266484765803,0.0,0.9804456571168713,0.00325078540481627,0.9799909049567985,0.0032839360646903515,0.0,0.0,0.0,0
165,tedad,1e-06,32,-1,10,gru,tapnet-SpokenArabicDigits,0.009537354111671448,4.4964494705200195,1.0,0.9809004092769441,0.0,0.00893394649028778,4.559040546417236,0.9996966019417476,0.9786266484765803,0.0,0.9804456571168713,0.003178679384291172,0.9804456571168713,0.003211726318113506,0.0,0.0,0.0,0
166,tedad,1e-06,32,-1,10,gru,tapnet-SpokenArabicDigits,0.009333223104476929,4.4852519035339355,1.0,0.9809004092769441,0.0,0.008765563368797302,4.547329425811768,0.9996966019417476,0.9786266484765803,0.0,0.9799909049567985,0.0031095172744244337,0.9804456571168713,0.00314250192604959,0.0,0.0,0.0,0
167,tedad,1e-06,32,-1,10,gru,tapnet-SpokenArabicDigits,0.0091342031955719,4.47408390045166,1.0,0.9809004092769441,0.0,0.00859898328781128,4.536001682281494,0.9996966019417476,0.9786266484765803,0.0,0.9799909049567985,0.00304346508346498,0.9804456571168713,0.0030764704570174217,0.0,0.0,0.0,0
168,tedad,1e-06,32,-1,10,gru,tapnet-SpokenArabicDigits,0.008942246437072754,4.463378429412842,1.0,0.9809004092769441,0.0,0.008438467979431152,4.524787902832031,0.9996966019417476,0.9786266484765803,0.0,0.9799909049567985,0.0029774541035294533,0.9804456571168713,0.0030103144235908985,0.0,0.0,0.0,0
169,tedad,1e-06,32,-1,10,gru,tapnet-SpokenArabicDigits,0.008750230073928833,4.452461242675781,1.0,0.9813551614370168,0.0,0.008280396461486816,4.513609409332275,0.9996966019417476,0.9781718963165075,0.0,0.9799909049567985,0.002916833618655801,0.9799909049567985,0.0029495073249563575,0.0,0.0,0.0,0
170,tedad,1e-06,32,-1,10,gru,tapnet-SpokenArabicDigits,0.008563369512557983,4.442022800445557,1.0,0.9813551614370168,0.0,0.00812503695487976,4.502943992614746,0.9996966019417476,0.9786266484765803,0.0,0.9799909049567985,0.0028534349985420704,0.9804456571168713,0.002885880647227168,0.0,0.0,0.0,0
171,tedad,1e-06,32,-1,10,gru,tapnet-SpokenArabicDigits,0.00838005542755127,4.431770324707031,1.0,0.9813551614370168,0.0,0.00797264277935028,4.492537498474121,0.9996966019417476,0.979081400636653,0.0,0.9799909049567985,0.0027931462973356247,0.9804456571168713,0.002825529663823545,0.0,0.0,0.0,0
172,tedad,1e-06,32,-1,10,gru,tapnet-SpokenArabicDigits,0.008202478289604187,4.4215922355651855,1.0,0.9813551614370168,0.0,0.007824227213859558,4.481957912445068,0.9996966019417476,0.979081400636653,0.0,0.9799909049567985,0.002735594054684043,0.9804456571168713,0.0027680397033691406,0.0,0.0,0.0,0
173,tedad,1e-06,32,-1,10,gru,tapnet-SpokenArabicDigits,0.008026331663131714,4.412517070770264,1.0,0.9813551614370168,0.0,0.007676959037780762,4.472164630889893,0.9996966019417476,0.979081400636653,0.0,0.9799909049567985,0.0026771295815706253,0.9804456571168713,0.002709844848141074,0.0,0.0,0.0,0
174,tedad,1e-06,32,-1,10,gru,tapnet-SpokenArabicDigits,0.007849335670471191,4.4029059410095215,1.0,0.9813551614370168,0.0,0.007535889744758606,4.462128639221191,0.9996966019417476,0.979081400636653,0.0,0.9799909049567985,0.0026208627969026566,0.9804456571168713,0.002653889008797705,0.0,0.0,0.0,0
175,tedad,1e-06,32,-1,10,gru,tapnet-SpokenArabicDigits,0.0076814740896224976,4.393545627593994,1.0,0.9813551614370168,0.0,0.007393732666969299,4.4529218673706055,0.9996966019417476,0.9795361527967258,0.0,0.9799909049567985,0.0025655082426965237,0.9804456571168713,0.0025989076821133494,0.0,0.0,0.0,0
176,tedad,1e-06,32,-1,10,gru,tapnet-SpokenArabicDigits,0.007516294717788696,4.384415149688721,1.0,0.9813551614370168,0.0,0.007258892059326172,4.443509578704834,0.9996966019417476,0.9795361527967258,0.0,0.9799909049567985,0.002508578123524785,0.9804456571168713,0.0025422469479963183,0.0,0.0,0.0,0
177,tedad,1e-06,32,-1,10,gru,tapnet-SpokenArabicDigits,0.007351130247116089,4.375122547149658,1.0,0.9809004092769441,0.0,0.007121965289115906,4.433942794799805,0.9996966019417476,0.9795361527967258,0.0,0.9799909049567985,0.002459069946780801,0.9809004092769441,0.002493091276846826,0.0,0.0,0.0,0
178,tedad,1e-06,32,-1,10,gru,tapnet-SpokenArabicDigits,0.007189348340034485,4.366084575653076,1.0,0.9809004092769441,0.0,0.006991401314735413,4.424729347229004,0.9996966019417476,0.9795361527967258,0.0,0.9799909049567985,0.002405664185062051,0.9809004092769441,0.002439913572743535,0.0,0.0,0.0,0
179,tedad,1e-06,32,-1,10,gru,tapnet-SpokenArabicDigits,0.007034137845039368,4.35715913772583,1.0,0.9809004092769441,0.0,0.006864234805107117,4.415798187255859,0.9996966019417476,0.9799909049567985,0.0,0.9799909049567985,0.0023566121235489845,0.9809004092769441,0.0023911724565550685,0.0,0.0,0.0,0
180,tedad,1e-06,32,-1,10,gru,tapnet-SpokenArabicDigits,0.006880447268486023,4.348641872406006,1.0,0.9809004092769441,0.0,0.006736531853675842,4.406987190246582,0.9996966019417476,0.9799909049567985,0.0,0.9799909049567985,0.0023053211625665426,0.9809004092769441,0.002340254606679082,0.0,0.0,0.0,0
181,tedad,1e-06,32,-1,10,gru,tapnet-SpokenArabicDigits,0.006729289889335632,4.3402276039123535,1.0,0.9809004092769441,0.0,0.006611868739128113,4.398740768432617,0.9996966019417476,0.9799909049567985,0.0,0.9804456571168713,0.0022589226718991995,0.9809004092769441,0.002294001402333379,0.0,0.0,0.0,0
182,tedad,1e-06,32,-1,10,gru,tapnet-SpokenArabicDigits,0.006582289934158325,4.331964015960693,1.0,0.9809004092769441,0.0,0.006490916013717651,4.390012741088867,0.9996966019417476,0.9799909049567985,0.0,0.9804456571168713,0.0022102852817624807,0.9809004092769441,0.0022458822932094336,0.0,0.0,0.0,0
183,tedad,1e-06,32,-1,10,gru,tapnet-SpokenArabicDigits,0.006437838077545166,4.323770999908447,1.0,0.9809004092769441,0.0,0.006368041038513184,4.382373809814453,0.9996966019417476,0.9799909049567985,0.0,0.9804456571168713,0.002165255369618535,0.9809004092769441,0.0022007693769410253,0.0,0.0,0.0,0
184,tedad,1e-06,32,-1,10,gru,tapnet-SpokenArabicDigits,0.006297558546066284,4.315937042236328,1.0,0.9809004092769441,0.0,0.006250843405723572,4.37437105178833,0.9996966019417476,0.9799909049567985,0.0,0.9804456571168713,0.0021208887919783592,0.9809004092769441,0.0021564235212281346,0.0,0.0,0.0,0
185,tedad,1e-06,32,-1,10,gru,tapnet-SpokenArabicDigits,0.006158709526062012,4.308334827423096,1.0,0.9809004092769441,0.0,0.00613616406917572,4.3667378425598145,0.9996966019417476,0.9799909049567985,0.0,0.9804456571168713,0.002075444208458066,0.9809004092769441,0.002110792207531631,0.0,0.0,0.0,0
186,tedad,1e-06,32,-1,10,gru,tapnet-SpokenArabicDigits,0.006024718284606934,4.300971031188965,1.0,0.9809004092769441,0.0,0.006018295884132385,4.359772682189941,0.9996966019417476,0.9799909049567985,0.0,0.9799909049567985,0.0020346848759800196,0.9809004092769441,0.0020704477792605758,0.0,0.0,0.0,0
187,tedad,1e-06,32,-1,10,gru,tapnet-SpokenArabicDigits,0.005894705653190613,4.293624401092529,1.0,0.9809004092769441,0.0,0.005909189581871033,4.352443218231201,0.9996966019417476,0.9804456571168713,0.0,0.9799909049567985,0.0019909401889890432,0.9813551614370168,0.0020264543127268553,0.0,0.0,0.0,0
188,tedad,1e-06,32,-1,10,gru,tapnet-SpokenArabicDigits,0.005763411521911621,4.286088943481445,1.0,0.9809004092769441,0.0,0.0057991743087768555,4.344817161560059,0.9996966019417476,0.9804456571168713,0.0,0.9799909049567985,0.0019507200922816992,0.9813551614370168,0.0019862548215314746,0.0,0.0,0.0,0
189,tedad,1e-06,32,-1,10,gru,tapnet-SpokenArabicDigits,0.005638420581817627,4.279305934906006,1.0,0.9809004092769441,0.0,0.005693510174751282,4.3375349044799805,0.9996966019417476,0.9804456571168713,0.0,0.9799909049567985,0.001910002320073545,0.9813551614370168,0.001945371157489717,0.0,0.0,0.0,0
190,tedad,1e-06,32,-1,10,gru,tapnet-SpokenArabicDigits,0.005515739321708679,4.271824359893799,1.0,0.9809004092769441,0.0,0.0055863261222839355,4.330603122711182,0.9996966019417476,0.9813551614370168,0.0,0.9799909049567985,0.001871979795396328,0.9813551614370168,0.0019076388562098145,0.0,0.0,0.0,0
191,tedad,1e-06,32,-1,10,gru,tapnet-SpokenArabicDigits,0.005394920706748962,4.265561580657959,1.0,0.9809004092769441,0.0,0.005483373999595642,4.323493480682373,0.9996966019417476,0.9813551614370168,0.0,0.9799909049567985,0.00183221569750458,0.9813551614370168,0.001867480925284326,0.0,0.0,0.0,0
192,tedad,1e-06,32,-1,10,gru,tapnet-SpokenArabicDigits,0.00527818500995636,4.258999347686768,1.0,0.9804456571168713,0.0,0.00538104772567749,4.317309379577637,0.9996966019417476,0.9813551614370168,0.0,0.9799909049567985,0.0017946077277883887,0.9813551614370168,0.0018292510067112744,0.0,0.0,0.0,0
193,tedad,1e-06,32,-1,10,gru,tapnet-SpokenArabicDigits,0.005163475871086121,4.252215385437012,1.0,0.9804456571168713,0.0,0.0052791982889175415,4.310179233551025,0.9996966019417476,0.9813551614370168,0.0,0.9799909049567985,0.001755797304213047,0.9813551614370168,0.0017905442509800196,0.0,0.0,0.0,0
194,tedad,1e-06,32,-1,10,gru,tapnet-SpokenArabicDigits,0.005049720406532288,4.245731353759766,1.0,0.9804456571168713,0.0,0.005181208252906799,4.303740978240967,0.9996966019417476,0.9813551614370168,0.0,0.9799909049567985,0.0017187698977068067,0.9813551614370168,0.001753475342411548,0.0,0.0,0.0,0
195,tedad,1e-06,32,-1,10,gru,tapnet-SpokenArabicDigits,0.004939422011375427,4.239712238311768,1.0,0.9804456571168713,0.0,0.005085274577140808,4.296799659729004,0.9996966019417476,0.9813551614370168,0.0,0.9799909049567985,0.001681825378909707,0.9813551614370168,0.001716157654300332,0.0,0.0,0.0,0
196,tedad,1e-06,32,-1,10,gru,tapnet-SpokenArabicDigits,0.0048293620347976685,4.2337870597839355,1.0,0.9804456571168713,0.0,0.0049882084131240845,4.290722846984863,0.9996966019417476,0.9813551614370168,0.0,0.9809004092769441,0.0016477418830618262,0.9813551614370168,0.0016819705488160253,0.0,0.0,0.0,0
197,tedad,1e-06,32,-1,10,gru,tapnet-SpokenArabicDigits,0.004723384976387024,4.227751731872559,1.0,0.9804456571168713,0.0,0.004897177219390869,4.285009860992432,0.9996966019417476,0.9813551614370168,0.0,0.9809004092769441,0.0016110875876620412,0.9813551614370168,0.0016446943045593798,0.0,0.0,0.0,0
198,tedad,1e-06,32,-1,10,gru,tapnet-SpokenArabicDigits,0.004620596766471863,4.221756935119629,1.0,0.9804456571168713,0.0,0.0048055499792099,4.277867317199707,0.9996966019417476,0.9813551614370168,0.0,0.9809004092769441,0.0015774187631905079,0.9813551614370168,0.001610838866326958,0.0,0.0,0.0,0
199,tedad,1e-06,32,-1,10,gru,tapnet-SpokenArabicDigits,0.004517495632171631,4.216099739074707,1.0,0.9804456571168713,0.0,0.004716143012046814,4.273019313812256,0.9996966019417476,0.9813551614370168,0.0,0.9804456571168713,0.0015454913955181837,0.9813551614370168,0.0015788907185196877,0.0,0.0,0.0,0
