epoch,mode,lr,batch_size,k,kf,model,dataset,train_loss_site_0,test_loss_site_0,train_acc_site_0,test_acc_site_0,val_acc_site_0,test_acc_avg,test_loss_avg,test_acc_ensemble,test_loss_ensemble,val_acc_avg,val_loss_avg,val_acc_ensemble,val_loss_ensemble
0,pooled,1e-06,64,-1,10,gru,tapnet-SpokenArabicDigits,2.1804723739624023,75.82489776611328,0.15109223300970873,0.2405638926784902,0.0,0.2405638926784902,2.075542688369751,0.2405638926784902,2.075542688369751,0.0,0.0,0.0,0
1,pooled,1e-06,64,-1,10,gru,tapnet-SpokenArabicDigits,1.971129298210144,68.27925872802734,0.347997572815534,0.47885402455661663,0.0,0.47885402455661663,1.8994890451431274,0.47885402455661663,1.8994890451431274,0.0,0.0,0.0,0
2,pooled,1e-06,64,-1,10,gru,tapnet-SpokenArabicDigits,1.7793169021606445,61.33096694946289,0.5885922330097088,0.679399727148704,0.0,0.679399727148704,1.7158730030059814,0.679399727148704,1.7158730030059814,0.0,0.0,0.0,0
3,pooled,1e-06,64,-1,10,gru,tapnet-SpokenArabicDigits,1.602101445198059,54.8983039855957,0.7192050970873787,0.7739881764438381,0.0,0.7739881764438381,1.5309784412384033,0.7739881764438381,1.5309784412384033,0.0,0.0,0.0,0
4,pooled,1e-06,64,-1,10,gru,tapnet-SpokenArabicDigits,1.4403564929962158,49.00304412841797,0.7856492718446602,0.8194633924511141,0.0,0.8194633924511141,1.3516545295715332,0.8194633924511141,1.3516545295715332,0.0,0.0,0.0,0
5,pooled,1e-06,64,-1,10,gru,tapnet-SpokenArabicDigits,1.2937928438186646,43.67306137084961,0.8212985436893204,0.857662573897226,0.0,0.857662573897226,1.182255506515503,0.857662573897226,1.182255506515503,0.0,0.0,0.0,0
6,pooled,1e-06,64,-1,10,gru,tapnet-SpokenArabicDigits,1.163015604019165,38.91163635253906,0.8467839805825242,0.8808549340609367,0.0,0.8808549340609367,1.0291920900344849,0.8808549340609367,1.0291920900344849,0.0,0.0,0.0,0
7,pooled,1e-06,64,-1,10,gru,tapnet-SpokenArabicDigits,1.0466197729110718,34.713260650634766,0.8627123786407767,0.8999545247839927,0.0,0.8999545247839927,0.8947902917861938,0.8999545247839927,0.8947902917861938,0.0,0.0,0.0,0
8,pooled,1e-06,64,-1,10,gru,tapnet-SpokenArabicDigits,0.9442487955093384,31.055017471313477,0.8742415048543689,0.91268758526603,0.0,0.91268758526603,0.780640721321106,0.91268758526603,0.780640721321106,0.0,0.0,0.0,0
9,pooled,1e-06,64,-1,10,gru,tapnet-SpokenArabicDigits,0.8552268147468567,27.898029327392578,0.8841019417475728,0.9185993633469759,0.0,0.9185993633469759,0.6851149797439575,0.9185993633469759,0.6851149797439575,0.0,0.0,0.0,0
10,pooled,1e-06,64,-1,10,gru,tapnet-SpokenArabicDigits,0.7777988314628601,25.18813133239746,0.8918385922330098,0.9249658935879945,0.0,0.9249658935879945,0.6063933372497559,0.9249658935879945,0.6063933372497559,0.0,0.0,0.0,0
11,pooled,1e-06,64,-1,10,gru,tapnet-SpokenArabicDigits,0.7109391093254089,22.86966323852539,0.8992718446601942,0.9290586630286494,0.0,0.9290586630286494,0.5411278009414673,0.9290586630286494,0.5411278009414673,0.0,0.0,0.0,0
12,pooled,1e-06,64,-1,10,gru,tapnet-SpokenArabicDigits,0.6529505848884583,20.88178825378418,0.9057949029126213,0.931787175989086,0.0,0.931787175989086,0.48621052503585815,0.931787175989086,0.48621052503585815,0.0,0.0,0.0,0
13,pooled,1e-06,64,-1,10,gru,tapnet-SpokenArabicDigits,0.6022250056266785,19.17704963684082,0.9098907766990292,0.9349704411095953,0.0,0.9349704411095953,0.4400276243686676,0.9349704411095953,0.4400276243686676,0.0,0.0,0.0,0
14,pooled,1e-06,64,-1,10,gru,tapnet-SpokenArabicDigits,0.5580203533172607,17.70730209350586,0.913379854368932,0.935425193269668,0.0,0.935425193269668,0.4014234244823456,0.935425193269668,0.4014234244823456,0.0,0.0,0.0,0
15,pooled,1e-06,64,-1,10,gru,tapnet-SpokenArabicDigits,0.5192463397979736,16.433103561401367,0.9168689320388349,0.9376989540700318,0.0,0.9376989540700318,0.36799877882003784,0.9376989540700318,0.36799877882003784,0.0,0.0,0.0,0
16,pooled,1e-06,64,-1,10,gru,tapnet-SpokenArabicDigits,0.4850621819496155,15.3209867477417,0.9203580097087378,0.9395179627103228,0.0,0.9395179627103228,0.33920952677726746,0.9395179627103228,0.33920952677726746,0.0,0.0,0.0,0
17,pooled,1e-06,64,-1,10,gru,tapnet-SpokenArabicDigits,0.45469239354133606,14.344136238098145,0.9227851941747572,0.9417917235106866,0.0,0.9417917235106866,0.31419694423675537,0.9417917235106866,0.31419694423675537,0.0,0.0,0.0,0
18,pooled,1e-06,64,-1,10,gru,tapnet-SpokenArabicDigits,0.42758750915527344,13.482320785522461,0.9258191747572816,0.9422464756707595,0.0,0.9422464756707595,0.2919650673866272,0.9422464756707595,0.2919650673866272,0.0,0.0,0.0,0
19,pooled,1e-06,64,-1,10,gru,tapnet-SpokenArabicDigits,0.4031946659088135,12.716520309448242,0.9280946601941747,0.943155979990905,0.0,0.943155979990905,0.27209702134132385,0.943155979990905,0.27209702134132385,0.0,0.0,0.0,0
20,pooled,1e-06,64,-1,10,gru,tapnet-SpokenArabicDigits,0.3810621201992035,12.0321626663208,0.9308252427184466,0.9436107321509777,0.0,0.9436107321509777,0.2542625963687897,0.9436107321509777,0.2542625963687897,0.0,0.0,0.0,0
21,pooled,1e-06,64,-1,10,gru,tapnet-SpokenArabicDigits,0.3609786629676819,11.419408798217773,0.9331007281553398,0.946793997271487,0.0,0.946793997271487,0.23799964785575867,0.946793997271487,0.23799964785575867,0.0,0.0,0.0,0
22,pooled,1e-06,64,-1,10,gru,tapnet-SpokenArabicDigits,0.34272530674934387,10.866579055786133,0.9362864077669902,0.9481582537517054,0.0,0.9481582537517054,0.22307470440864563,0.9481582537517054,0.22307470440864563,0.0,0.0,0.0,0
23,pooled,1e-06,64,-1,10,gru,tapnet-SpokenArabicDigits,0.3259902894496918,10.367388725280762,0.9385618932038835,0.9495225102319236,0.0,0.9495225102319236,0.20941834151744843,0.9495225102319236,0.20941834151744843,0.0,0.0,0.0,0
24,pooled,1e-06,64,-1,10,gru,tapnet-SpokenArabicDigits,0.3105792999267578,9.91467571258545,0.941747572815534,0.9508867667121419,0.0,0.9508867667121419,0.19700314104557037,0.9508867667121419,0.19700314104557037,0.0,0.0,0.0,0
25,pooled,1e-06,64,-1,10,gru,tapnet-SpokenArabicDigits,0.29637882113456726,9.5028657913208,0.9437196601941747,0.952705775352433,0.0,0.952705775352433,0.1855141669511795,0.952705775352433,0.1855141669511795,0.0,0.0,0.0,0
26,pooled,1e-06,64,-1,10,gru,tapnet-SpokenArabicDigits,0.28330546617507935,9.12618637084961,0.9458434466019418,0.954524783992724,0.0,0.954524783992724,0.17497265338897705,0.954524783992724,0.17497265338897705,0.0,0.0,0.0,0
27,pooled,1e-06,64,-1,10,gru,tapnet-SpokenArabicDigits,0.2712009847164154,8.7804536819458,0.9473604368932039,0.9554342883128695,0.0,0.9554342883128695,0.16532424092292786,0.9554342883128695,0.16532424092292786,0.0,0.0,0.0,0
28,pooled,1e-06,64,-1,10,gru,tapnet-SpokenArabicDigits,0.2599138617515564,8.462217330932617,0.9499393203883495,0.9572532969531605,0.0,0.9572532969531605,0.15626366436481476,0.9572532969531605,0.15626366436481476,0.0,0.0,0.0,0
29,pooled,1e-06,64,-1,10,gru,tapnet-SpokenArabicDigits,0.24938887357711792,8.167728424072266,0.9511529126213593,0.9577080491132333,0.0,0.9577080491132333,0.14793060719966888,0.9577080491132333,0.14793060719966888,0.0,0.0,0.0,0
30,pooled,1e-06,64,-1,10,gru,tapnet-SpokenArabicDigits,0.23957419395446777,7.894847393035889,0.9526699029126213,0.9586175534333788,0.0,0.9586175534333788,0.1402052342891693,0.9586175534333788,0.1402052342891693,0.0,0.0,0.0,0
31,pooled,1e-06,64,-1,10,gru,tapnet-SpokenArabicDigits,0.2303813248872757,7.640946388244629,0.9541868932038835,0.9595270577535243,0.0,0.9595270577535243,0.13296326994895935,0.9595270577535243,0.13296326994895935,0.0,0.0,0.0,0
32,pooled,1e-06,64,-1,10,gru,tapnet-SpokenArabicDigits,0.2217286080121994,7.403660774230957,0.9554004854368932,0.9595270577535243,0.0,0.9595270577535243,0.12615108489990234,0.9595270577535243,0.12615108489990234,0.0,0.0,0.0,0
33,pooled,1e-06,64,-1,10,gru,tapnet-SpokenArabicDigits,0.2135973870754242,7.1822590827941895,0.9569174757281553,0.9604365620736699,0.0,0.9604365620736699,0.11982200294733047,0.9604365620736699,0.11982200294733047,0.0,0.0,0.0,0
34,pooled,1e-06,64,-1,10,gru,tapnet-SpokenArabicDigits,0.2059599608182907,6.9746623039245605,0.9581310679611651,0.9622555707139608,0.0,0.9622555707139608,0.113958440721035,0.9622555707139608,0.113958440721035,0.0,0.0,0.0,0
35,pooled,1e-06,64,-1,10,gru,tapnet-SpokenArabicDigits,0.19868893921375275,6.779420852661133,0.9599514563106796,0.9627103228740337,0.0,0.9627103228740337,0.1083613857626915,0.9627103228740337,0.1083613857626915,0.0,0.0,0.0,0
36,pooled,1e-06,64,-1,10,gru,tapnet-SpokenArabicDigits,0.191790372133255,6.595351696014404,0.9610133495145631,0.9622555707139608,0.0,0.9622555707139608,0.10312753915786743,0.9622555707139608,0.10312753915786743,0.0,0.0,0.0,0
37,pooled,1e-06,64,-1,10,gru,tapnet-SpokenArabicDigits,0.18527752161026,6.421697616577148,0.9626820388349514,0.9627103228740337,0.0,0.9627103228740337,0.0981115847826004,0.9627103228740337,0.0981115847826004,0.0,0.0,0.0,0
38,pooled,1e-06,64,-1,10,gru,tapnet-SpokenArabicDigits,0.17910104990005493,6.257595062255859,0.9638956310679612,0.9636198271941792,0.0,0.9636198271941792,0.09335934370756149,0.9636198271941792,0.09335934370756149,0.0,0.0,0.0,0
39,pooled,1e-06,64,-1,10,gru,tapnet-SpokenArabicDigits,0.17323380708694458,6.102407932281494,0.9651092233009708,0.9636198271941792,0.0,0.9636198271941792,0.08892656117677689,0.9636198271941792,0.08892656117677689,0.0,0.0,0.0,0
40,pooled,1e-06,64,-1,10,gru,tapnet-SpokenArabicDigits,0.16765746474266052,5.955392837524414,0.9657160194174758,0.9640745793542519,0.0,0.9640745793542519,0.08479513972997665,0.9640745793542519,0.08479513972997665,0.0,0.0,0.0,0
41,pooled,1e-06,64,-1,10,gru,tapnet-SpokenArabicDigits,0.16236244142055511,5.815389156341553,0.9667779126213593,0.9645293315143247,0.0,0.9645293315143247,0.08086907118558884,0.9645293315143247,0.08086907118558884,0.0,0.0,0.0,0
42,pooled,1e-06,64,-1,10,gru,tapnet-SpokenArabicDigits,0.15733666718006134,5.682310581207275,0.9681432038834952,0.9640745793542519,0.0,0.9640745793542519,0.07714416831731796,0.9640745793542519,0.07714416831731796,0.0,0.0,0.0,0
43,pooled,1e-06,64,-1,10,gru,tapnet-SpokenArabicDigits,0.15253552794456482,5.555550575256348,0.9685983009708737,0.9640745793542519,0.0,0.9640745793542519,0.07365832477807999,0.9640745793542519,0.07365832477807999,0.0,0.0,0.0,0
44,pooled,1e-06,64,-1,10,gru,tapnet-SpokenArabicDigits,0.14798830449581146,5.434732437133789,0.9690533980582524,0.9640745793542519,0.0,0.9640745793542519,0.07035891711711884,0.9640745793542519,0.07035891711711884,0.0,0.0,0.0,0
45,pooled,1e-06,64,-1,10,gru,tapnet-SpokenArabicDigits,0.14366722106933594,5.319522857666016,0.9699635922330098,0.9640745793542519,0.0,0.9640745793542519,0.06730066984891891,0.9640745793542519,0.06730066984891891,0.0,0.0,0.0,0
46,pooled,1e-06,64,-1,10,gru,tapnet-SpokenArabicDigits,0.13953566551208496,5.209617614746094,0.9710254854368932,0.9649840836743975,0.0,0.9649840836743975,0.0643710047006607,0.9649840836743975,0.0643710047006607,0.0,0.0,0.0,0
47,pooled,1e-06,64,-1,10,gru,tapnet-SpokenArabicDigits,0.13558697700500488,5.104349136352539,0.9717839805825242,0.9649840836743975,0.0,0.9649840836743975,0.06157410517334938,0.9649840836743975,0.06157410517334938,0.0,0.0,0.0,0
48,pooled,1e-06,64,-1,10,gru,tapnet-SpokenArabicDigits,0.13181373476982117,5.003171443939209,0.9719356796116505,0.965893587994543,0.0,0.965893587994543,0.058955442160367966,0.965893587994543,0.058955442160367966,0.0,0.0,0.0,0
49,pooled,1e-06,64,-1,10,gru,tapnet-SpokenArabicDigits,0.12821929156780243,4.9062089920043945,0.9726941747572816,0.965893587994543,0.0,0.965893587994543,0.056447774171829224,0.965893587994543,0.056447774171829224,0.0,0.0,0.0,0
50,pooled,1e-06,64,-1,10,gru,tapnet-SpokenArabicDigits,0.12475042790174484,4.813192367553711,0.9737560679611651,0.965893587994543,0.0,0.965893587994543,0.05404677614569664,0.965893587994543,0.05404677614569664,0.0,0.0,0.0,0
51,pooled,1e-06,64,-1,10,gru,tapnet-SpokenArabicDigits,0.12144538760185242,4.724043846130371,0.9745145631067961,0.9668030923146885,0.0,0.9668030923146885,0.05179871618747711,0.9668030923146885,0.05179871618747711,0.0,0.0,0.0,0
52,pooled,1e-06,64,-1,10,gru,tapnet-SpokenArabicDigits,0.11827530711889267,4.6387176513671875,0.975121359223301,0.9668030923146885,0.0,0.9668030923146885,0.04968222230672836,0.9668030923146885,0.04968222230672836,0.0,0.0,0.0,0
53,pooled,1e-06,64,-1,10,gru,tapnet-SpokenArabicDigits,0.11522450298070908,4.5567522048950195,0.9763349514563107,0.9668030923146885,0.0,0.9668030923146885,0.047698020935058594,0.9668030923146885,0.047698020935058594,0.0,0.0,0.0,0
54,pooled,1e-06,64,-1,10,gru,tapnet-SpokenArabicDigits,0.11229998618364334,4.478006362915039,0.9766383495145631,0.9672578444747613,0.0,0.9672578444747613,0.045807402580976486,0.9672578444747613,0.045807402580976486,0.0,0.0,0.0,0
55,pooled,1e-06,64,-1,10,gru,tapnet-SpokenArabicDigits,0.10949239134788513,4.402144908905029,0.9775485436893204,0.9672578444747613,0.0,0.9672578444747613,0.04402222856879234,0.9672578444747613,0.04402222856879234,0.0,0.0,0.0,0
56,pooled,1e-06,64,-1,10,gru,tapnet-SpokenArabicDigits,0.10677941888570786,4.329427719116211,0.9783070388349514,0.9672578444747613,0.0,0.9672578444747613,0.042334266006946564,0.9672578444747613,0.042334266006946564,0.0,0.0,0.0,0
57,pooled,1e-06,64,-1,10,gru,tapnet-SpokenArabicDigits,0.10417202115058899,4.259379863739014,0.9789138349514563,0.967712596634834,0.0,0.967712596634834,0.04075467213988304,0.967712596634834,0.04075467213988304,0.0,0.0,0.0,0
58,pooled,1e-06,64,-1,10,gru,tapnet-SpokenArabicDigits,0.10165245085954666,4.191987991333008,0.9798240291262136,0.9681673487949067,0.0,0.9681673487949067,0.03923030570149422,0.9681673487949067,0.03923030570149422,0.0,0.0,0.0,0
59,pooled,1e-06,64,-1,10,gru,tapnet-SpokenArabicDigits,0.09922319650650024,4.127076625823975,0.980127427184466,0.9686221009549796,0.0,0.9686221009549796,0.03779873624444008,0.9686221009549796,0.03779873624444008,0.0,0.0,0.0,0
60,pooled,1e-06,64,-1,10,gru,tapnet-SpokenArabicDigits,0.09688544273376465,4.064487934112549,0.9811893203883495,0.9690768531150523,0.0,0.9690768531150523,0.03642890602350235,0.9690768531150523,0.03642890602350235,0.0,0.0,0.0,0
61,pooled,1e-06,64,-1,10,gru,tapnet-SpokenArabicDigits,0.09460332989692688,4.004022598266602,0.9819478155339806,0.9690768531150523,0.0,0.9690768531150523,0.03511799871921539,0.9690768531150523,0.03511799871921539,0.0,0.0,0.0,0
62,pooled,1e-06,64,-1,10,gru,tapnet-SpokenArabicDigits,0.09239274263381958,3.945661783218384,0.9827063106796117,0.9699863574351978,0.0,0.9699863574351978,0.03384312242269516,0.9699863574351978,0.03384312242269516,0.0,0.0,0.0,0
63,pooled,1e-06,64,-1,10,gru,tapnet-SpokenArabicDigits,0.09024044871330261,3.8894121646881104,0.9834648058252428,0.9704411095952705,0.0,0.9704411095952705,0.03262127935886383,0.9704411095952705,0.03262127935886383,0.0,0.0,0.0,0
64,pooled,1e-06,64,-1,10,gru,tapnet-SpokenArabicDigits,0.08816021680831909,3.835191011428833,0.9842233009708737,0.9704411095952705,0.0,0.9704411095952705,0.03145626187324524,0.9704411095952705,0.03145626187324524,0.0,0.0,0.0,0
65,pooled,1e-06,64,-1,10,gru,tapnet-SpokenArabicDigits,0.08615393936634064,3.7826900482177734,0.984375,0.9713506139154161,0.0,0.9713506139154161,0.030343636870384216,0.9713506139154161,0.030343636870384216,0.0,0.0,0.0,0
66,pooled,1e-06,64,-1,10,gru,tapnet-SpokenArabicDigits,0.08422218263149261,3.732210159301758,0.9849817961165048,0.9713506139154161,0.0,0.9713506139154161,0.029279563575983047,0.9713506139154161,0.029279563575983047,0.0,0.0,0.0,0
67,pooled,1e-06,64,-1,10,gru,tapnet-SpokenArabicDigits,0.08233907073736191,3.6830556392669678,0.9854368932038835,0.9713506139154161,0.0,0.9713506139154161,0.028272774070501328,0.9713506139154161,0.028272774070501328,0.0,0.0,0.0,0
68,pooled,1e-06,64,-1,10,gru,tapnet-SpokenArabicDigits,0.08050771802663803,3.635615825653076,0.9857402912621359,0.9713506139154161,0.0,0.9713506139154161,0.027291173115372658,0.9713506139154161,0.027291173115372658,0.0,0.0,0.0,0
69,pooled,1e-06,64,-1,10,gru,tapnet-SpokenArabicDigits,0.07873030751943588,3.589740514755249,0.9858919902912622,0.9722601182355616,0.0,0.9722601182355616,0.026350436732172966,0.9722601182355616,0.026350436732172966,0.0,0.0,0.0,0
70,pooled,1e-06,64,-1,10,gru,tapnet-SpokenArabicDigits,0.07700584083795547,3.545307159423828,0.9863470873786407,0.9727148703956344,0.0,0.9727148703956344,0.02545887418091297,0.9727148703956344,0.02545887418091297,0.0,0.0,0.0,0
71,pooled,1e-06,64,-1,10,gru,tapnet-SpokenArabicDigits,0.07532308995723724,3.5021955966949463,0.9869538834951457,0.9727148703956344,0.0,0.9727148703956344,0.024613110348582268,0.9727148703956344,0.024613110348582268,0.0,0.0,0.0,0
72,pooled,1e-06,64,-1,10,gru,tapnet-SpokenArabicDigits,0.07369343936443329,3.4605135917663574,0.9877123786407767,0.9731696225557072,0.0,0.9731696225557072,0.023794546723365784,0.9731696225557072,0.023794546723365784,0.0,0.0,0.0,0
73,pooled,1e-06,64,-1,10,gru,tapnet-SpokenArabicDigits,0.07209703326225281,3.4203195571899414,0.9881674757281553,0.9731696225557072,0.0,0.9731696225557072,0.023013612255454063,0.9731696225557072,0.023013612255454063,0.0,0.0,0.0,0
74,pooled,1e-06,64,-1,10,gru,tapnet-SpokenArabicDigits,0.07056047767400742,3.3813343048095703,0.988622572815534,0.9736243747157799,0.0,0.9736243747157799,0.022264542058110237,0.9736243747157799,0.022264542058110237,0.0,0.0,0.0,0
75,pooled,1e-06,64,-1,10,gru,tapnet-SpokenArabicDigits,0.06906598806381226,3.343535900115967,0.9893810679611651,0.9745338790359254,0.0,0.9745338790359254,0.021559113636612892,0.9745338790359254,0.021559113636612892,0.0,0.0,0.0,0
76,pooled,1e-06,64,-1,10,gru,tapnet-SpokenArabicDigits,0.06761804968118668,3.3072192668914795,0.9895327669902912,0.9749886311959982,0.0,0.9749886311959982,0.020870955660939217,0.9749886311959982,0.020870955660939217,0.0,0.0,0.0,0
77,pooled,1e-06,64,-1,10,gru,tapnet-SpokenArabicDigits,0.06620566546916962,3.2717244625091553,0.9898361650485437,0.9749886311959982,0.0,0.9749886311959982,0.020211094990372658,0.9749886311959982,0.020211094990372658,0.0,0.0,0.0,0
78,pooled,1e-06,64,-1,10,gru,tapnet-SpokenArabicDigits,0.06484264135360718,3.2372496128082275,0.9899878640776699,0.975443383356071,0.0,0.975443383356071,0.019581463187932968,0.975443383356071,0.019581463187932968,0.0,0.0,0.0,0
79,pooled,1e-06,64,-1,10,gru,tapnet-SpokenArabicDigits,0.0635068267583847,3.203794002532959,0.9902912621359223,0.975443383356071,0.0,0.975443383356071,0.018976647406816483,0.975443383356071,0.018976647406816483,0.0,0.0,0.0,0
80,pooled,1e-06,64,-1,10,gru,tapnet-SpokenArabicDigits,0.06221260130405426,3.1713690757751465,0.9905946601941747,0.975443383356071,0.0,0.975443383356071,0.018386468291282654,0.975443383356071,0.018386468291282654,0.0,0.0,0.0,0
81,pooled,1e-06,64,-1,10,gru,tapnet-SpokenArabicDigits,0.06094972789287567,3.1396801471710205,0.9912014563106796,0.975443383356071,0.0,0.975443383356071,0.01782802864909172,0.975443383356071,0.01782802864909172,0.0,0.0,0.0,0
82,pooled,1e-06,64,-1,10,gru,tapnet-SpokenArabicDigits,0.05971573665738106,3.1090426445007324,0.9918082524271845,0.975443383356071,0.0,0.975443383356071,0.017289577051997185,0.975443383356071,0.017289577051997185,0.0,0.0,0.0,0
83,pooled,1e-06,64,-1,10,gru,tapnet-SpokenArabicDigits,0.058514803647994995,3.0792529582977295,0.9918082524271845,0.975443383356071,0.0,0.975443383356071,0.016776064410805702,0.975443383356071,0.016776064410805702,0.0,0.0,0.0,0
84,pooled,1e-06,64,-1,10,gru,tapnet-SpokenArabicDigits,0.05734406039118767,3.0502171516418457,0.9921116504854369,0.9758981355161437,0.0,0.9758981355161437,0.016280194744467735,0.9758981355161437,0.016280194744467735,0.0,0.0,0.0,0
85,pooled,1e-06,64,-1,10,gru,tapnet-SpokenArabicDigits,0.05620741471648216,3.022094249725342,0.9924150485436893,0.9758981355161437,0.0,0.9758981355161437,0.015787994489073753,0.9758981355161437,0.015787994489073753,0.0,0.0,0.0,0
86,pooled,1e-06,64,-1,10,gru,tapnet-SpokenArabicDigits,0.05509566515684128,2.994546413421631,0.9927184466019418,0.9758981355161437,0.0,0.9758981355161437,0.015325027517974377,0.9758981355161437,0.015325027517974377,0.0,0.0,0.0,0
87,pooled,1e-06,64,-1,10,gru,tapnet-SpokenArabicDigits,0.05399758741259575,2.9676430225372314,0.9927184466019418,0.9758981355161437,0.0,0.9758981355161437,0.01487897802144289,0.9758981355161437,0.01487897802144289,0.0,0.0,0.0,0
88,pooled,1e-06,64,-1,10,gru,tapnet-SpokenArabicDigits,0.05292392894625664,2.941206455230713,0.9927184466019418,0.9763528876762164,0.0,0.9763528876762164,0.01443920936435461,0.9763528876762164,0.01443920936435461,0.0,0.0,0.0,0
89,pooled,1e-06,64,-1,10,gru,tapnet-SpokenArabicDigits,0.05188529193401337,2.9156131744384766,0.9927184466019418,0.9763528876762164,0.0,0.9763528876762164,0.014017768204212189,0.9763528876762164,0.014017768204212189,0.0,0.0,0.0,0
90,pooled,1e-06,64,-1,10,gru,tapnet-SpokenArabicDigits,0.050860077142715454,2.8906259536743164,0.9931735436893204,0.9763528876762164,0.0,0.9763528876762164,0.013614840805530548,0.9763528876762164,0.013614840805530548,0.0,0.0,0.0,0
91,pooled,1e-06,64,-1,10,gru,tapnet-SpokenArabicDigits,0.049854177981615067,2.866243600845337,0.993628640776699,0.9763528876762164,0.0,0.9763528876762164,0.01322182361036539,0.9763528876762164,0.01322182361036539,0.0,0.0,0.0,0
92,pooled,1e-06,64,-1,10,gru,tapnet-SpokenArabicDigits,0.048878349363803864,2.842806816101074,0.9937803398058253,0.9763528876762164,0.0,0.9763528876762164,0.012847009114921093,0.9763528876762164,0.012847009114921093,0.0,0.0,0.0,0
93,pooled,1e-06,64,-1,10,gru,tapnet-SpokenArabicDigits,0.04790791869163513,2.819822311401367,0.9939320388349514,0.9763528876762164,0.0,0.9763528876762164,0.012488240376114845,0.9763528876762164,0.012488240376114845,0.0,0.0,0.0,0
94,pooled,1e-06,64,-1,10,gru,tapnet-SpokenArabicDigits,0.0469670332968235,2.7975244522094727,0.9939320388349514,0.9763528876762164,0.0,0.9763528876762164,0.012137413024902344,0.9763528876762164,0.012137413024902344,0.0,0.0,0.0,0
95,pooled,1e-06,64,-1,10,gru,tapnet-SpokenArabicDigits,0.04604532942175865,2.775547742843628,0.9942354368932039,0.9768076398362893,0.0,0.9768076398362893,0.011801471002399921,0.9768076398362893,0.011801471002399921,0.0,0.0,0.0,0
96,pooled,1e-06,64,-1,10,gru,tapnet-SpokenArabicDigits,0.045149799436330795,2.754145860671997,0.9943871359223301,0.9768076398362893,0.0,0.9768076398362893,0.011476019397377968,0.9768076398362893,0.011476019397377968,0.0,0.0,0.0,0
97,pooled,1e-06,64,-1,10,gru,tapnet-SpokenArabicDigits,0.04426943510770798,2.7330503463745117,0.9945388349514563,0.9768076398362893,0.0,0.9768076398362893,0.011163338087499142,0.9768076398362893,0.011163338087499142,0.0,0.0,0.0,0
98,pooled,1e-06,64,-1,10,gru,tapnet-SpokenArabicDigits,0.04340781271457672,2.712604522705078,0.9949939320388349,0.977262391996362,0.0,0.977262391996362,0.01086583361029625,0.977262391996362,0.01086583361029625,0.0,0.0,0.0,0
99,pooled,1e-06,64,-1,10,gru,tapnet-SpokenArabicDigits,0.0425674170255661,2.692434310913086,0.9949939320388349,0.9777171441564347,0.0,0.9777171441564347,0.010576890781521797,0.9777171441564347,0.010576890781521797,0.0,0.0,0.0,0
100,pooled,1e-06,64,-1,10,gru,tapnet-SpokenArabicDigits,0.04174792766571045,2.6729819774627686,0.9951456310679612,0.9777171441564347,0.0,0.9777171441564347,0.01028637308627367,0.9777171441564347,0.01028637308627367,0.0,0.0,0.0,0
101,pooled,1e-06,64,-1,10,gru,tapnet-SpokenArabicDigits,0.04094298928976059,2.6537222862243652,0.9951456310679612,0.9777171441564347,0.0,0.9777171441564347,0.01000854279845953,0.9777171441564347,0.01000854279845953,0.0,0.0,0.0,0
102,pooled,1e-06,64,-1,10,gru,tapnet-SpokenArabicDigits,0.04015056788921356,2.6347978115081787,0.9951456310679612,0.9777171441564347,0.0,0.9777171441564347,0.00973979290574789,0.9777171441564347,0.00973979290574789,0.0,0.0,0.0,0
103,pooled,1e-06,64,-1,10,gru,tapnet-SpokenArabicDigits,0.03937971591949463,2.616240978240967,0.9951456310679612,0.9777171441564347,0.0,0.9777171441564347,0.009482694789767265,0.9777171441564347,0.009482694789767265,0.0,0.0,0.0,0
104,pooled,1e-06,64,-1,10,gru,tapnet-SpokenArabicDigits,0.03862697631120682,2.598353624343872,0.9951456310679612,0.9777171441564347,0.0,0.9777171441564347,0.009232645854353905,0.9777171441564347,0.009232645854353905,0.0,0.0,0.0,0
105,pooled,1e-06,64,-1,10,gru,tapnet-SpokenArabicDigits,0.03789179027080536,2.580559492111206,0.9951456310679612,0.9777171441564347,0.0,0.9777171441564347,0.008995844051241875,0.9777171441564347,0.008995844051241875,0.0,0.0,0.0,0
106,pooled,1e-06,64,-1,10,gru,tapnet-SpokenArabicDigits,0.03716904670000076,2.563169002532959,0.9952973300970874,0.9777171441564347,0.0,0.9777171441564347,0.008762234821915627,0.9777171441564347,0.008762234821915627,0.0,0.0,0.0,0
107,pooled,1e-06,64,-1,10,gru,tapnet-SpokenArabicDigits,0.03646654635667801,2.5463452339172363,0.9954490291262136,0.9777171441564347,0.0,0.9777171441564347,0.00853843241930008,0.9777171441564347,0.00853843241930008,0.0,0.0,0.0,0
108,pooled,1e-06,64,-1,10,gru,tapnet-SpokenArabicDigits,0.03577541559934616,2.529742479324341,0.9959041262135923,0.9777171441564347,0.0,0.9777171441564347,0.008319875225424767,0.9777171441564347,0.008319875225424767,0.0,0.0,0.0,0
109,pooled,1e-06,64,-1,10,gru,tapnet-SpokenArabicDigits,0.035103969275951385,2.513486623764038,0.9959041262135923,0.9781718963165075,0.0,0.9781718963165075,0.008110149763524532,0.9781718963165075,0.008110149763524532,0.0,0.0,0.0,0
110,pooled,1e-06,64,-1,10,gru,tapnet-SpokenArabicDigits,0.03444734960794449,2.497518539428711,0.9960558252427184,0.9781718963165075,0.0,0.9781718963165075,0.007906457409262657,0.9781718963165075,0.007906457409262657,0.0,0.0,0.0,0
111,pooled,1e-06,64,-1,10,gru,tapnet-SpokenArabicDigits,0.03380099684000015,2.4819698333740234,0.9962075242718447,0.9781718963165075,0.0,0.9781718963165075,0.00770402979105711,0.9781718963165075,0.00770402979105711,0.0,0.0,0.0,0
112,pooled,1e-06,64,-1,10,gru,tapnet-SpokenArabicDigits,0.033172041177749634,2.4666783809661865,0.9963592233009708,0.9786266484765803,0.0,0.9786266484765803,0.007517296355217695,0.9786266484765803,0.007517296355217695,0.0,0.0,0.0,0
113,pooled,1e-06,64,-1,10,gru,tapnet-SpokenArabicDigits,0.032553672790527344,2.4517529010772705,0.9965109223300971,0.9786266484765803,0.0,0.9786266484765803,0.0073228091932833195,0.9786266484765803,0.0073228091932833195,0.0,0.0,0.0,0
114,pooled,1e-06,64,-1,10,gru,tapnet-SpokenArabicDigits,0.031951338052749634,2.437147378921509,0.9965109223300971,0.9786266484765803,0.0,0.9786266484765803,0.007145529147237539,0.9786266484765803,0.007145529147237539,0.0,0.0,0.0,0
115,pooled,1e-06,64,-1,10,gru,tapnet-SpokenArabicDigits,0.031359054148197174,2.42276930809021,0.9968143203883495,0.9786266484765803,0.0,0.9786266484765803,0.006965160369873047,0.9786266484765803,0.006965160369873047,0.0,0.0,0.0,0
116,pooled,1e-06,64,-1,10,gru,tapnet-SpokenArabicDigits,0.030780449509620667,2.4085302352905273,0.9969660194174758,0.9786266484765803,0.0,0.9786266484765803,0.006795717403292656,0.9786266484765803,0.006795717403292656,0.0,0.0,0.0,0
117,pooled,1e-06,64,-1,10,gru,tapnet-SpokenArabicDigits,0.030221953988075256,2.39475417137146,0.9971177184466019,0.9786266484765803,0.0,0.9786266484765803,0.0066244290210306644,0.9786266484765803,0.0066244290210306644,0.0,0.0,0.0,0
118,pooled,1e-06,64,-1,10,gru,tapnet-SpokenArabicDigits,0.02966727316379547,2.3810641765594482,0.9971177184466019,0.9786266484765803,0.0,0.9786266484765803,0.006466824095696211,0.9786266484765803,0.006466824095696211,0.0,0.0,0.0,0
119,pooled,1e-06,64,-1,10,gru,tapnet-SpokenArabicDigits,0.029131047427654266,2.367788076400757,0.9971177184466019,0.9786266484765803,0.0,0.9786266484765803,0.006308472715318203,0.9786266484765803,0.006308472715318203,0.0,0.0,0.0,0
120,pooled,1e-06,64,-1,10,gru,tapnet-SpokenArabicDigits,0.028600789606571198,2.354592800140381,0.9971177184466019,0.979081400636653,0.0,0.979081400636653,0.006154267583042383,0.979081400636653,0.006154267583042383,0.0,0.0,0.0,0
121,pooled,1e-06,64,-1,10,gru,tapnet-SpokenArabicDigits,0.028087705373764038,2.3415844440460205,0.9971177184466019,0.979081400636653,0.0,0.979081400636653,0.006009889766573906,0.979081400636653,0.006009889766573906,0.0,0.0,0.0,0
122,pooled,1e-06,64,-1,10,gru,tapnet-SpokenArabicDigits,0.02757915109395981,2.3290817737579346,0.9972694174757282,0.979081400636653,0.0,0.979081400636653,0.0058668386191129684,0.979081400636653,0.0058668386191129684,0.0,0.0,0.0,0
123,pooled,1e-06,64,-1,10,gru,tapnet-SpokenArabicDigits,0.02708568423986435,2.316537380218506,0.9974211165048543,0.979081400636653,0.0,0.979081400636653,0.005730628967285156,0.979081400636653,0.005730628967285156,0.0,0.0,0.0,0
124,pooled,1e-06,64,-1,10,gru,tapnet-SpokenArabicDigits,0.02660343050956726,2.3044121265411377,0.9974211165048543,0.9795361527967258,0.0,0.9795361527967258,0.005596119444817305,0.9795361527967258,0.005596119444817305,0.0,0.0,0.0,0
125,pooled,1e-06,64,-1,10,gru,tapnet-SpokenArabicDigits,0.026124440133571625,2.2923715114593506,0.9974211165048543,0.9795361527967258,0.0,0.9795361527967258,0.005469197873026133,0.9795361527967258,0.005469197873026133,0.0,0.0,0.0,0
126,pooled,1e-06,64,-1,10,gru,tapnet-SpokenArabicDigits,0.02566184103488922,2.2808239459991455,0.9974211165048543,0.9795361527967258,0.0,0.9795361527967258,0.005346256773918867,0.9795361527967258,0.005346256773918867,0.0,0.0,0.0,0
127,pooled,1e-06,64,-1,10,gru,tapnet-SpokenArabicDigits,0.02520943433046341,2.2695443630218506,0.9974211165048543,0.9795361527967258,0.0,0.9795361527967258,0.005225886590778828,0.9795361527967258,0.005225886590778828,0.0,0.0,0.0,0
128,pooled,1e-06,64,-1,10,gru,tapnet-SpokenArabicDigits,0.024761274456977844,2.2583208084106445,0.9974211165048543,0.9799909049567985,0.0,0.9799909049567985,0.005111445672810078,0.9799909049567985,0.005111445672810078,0.0,0.0,0.0,0
129,pooled,1e-06,64,-1,10,gru,tapnet-SpokenArabicDigits,0.02432473748922348,2.247241258621216,0.9974211165048543,0.9799909049567985,0.0,0.9799909049567985,0.004995511844754219,0.9799909049567985,0.004995511844754219,0.0,0.0,0.0,0
130,pooled,1e-06,64,-1,10,gru,tapnet-SpokenArabicDigits,0.023890547454357147,2.2364706993103027,0.9975728155339806,0.9799909049567985,0.0,0.9799909049567985,0.004880739375948906,0.9799909049567985,0.004880739375948906,0.0,0.0,0.0,0
131,pooled,1e-06,64,-1,10,gru,tapnet-SpokenArabicDigits,0.023462779819965363,2.225947618484497,0.9975728155339806,0.9799909049567985,0.0,0.9799909049567985,0.004770901054143906,0.9799909049567985,0.004770901054143906,0.0,0.0,0.0,0
132,pooled,1e-06,64,-1,10,gru,tapnet-SpokenArabicDigits,0.023046143352985382,2.2158143520355225,0.9977245145631068,0.9799909049567985,0.0,0.9799909049567985,0.004664255306124687,0.9799909049567985,0.004664255306124687,0.0,0.0,0.0,0
133,pooled,1e-06,64,-1,10,gru,tapnet-SpokenArabicDigits,0.022640831768512726,2.205564498901367,0.997876213592233,0.9799909049567985,0.0,0.9799909049567985,0.004560304805636406,0.9799909049567985,0.004560304805636406,0.0,0.0,0.0,0
134,pooled,1e-06,64,-1,10,gru,tapnet-SpokenArabicDigits,0.02224157750606537,2.1956264972686768,0.997876213592233,0.9799909049567985,0.0,0.9799909049567985,0.0044557321816682816,0.9799909049567985,0.0044557321816682816,0.0,0.0,0.0,0
135,pooled,1e-06,64,-1,10,gru,tapnet-SpokenArabicDigits,0.02185143530368805,2.1857306957244873,0.997876213592233,0.9799909049567985,0.0,0.9799909049567985,0.004355928394943476,0.9799909049567985,0.004355928394943476,0.0,0.0,0.0,0
136,pooled,1e-06,64,-1,10,gru,tapnet-SpokenArabicDigits,0.021468348801136017,2.1759285926818848,0.997876213592233,0.9799909049567985,0.0,0.9799909049567985,0.0042573679238557816,0.9799909049567985,0.0042573679238557816,0.0,0.0,0.0,0
137,pooled,1e-06,64,-1,10,gru,tapnet-SpokenArabicDigits,0.021093301475048065,2.1664609909057617,0.997876213592233,0.9799909049567985,0.0,0.9799909049567985,0.004164073616266251,0.9799909049567985,0.004164073616266251,0.0,0.0,0.0,0
138,pooled,1e-06,64,-1,10,gru,tapnet-SpokenArabicDigits,0.020724110305309296,2.157228469848633,0.9980279126213593,0.9799909049567985,0.0,0.9799909049567985,0.004068747628480196,0.9799909049567985,0.004068747628480196,0.0,0.0,0.0,0
139,pooled,1e-06,64,-1,10,gru,tapnet-SpokenArabicDigits,0.02036070078611374,2.147946834564209,0.9980279126213593,0.9799909049567985,0.0,0.9799909049567985,0.0039791022427380085,0.9799909049567985,0.0039791022427380085,0.0,0.0,0.0,0
140,pooled,1e-06,64,-1,10,gru,tapnet-SpokenArabicDigits,0.020006507635116577,2.139279842376709,0.9980279126213593,0.9799909049567985,0.0,0.9799909049567985,0.003889498533681035,0.9799909049567985,0.003889498533681035,0.0,0.0,0.0,0
141,pooled,1e-06,64,-1,10,gru,tapnet-SpokenArabicDigits,0.019659198820590973,2.130136489868164,0.9981796116504854,0.9799909049567985,0.0,0.9799909049567985,0.0038025067187845707,0.9799909049567985,0.0038025067187845707,0.0,0.0,0.0,0
142,pooled,1e-06,64,-1,10,gru,tapnet-SpokenArabicDigits,0.019317686557769775,2.1212849617004395,0.9981796116504854,0.9799909049567985,0.0,0.9799909049567985,0.003716800594702363,0.9799909049567985,0.003716800594702363,0.0,0.0,0.0,0
143,pooled,1e-06,64,-1,10,gru,tapnet-SpokenArabicDigits,0.018982015550136566,2.112875461578369,0.9981796116504854,0.9804456571168713,0.0,0.9804456571168713,0.00363623583689332,0.9804456571168713,0.00363623583689332,0.0,0.0,0.0,0
144,pooled,1e-06,64,-1,10,gru,tapnet-SpokenArabicDigits,0.01865621656179428,2.10444712638855,0.9983313106796117,0.9804456571168713,0.0,0.9804456571168713,0.003557163756340742,0.9804456571168713,0.003557163756340742,0.0,0.0,0.0,0
145,pooled,1e-06,64,-1,10,gru,tapnet-SpokenArabicDigits,0.018333278596401215,2.096125841140747,0.9983313106796117,0.9804456571168713,0.0,0.9804456571168713,0.0034787135664373636,0.9804456571168713,0.0034787135664373636,0.0,0.0,0.0,0
146,pooled,1e-06,64,-1,10,gru,tapnet-SpokenArabicDigits,0.0180228129029274,2.0879080295562744,0.9983313106796117,0.9804456571168713,0.0,0.9804456571168713,0.0034063588827848434,0.9804456571168713,0.0034063588827848434,0.0,0.0,0.0,0
147,pooled,1e-06,64,-1,10,gru,tapnet-SpokenArabicDigits,0.017715051770210266,2.0800154209136963,0.9984830097087378,0.9804456571168713,0.0,0.9804456571168713,0.003333796514198184,0.9804456571168713,0.003333796514198184,0.0,0.0,0.0,0
148,pooled,1e-06,64,-1,10,gru,tapnet-SpokenArabicDigits,0.017421774566173553,2.072345018386841,0.9984830097087378,0.9804456571168713,0.0,0.9804456571168713,0.0032635563984513283,0.9804456571168713,0.0032635563984513283,0.0,0.0,0.0,0
149,pooled,1e-06,64,-1,10,gru,tapnet-SpokenArabicDigits,0.01713605970144272,2.0646767616271973,0.9984830097087378,0.9799909049567985,0.0,0.9799909049567985,0.0031908699311316013,0.9799909049567985,0.0031908699311316013,0.0,0.0,0.0,0
150,pooled,1e-06,64,-1,10,gru,tapnet-SpokenArabicDigits,0.01685149222612381,2.056959390640259,0.9984830097087378,0.9809004092769441,0.0,0.9809004092769441,0.003121832152828574,0.9809004092769441,0.003121832152828574,0.0,0.0,0.0,0
151,pooled,1e-06,64,-1,10,gru,tapnet-SpokenArabicDigits,0.016572996973991394,2.049708127975464,0.9984830097087378,0.9809004092769441,0.0,0.9809004092769441,0.003054204164072871,0.9809004092769441,0.003054204164072871,0.0,0.0,0.0,0
152,pooled,1e-06,64,-1,10,gru,tapnet-SpokenArabicDigits,0.0163038969039917,2.0425379276275635,0.9984830097087378,0.9809004092769441,0.0,0.9809004092769441,0.0029917177744209766,0.9809004092769441,0.0029917177744209766,0.0,0.0,0.0,0
153,pooled,1e-06,64,-1,10,gru,tapnet-SpokenArabicDigits,0.01603282243013382,2.0352461338043213,0.9984830097087378,0.9809004092769441,0.0,0.9809004092769441,0.0029270753730088472,0.9809004092769441,0.0029270753730088472,0.0,0.0,0.0,0
154,pooled,1e-06,64,-1,10,gru,tapnet-SpokenArabicDigits,0.015771597623825073,2.027940273284912,0.9984830097087378,0.9809004092769441,0.0,0.9809004092769441,0.0028615619521588087,0.9809004092769441,0.0028615619521588087,0.0,0.0,0.0,0
155,pooled,1e-06,64,-1,10,gru,tapnet-SpokenArabicDigits,0.015514783561229706,2.0211987495422363,0.9984830097087378,0.9809004092769441,0.0,0.9809004092769441,0.002801853697746992,0.9809004092769441,0.002801853697746992,0.0,0.0,0.0,0
156,pooled,1e-06,64,-1,10,gru,tapnet-SpokenArabicDigits,0.015254445374011993,2.0137441158294678,0.9986347087378641,0.9809004092769441,0.0,0.9809004092769441,0.00273961597122252,0.9809004092769441,0.00273961597122252,0.0,0.0,0.0,0
157,pooled,1e-06,64,-1,10,gru,tapnet-SpokenArabicDigits,0.015005387365818024,2.0070323944091797,0.9986347087378641,0.9813551614370168,0.0,0.9813551614370168,0.002682768739759922,0.9813551614370168,0.002682768739759922,0.0,0.0,0.0,0
158,pooled,1e-06,64,-1,10,gru,tapnet-SpokenArabicDigits,0.014760389924049377,2.0004770755767822,0.9986347087378641,0.9813551614370168,0.0,0.9813551614370168,0.0026233091484755278,0.9813551614370168,0.0026233091484755278,0.0,0.0,0.0,0
159,pooled,1e-06,64,-1,10,gru,tapnet-SpokenArabicDigits,0.01451391726732254,1.993679165840149,0.9986347087378641,0.9809004092769441,0.0,0.9809004092769441,0.002565218135714531,0.9809004092769441,0.002565218135714531,0.0,0.0,0.0,0
160,pooled,1e-06,64,-1,10,gru,tapnet-SpokenArabicDigits,0.014278285205364227,1.9872702360153198,0.9987864077669902,0.9809004092769441,0.0,0.9809004092769441,0.0025130975991487503,0.9809004092769441,0.0025130975991487503,0.0,0.0,0.0,0
161,pooled,1e-06,64,-1,10,gru,tapnet-SpokenArabicDigits,0.01404416561126709,1.9809842109680176,0.9987864077669902,0.9809004092769441,0.0,0.9809004092769441,0.002459360286593437,0.9809004092769441,0.002459360286593437,0.0,0.0,0.0,0
162,pooled,1e-06,64,-1,10,gru,tapnet-SpokenArabicDigits,0.013812623918056488,1.9744328260421753,0.9987864077669902,0.9809004092769441,0.0,0.9809004092769441,0.0024057470727711916,0.9809004092769441,0.0024057470727711916,0.0,0.0,0.0,0
163,pooled,1e-06,64,-1,10,gru,tapnet-SpokenArabicDigits,0.013586193323135376,1.9681243896484375,0.9987864077669902,0.9809004092769441,0.0,0.9809004092769441,0.0023553683422505856,0.9809004092769441,0.0023553683422505856,0.0,0.0,0.0,0
164,pooled,1e-06,64,-1,10,gru,tapnet-SpokenArabicDigits,0.013365380465984344,1.9618390798568726,0.9987864077669902,0.9809004092769441,0.0,0.9809004092769441,0.002306150272488594,0.9809004092769441,0.002306150272488594,0.0,0.0,0.0,0
165,pooled,1e-06,64,-1,10,gru,tapnet-SpokenArabicDigits,0.013145595788955688,1.9555327892303467,0.9987864077669902,0.9809004092769441,0.0,0.9809004092769441,0.002257844666019082,0.9809004092769441,0.002257844666019082,0.0,0.0,0.0,0
166,pooled,1e-06,64,-1,10,gru,tapnet-SpokenArabicDigits,0.012933678925037384,1.9494532346725464,0.9987864077669902,0.9813551614370168,0.0,0.9813551614370168,0.002209290163591504,0.9813551614370168,0.002209290163591504,0.0,0.0,0.0,0
167,pooled,1e-06,64,-1,10,gru,tapnet-SpokenArabicDigits,0.012724697589874268,1.9436664581298828,0.9989381067961165,0.9818099135970896,0.0,0.9818099135970896,0.0021634309086948633,0.9818099135970896,0.0021634309086948633,0.0,0.0,0.0,0
168,pooled,1e-06,64,-1,10,gru,tapnet-SpokenArabicDigits,0.012516580522060394,1.937901496887207,0.9989381067961165,0.9818099135970896,0.0,0.9818099135970896,0.002117820316925645,0.9818099135970896,0.002117820316925645,0.0,0.0,0.0,0
169,pooled,1e-06,64,-1,10,gru,tapnet-SpokenArabicDigits,0.012315712869167328,1.9319617748260498,0.9990898058252428,0.9818099135970896,0.0,0.9818099135970896,0.0020735368598252535,0.9818099135970896,0.0020735368598252535,0.0,0.0,0.0,0
170,pooled,1e-06,64,-1,10,gru,tapnet-SpokenArabicDigits,0.012117646634578705,1.92635178565979,0.9992415048543689,0.9818099135970896,0.0,0.9818099135970896,0.002029045717790723,0.9818099135970896,0.002029045717790723,0.0,0.0,0.0,0
171,pooled,1e-06,64,-1,10,gru,tapnet-SpokenArabicDigits,0.011920064687728882,1.9207624197006226,0.9992415048543689,0.9818099135970896,0.0,0.9818099135970896,0.0019896964076906443,0.9818099135970896,0.0019896964076906443,0.0,0.0,0.0,0
172,pooled,1e-06,64,-1,10,gru,tapnet-SpokenArabicDigits,0.011733993887901306,1.9156713485717773,0.9992415048543689,0.9818099135970896,0.0,0.9818099135970896,0.0019474443979561329,0.9818099135970896,0.0019474443979561329,0.0,0.0,0.0,0
173,pooled,1e-06,64,-1,10,gru,tapnet-SpokenArabicDigits,0.011545822024345398,1.9102524518966675,0.9993932038834952,0.9818099135970896,0.0,0.9818099135970896,0.0019090486457571387,0.9818099135970896,0.0019090486457571387,0.0,0.0,0.0,0
174,pooled,1e-06,64,-1,10,gru,tapnet-SpokenArabicDigits,0.01136036217212677,1.9051908254623413,0.9993932038834952,0.9818099135970896,0.0,0.9818099135970896,0.001869906554929912,0.9818099135970896,0.001869906554929912,0.0,0.0,0.0,0
175,pooled,1e-06,64,-1,10,gru,tapnet-SpokenArabicDigits,0.011182300746440887,1.8998734951019287,0.9993932038834952,0.9818099135970896,0.0,0.9818099135970896,0.0018314693588763475,0.9818099135970896,0.0018314693588763475,0.0,0.0,0.0,0
176,pooled,1e-06,64,-1,10,gru,tapnet-SpokenArabicDigits,0.011005409061908722,1.895187258720398,0.9993932038834952,0.9818099135970896,0.0,0.9818099135970896,0.0017946077277883887,0.9818099135970896,0.0017946077277883887,0.0,0.0,0.0,0
177,pooled,1e-06,64,-1,10,gru,tapnet-SpokenArabicDigits,0.010831385850906372,1.8900127410888672,0.9993932038834952,0.9818099135970896,0.0,0.9818099135970896,0.0017571242060512304,0.9818099135970896,0.0017571242060512304,0.0,0.0,0.0,0
178,pooled,1e-06,64,-1,10,gru,tapnet-SpokenArabicDigits,0.010658040642738342,1.8854289054870605,0.9993932038834952,0.9818099135970896,0.0,0.9818099135970896,0.001719848020002246,0.9818099135970896,0.001719848020002246,0.0,0.0,0.0,0
179,pooled,1e-06,64,-1,10,gru,tapnet-SpokenArabicDigits,0.010494962334632874,1.8806962966918945,0.9993932038834952,0.9813551614370168,0.0,0.9813551614370168,0.001687588868662715,0.9813551614370168,0.001687588868662715,0.0,0.0,0.0,0
180,pooled,1e-06,64,-1,10,gru,tapnet-SpokenArabicDigits,0.010329015552997589,1.8758697509765625,0.9993932038834952,0.9813551614370168,0.0,0.9813551614370168,0.0016530078137293458,0.9813551614370168,0.0016530078137293458,0.0,0.0,0.0,0
181,pooled,1e-06,64,-1,10,gru,tapnet-SpokenArabicDigits,0.010165095329284668,1.8714714050292969,0.9993932038834952,0.9818099135970896,0.0,0.9818099135970896,0.001621121889911592,0.9818099135970896,0.001621121889911592,0.0,0.0,0.0,0
182,pooled,1e-06,64,-1,10,gru,tapnet-SpokenArabicDigits,0.010003119707107544,1.8668407201766968,0.9995449029126213,0.9818099135970896,0.0,0.9818099135970896,0.0015884897438809276,0.9818099135970896,0.0015884897438809276,0.0,0.0,0.0,0
183,pooled,1e-06,64,-1,10,gru,tapnet-SpokenArabicDigits,0.009847596287727356,1.862504243850708,0.9995449029126213,0.9818099135970896,0.0,0.9818099135970896,0.0015555256977677345,0.9818099135970896,0.0015555256977677345,0.0,0.0,0.0,0
184,pooled,1e-06,64,-1,10,gru,tapnet-SpokenArabicDigits,0.009690292179584503,1.8581513166427612,0.9995449029126213,0.9818099135970896,0.0,0.9818099135970896,0.0015266666887328029,0.9818099135970896,0.0015266666887328029,0.0,0.0,0.0,0
185,pooled,1e-06,64,-1,10,gru,tapnet-SpokenArabicDigits,0.009538285434246063,1.85405433177948,0.9995449029126213,0.9818099135970896,0.0,0.9818099135970896,0.001494324766099453,0.9818099135970896,0.001494324766099453,0.0,0.0,0.0,0
186,pooled,1e-06,64,-1,10,gru,tapnet-SpokenArabicDigits,0.009388558566570282,1.8497427701950073,0.9995449029126213,0.9818099135970896,0.0,0.9818099135970896,0.001464263303205371,0.9818099135970896,0.001464263303205371,0.0,0.0,0.0,0
187,pooled,1e-06,64,-1,10,gru,tapnet-SpokenArabicDigits,0.009235329926013947,1.8458186388015747,0.9995449029126213,0.9818099135970896,0.0,0.9818099135970896,0.0014357359614223242,0.9818099135970896,0.0014357359614223242,0.0,0.0,0.0,0
188,pooled,1e-06,64,-1,10,gru,tapnet-SpokenArabicDigits,0.009091660380363464,1.8417398929595947,0.9995449029126213,0.9818099135970896,0.0,0.9818099135970896,0.0014059232780709863,0.9818099135970896,0.0014059232780709863,0.0,0.0,0.0,0
189,pooled,1e-06,64,-1,10,gru,tapnet-SpokenArabicDigits,0.008945554494857788,1.838120698928833,0.9995449029126213,0.9818099135970896,0.0,0.9818099135970896,0.0013775203842669725,0.9818099135970896,0.0013775203842669725,0.0,0.0,0.0,0
190,pooled,1e-06,64,-1,10,gru,tapnet-SpokenArabicDigits,0.00880395621061325,1.834271788597107,0.9995449029126213,0.9818099135970896,0.0,0.9818099135970896,0.0013522687368094921,0.9818099135970896,0.0013522687368094921,0.0,0.0,0.0,0
191,pooled,1e-06,64,-1,10,gru,tapnet-SpokenArabicDigits,0.00866527110338211,1.8305062055587769,0.9996966019417476,0.9818099135970896,0.0,0.9818099135970896,0.001323119504377246,0.9818099135970896,0.001323119504377246,0.0,0.0,0.0,0
192,pooled,1e-06,64,-1,10,gru,tapnet-SpokenArabicDigits,0.008528947830200195,1.8269121646881104,0.9998483009708737,0.9818099135970896,0.0,0.9818099135970896,0.0012994019780308008,0.9818099135970896,0.0012994019780308008,0.0,0.0,0.0,0
193,pooled,1e-06,64,-1,10,gru,tapnet-SpokenArabicDigits,0.008391782641410828,1.8231983184814453,0.9998483009708737,0.9813551614370168,0.0,0.9813551614370168,0.001273403991945088,0.9813551614370168,0.001273403991945088,0.0,0.0,0.0,0
194,pooled,1e-06,64,-1,10,gru,tapnet-SpokenArabicDigits,0.008262716233730316,1.820173978805542,0.9998483009708737,0.9818099135970896,0.0,0.9818099135970896,0.001249023131094873,0.9818099135970896,0.001249023131094873,0.0,0.0,0.0,0
195,pooled,1e-06,64,-1,10,gru,tapnet-SpokenArabicDigits,0.008128955960273743,1.8163373470306396,0.9998483009708737,0.9822646657571623,0.0,0.9822646657571623,0.0012250568252056837,0.9822646657571623,0.0012250568252056837,0.0,0.0,0.0,0
196,pooled,1e-06,64,-1,10,gru,tapnet-SpokenArabicDigits,0.0080031156539917,1.8131626844406128,0.9998483009708737,0.9822646657571623,0.0,0.9822646657571623,0.0012013394152745605,0.9822646657571623,0.0012013394152745605,0.0,0.0,0.0,0
197,pooled,1e-06,64,-1,10,gru,tapnet-SpokenArabicDigits,0.007875882089138031,1.810328483581543,0.9998483009708737,0.9822646657571623,0.0,0.9822646657571623,0.0011757975444197655,0.9822646657571623,0.0011757975444197655,0.0,0.0,0.0,0
198,pooled,1e-06,64,-1,10,gru,tapnet-SpokenArabicDigits,0.007749676704406738,1.806870937347412,0.9998483009708737,0.9822646657571623,0.0,0.9822646657571623,0.0011549410410225391,0.9822646657571623,0.0011549410410225391,0.0,0.0,0.0,0
199,pooled,1e-06,64,-1,10,gru,tapnet-SpokenArabicDigits,0.007628008723258972,1.8036364316940308,0.9998483009708737,0.9822646657571623,0.0,0.9822646657571623,0.00113147241063416,0.9822646657571623,0.00113147241063416,0.0,0.0,0.0,0
