,epoch,mode,ls1,ls2,acc1,acc2,tls1,tls2,tacc1,tacc2,tlsa,tacca
0,0,dsgd,0.00226593017578125,0.00226593017578125,0.9743757353902471,0.9743757353902471,16.23488998413086,16.23488998413086,0.5024,0.5024,16.23488998413086,0.5024
1,1,dsgd,6.0558319091796875e-05,6.0558319091796875e-05,0.9879395999477056,0.9879395999477056,23.171142578125,23.171142578125,0.501,0.501,23.171142578125,0.501
2,2,dsgd,0.0,0.0,0.9904235847823245,0.9904235847823245,27.588321685791016,27.588321685791016,0.4989,0.4989,27.588321685791016,0.4989
3,3,dsgd,6.723403930664062e-05,6.723403930664062e-05,0.9887240162112695,0.9887240162112695,35.11357498168945,35.11357498168945,0.5044,0.5044,35.11357498168945,0.5044
4,4,dsgd,7.963180541992188e-05,7.963180541992188e-05,0.9882337560465421,0.9882337560465421,30.065847396850586,30.065847396850586,0.5058,0.5058,30.065847396850586,0.5058
5,5,dsgd,0.0,0.0,0.991077265001961,0.991077265001961,43.8930549621582,43.8930549621582,0.5058,0.5058,43.8930549621582,0.5058
6,6,dsgd,3.337860107421875e-06,3.337860107421875e-06,0.9912080010458884,0.9912080010458884,47.37086486816406,47.37086486816406,0.5065,0.5065,47.37086486816406,0.5065
7,7,dsgd,0.0001811981201171875,0.0001811981201171875,0.9929075696169434,0.9929075696169434,42.163185119628906,42.163185119628906,0.5087,0.5087,42.163185119628906,0.5087
8,8,dsgd,8.869171142578125e-05,8.869171142578125e-05,0.9914367891227611,0.9914367891227611,48.903099060058594,48.903099060058594,0.5097,0.5097,48.903099060058594,0.5097
9,9,dsgd,0.0,0.0,0.9932670937377435,0.9932670937377435,61.2419548034668,61.2419548034668,0.5099,0.5099,61.2419548034668,0.5099
10,10,dsgd,0.0,0.0,0.9929075696169434,0.9929075696169434,61.39883804321289,61.39883804321289,0.5106,0.5106,61.39883804321289,0.5106
11,11,dsgd,0.0,0.0,0.993169041704798,0.993169041704798,71.26313781738281,71.26313781738281,0.5074,0.5074,71.26313781738281,0.5074
12,12,dsgd,0.0,0.0,0.9928748856059616,0.9928748856059616,81.48628997802734,81.48628997802734,0.5077,0.5077,81.48628997802734,0.5077
13,13,dsgd,0.0,0.0,0.9936266178585436,0.9936266178585436,82.03795623779297,82.03795623779297,0.5063,0.5063,82.03795623779297,0.5063
14,14,dsgd,0.0,0.0,0.9919597332984704,0.9919597332984704,86.9537353515625,86.9537353515625,0.5067,0.5067,86.9537353515625,0.5067
15,15,dsgd,0.0,0.0,0.9922865734082886,0.9922865734082886,86.62980651855469,86.62980651855469,0.5104,0.5104,86.62980651855469,0.5104
16,16,dsgd,0.0,0.0,0.9934305137926527,0.9934305137926527,91.33702850341797,91.33702850341797,0.5093,0.5093,91.33702850341797,0.5093
17,17,dsgd,0.0,0.0,0.9940515100013073,0.9940515100013073,91.42498016357422,91.42498016357422,0.5092,0.5092,91.42498016357422,0.5092
18,18,dsgd,0.0,0.0,0.9939207739573801,0.9939207739573801,108.53874969482422,108.53874969482422,0.5102,0.5102,108.53874969482422,0.5102
19,19,dsgd,0.0,0.0,0.992972937638907,0.992972937638907,110.84801483154297,110.84801483154297,0.5108,0.5108,110.84801483154297,0.5108
20,20,dsgd,0.0,0.0,0.9949666623087985,0.9949666623087985,139.22019958496094,139.22019958496094,0.5087,0.5087,139.22019958496094,0.5087
21,21,dsgd,0.0,0.0,0.9958818146162897,0.9958818146162897,186.91943359375,186.91943359375,0.5053,0.5053,186.91943359375,0.5053
22,22,dsgd,0.0,0.0,0.9946398221989803,0.9946398221989803,147.71371459960938,147.71371459960938,0.5114,0.5114,147.71371459960938,0.5114
23,23,dsgd,0.0,0.0,0.9954242384625441,0.9954242384625441,138.7128143310547,138.7128143310547,0.5093,0.5093,138.7128143310547,0.5093
24,24,dsgd,0.0,0.0,0.995260818407635,0.995260818407635,145.00901794433594,145.00901794433594,0.5127,0.5127,145.00901794433594,0.5127
25,25,dsgd,0.0,0.0,0.9957510785723624,0.9957510785723624,182.27630615234375,182.27630615234375,0.509,0.509,182.27630615234375,0.509
26,26,dsgd,0.0,0.0,0.9963393907700353,0.9963393907700353,176.20211791992188,176.20211791992188,0.5079,0.5079,176.20211791992188,0.5079
27,27,dsgd,0.0,0.0,0.9961106026931625,0.9961106026931625,186.7281036376953,186.7281036376953,0.5078,0.5078,186.7281036376953,0.5078
28,28,dsgd,0.0,0.0,0.9961759707151262,0.9961759707151262,197.44839477539062,197.44839477539062,0.5089,0.5089,197.44839477539062,0.5089
29,29,dsgd,0.0,0.0,0.9958164465943261,0.9958164465943261,209.0711669921875,209.0711669921875,0.5106,0.5106,209.0711669921875,0.5106
30,30,dsgd,0.0,0.0,0.9947378742319257,0.9947378742319257,182.1895751953125,182.1895751953125,0.5113,0.5113,182.1895751953125,0.5113
31,31,dsgd,0.0,0.0,0.9959798666492352,0.9959798666492352,183.5384063720703,183.5384063720703,0.5104,0.5104,183.5384063720703,0.5104
32,32,dsgd,0.0,0.0,0.9957837625833442,0.9957837625833442,242.91485595703125,242.91485595703125,0.5078,0.5078,242.91485595703125,0.5078
33,33,dsgd,0.0,0.0,0.9954569224735259,0.9954569224735259,210.68020629882812,210.68020629882812,0.5102,0.5102,210.68020629882812,0.5102
34,34,dsgd,0.0,0.0,0.994116878023271,0.994116878023271,186.38192749023438,186.38192749023438,0.5118,0.5118,186.38192749023438,0.5118
35,35,dsgd,0.0,0.0,0.9961759707151262,0.9961759707151262,212.17999267578125,212.17999267578125,0.5104,0.5104,212.17999267578125,0.5104
36,36,dsgd,0.0,0.0,0.9957183945613806,0.9957183945613806,202.79518127441406,202.79518127441406,0.5115,0.5115,202.79518127441406,0.5115
37,37,dsgd,0.0,0.0,0.9958491306053079,0.9958491306053079,235.8311004638672,235.8311004638672,0.5131,0.5131,235.8311004638672,0.5131
38,38,dsgd,0.0,0.0,0.9966989148908354,0.9966989148908354,236.41693115234375,236.41693115234375,0.5106,0.5106,236.41693115234375,0.5106
39,39,dsgd,0.0,0.0,0.9963067067590534,0.9963067067590534,257.0716857910156,257.0716857910156,0.5112,0.5112,257.0716857910156,0.5112
40,40,dsgd,0.0,0.0,0.9961432867041443,0.9961432867041443,222.55929565429688,222.55929565429688,0.5089,0.5089,222.55929565429688,0.5089
41,41,dsgd,0.0,0.0,0.996012550660217,0.996012550660217,261.359375,261.359375,0.5096,0.5096,261.359375,0.5096
42,42,dsgd,0.0,0.0,0.9956530265394169,0.9956530265394169,256.54827880859375,256.54827880859375,0.5091,0.5091,256.54827880859375,0.5091
43,43,dsgd,0.0,0.0,0.9966335468688717,0.9966335468688717,323.24822998046875,323.24822998046875,0.5089,0.5089,323.24822998046875,0.5089
44,44,dsgd,0.0,0.0,0.9964701268139626,0.9964701268139626,331.04736328125,331.04736328125,0.5097,0.5097,331.04736328125,0.5097
45,45,dsgd,0.0,0.0,0.9957837625833442,0.9957837625833442,279.7398376464844,279.7398376464844,0.51,0.51,279.7398376464844,0.51
46,46,dsgd,0.0,0.0,0.9965681788469081,0.9965681788469081,309.9935302734375,309.9935302734375,0.5077,0.5077,309.9935302734375,0.5077
47,47,dsgd,0.0,0.0,0.9969930709896718,0.9969930709896718,327.17919921875,327.17919921875,0.5089,0.5089,327.17919921875,0.5089
48,48,dsgd,0.0,0.0,0.9967315989018173,0.9967315989018173,286.7923889160156,286.7923889160156,0.5073,0.5073,286.7923889160156,0.5073
49,49,dsgd,0.0,0.0,0.9967642829127991,0.9967642829127991,279.8958740234375,279.8958740234375,0.5085,0.5085,279.8958740234375,0.5085
50,50,dsgd,0.0,0.0,0.9966989148908354,0.9966989148908354,290.7762145996094,290.7762145996094,0.5083,0.5083,290.7762145996094,0.5083
51,51,dsgd,0.0,0.0,0.9959798666492352,0.9959798666492352,248.9747314453125,248.9747314453125,0.5096,0.5096,248.9747314453125,0.5096
52,52,dsgd,0.0,0.0,0.99660086285789,0.99660086285789,301.4826354980469,301.4826354980469,0.5095,0.5095,301.4826354980469,0.5095
53,53,dsgd,0.0,0.0,0.9967642829127991,0.9967642829127991,291.73333740234375,291.73333740234375,0.5116,0.5116,291.73333740234375,0.5116
54,54,dsgd,0.0,0.0,0.9968296509347627,0.9968296509347627,317.1326904296875,317.1326904296875,0.5111,0.5111,317.1326904296875,0.5111
55,55,dsgd,0.0,0.0,0.9967969669237808,0.9967969669237808,294.5306396484375,294.5306396484375,0.5111,0.5111,294.5306396484375,0.5111
56,56,dsgd,0.0,0.0,0.9962740227480716,0.9962740227480716,310.40313720703125,310.40313720703125,0.5092,0.5092,310.40313720703125,0.5092
57,57,dsgd,0.0,0.0,0.9966989148908354,0.9966989148908354,291.3417663574219,291.3417663574219,0.5086,0.5086,291.3417663574219,0.5086
58,58,dsgd,0.0,0.0,0.9970257550006537,0.9970257550006537,332.8896484375,332.8896484375,0.5087,0.5087,332.8896484375,0.5087
59,59,dsgd,0.0,0.0,0.9973199110994901,0.9973199110994901,356.36138916015625,356.36138916015625,0.5109,0.5109,356.36138916015625,0.5109
60,60,dsgd,0.0,0.0,0.9978428552751993,0.9978428552751993,381.17169189453125,381.17169189453125,0.5099,0.5099,381.17169189453125,0.5099
61,61,dsgd,0.0,0.0,0.9975486991763629,0.9975486991763629,445.4466552734375,445.4466552734375,0.507,0.507,445.4466552734375,0.507
62,62,dsgd,0.0,0.0,0.9973852791214538,0.9973852791214538,417.7262878417969,417.7262878417969,0.5094,0.5094,417.7262878417969,0.5094
63,63,dsgd,0.0,0.0,0.997908223297163,0.997908223297163,374.7535400390625,374.7535400390625,0.5129,0.5129,374.7535400390625,0.5129
64,64,dsgd,0.0,0.0,0.998104327363054,0.998104327363054,383.8875427246094,383.8875427246094,0.5129,0.5129,383.8875427246094,0.5129
65,65,dsgd,0.0,0.0,0.9976467512093085,0.9976467512093085,368.94671630859375,368.94671630859375,0.511,0.511,368.94671630859375,0.511
66,66,dsgd,0.0,0.0,0.9980389593410903,0.9980389593410903,366.40325927734375,366.40325927734375,0.511,0.511,366.40325927734375,0.511
67,67,dsgd,0.0,0.0,0.9980716433520722,0.9980716433520722,369.8716125488281,369.8716125488281,0.512,0.512,369.8716125488281,0.512
68,68,dsgd,0.0,0.0,0.9979735913191267,0.9979735913191267,378.6051330566406,378.6051330566406,0.512,0.512,378.6051330566406,0.512
69,69,dsgd,0.0,0.0,0.9976140671983266,0.9976140671983266,348.6561584472656,348.6561584472656,0.5111,0.5111,348.6561584472656,0.5111
70,70,dsgd,0.0,0.0,0.9980716433520722,0.9980716433520722,476.5804138183594,476.5804138183594,0.5081,0.5081,476.5804138183594,0.5081
71,71,dsgd,0.0,0.0,0.9982023793959994,0.9982023793959994,398.6274108886719,398.6274108886719,0.5109,0.5109,398.6274108886719,0.5109
72,72,dsgd,0.0,0.0,0.9984311674728723,0.9984311674728723,433.51763916015625,433.51763916015625,0.5118,0.5118,433.51763916015625,0.5118
73,73,dsgd,0.0,0.0,0.9980716433520722,0.9980716433520722,380.7633972167969,380.7633972167969,0.515,0.515,380.7633972167969,0.515
74,74,dsgd,0.0,0.0,0.9978755392861812,0.9978755392861812,437.5934143066406,437.5934143066406,0.5105,0.5105,437.5934143066406,0.5105
75,75,dsgd,0.0,0.0,0.9981370113740359,0.9981370113740359,457.974609375,457.974609375,0.5108,0.5108,457.974609375,0.5108
76,76,dsgd,0.0,0.0,0.9979409073081449,0.9979409073081449,400.7612609863281,400.7612609863281,0.5124,0.5124,400.7612609863281,0.5124
77,77,dsgd,0.0,0.0,0.9973199110994901,0.9973199110994901,410.42608642578125,410.42608642578125,0.5109,0.5109,410.42608642578125,0.5109
78,78,dsgd,0.0,0.0,0.9970257550006537,0.9970257550006537,479.8584899902344,479.8584899902344,0.5101,0.5101,479.8584899902344,0.5101
79,79,dsgd,0.0,0.0,0.9974506471434175,0.9974506471434175,371.72479248046875,371.72479248046875,0.5195,0.5195,371.72479248046875,0.5195
80,80,dsgd,0.0,0.0,0.9968296509347627,0.9968296509347627,466.11724853515625,466.11724853515625,0.5117,0.5117,466.11724853515625,0.5117
81,81,dsgd,0.0,0.0,0.997712119231272,0.997712119231272,480.23480224609375,480.23480224609375,0.5122,0.5122,480.23480224609375,0.5122
82,82,dsgd,0.0,0.0,0.9979409073081449,0.9979409073081449,420.3411865234375,420.3411865234375,0.516,0.516,420.3411865234375,0.516
83,83,dsgd,0.0,0.0,0.9982677474179631,0.9982677474179631,487.62176513671875,487.62176513671875,0.5148,0.5148,487.62176513671875,0.5148
84,84,dsgd,0.0,0.0,0.9974833311543992,0.9974833311543992,433.6617431640625,433.6617431640625,0.5141,0.5141,433.6617431640625,0.5141
85,85,dsgd,0.0,0.0,0.9976794352202902,0.9976794352202902,490.72515869140625,490.72515869140625,0.5142,0.5142,490.72515869140625,0.5142
86,86,dsgd,0.0,0.0,0.9978101712642176,0.9978101712642176,517.5889892578125,517.5889892578125,0.5104,0.5104,517.5889892578125,0.5104
87,87,dsgd,0.0,0.0,0.9976140671983266,0.9976140671983266,508.5147399902344,508.5147399902344,0.5135,0.5135,508.5147399902344,0.5135
88,88,dsgd,0.0,0.0,0.998104327363054,0.998104327363054,545.3834228515625,545.3834228515625,0.5124,0.5124,545.3834228515625,0.5124
89,89,dsgd,0.0,0.0,0.9980716433520722,0.9980716433520722,546.9091796875,546.9091796875,0.5125,0.5125,546.9091796875,0.5125
90,90,dsgd,0.0,0.0,0.998300431428945,0.998300431428945,496.1846618652344,496.1846618652344,0.5138,0.5138,496.1846618652344,0.5138
91,91,dsgd,0.0,0.0,0.9983331154399268,0.9983331154399268,530.011474609375,530.011474609375,0.5121,0.5121,530.011474609375,0.5121
92,92,dsgd,0.0,0.0,0.9977774872532357,0.9977774872532357,501.387939453125,501.387939453125,0.513,0.513,501.387939453125,0.513
93,93,dsgd,0.0,0.0,0.9978755392861812,0.9978755392861812,544.5067749023438,544.5067749023438,0.5115,0.5115,544.5067749023438,0.5115
94,94,dsgd,0.0,0.0,0.9981696953850177,0.9981696953850177,482.4893493652344,482.4893493652344,0.5123,0.5123,482.4893493652344,0.5123
95,95,dsgd,0.0,0.0,0.998104327363054,0.998104327363054,576.666748046875,576.666748046875,0.5113,0.5113,576.666748046875,0.5113
96,96,dsgd,0.0,0.0,0.998300431428945,0.998300431428945,544.546875,544.546875,0.5103,0.5103,544.546875,0.5103
97,97,dsgd,0.0,0.0,0.998300431428945,0.998300431428945,528.5724487304688,528.5724487304688,0.5111,0.5111,528.5724487304688,0.5111
98,98,dsgd,0.0,0.0,0.9986272715387632,0.9986272715387632,562.2490844726562,562.2490844726562,0.5107,0.5107,562.2490844726562,0.5107
99,99,dsgd,0.0,0.0,0.9981370113740359,0.9981370113740359,512.3475341796875,512.3475341796875,0.5111,0.5111,512.3475341796875,0.5111
100,100,dsgd,0.0,0.0,0.9980062753301085,0.9980062753301085,644.4835815429688,644.4835815429688,0.5121,0.5121,644.4835815429688,0.5121
101,101,dsgd,0.0,0.0,0.9986599555497451,0.9986599555497451,666.2577514648438,666.2577514648438,0.5113,0.5113,666.2577514648438,0.5113
102,102,dsgd,0.0,0.0,0.9988233756046542,0.9988233756046542,621.5769653320312,621.5769653320312,0.511,0.511,621.5769653320312,0.511
103,103,dsgd,0.0,0.0,0.9980062753301085,0.9980062753301085,669.709228515625,669.709228515625,0.5096,0.5096,669.709228515625,0.5096
104,104,dsgd,0.0,0.0,0.998104327363054,0.998104327363054,614.8828735351562,614.8828735351562,0.5097,0.5097,614.8828735351562,0.5097
105,105,dsgd,0.0,0.0,0.9982677474179631,0.9982677474179631,603.8956909179688,603.8956909179688,0.51,0.51,603.8956909179688,0.51
106,106,dsgd,0.0,0.0,0.9975813831873448,0.9975813831873448,641.0463256835938,641.0463256835938,0.5125,0.5125,641.0463256835938,0.5125
107,107,dsgd,0.0,0.0,0.9978428552751993,0.9978428552751993,648.5933837890625,648.5933837890625,0.5099,0.5099,648.5933837890625,0.5099
108,108,dsgd,0.0,0.0,0.9981370113740359,0.9981370113740359,629.60009765625,629.60009765625,0.5121,0.5121,629.60009765625,0.5121
109,109,dsgd,0.0,0.0,0.9983331154399268,0.9983331154399268,726.8223876953125,726.8223876953125,0.5098,0.5098,726.8223876953125,0.5098
110,110,dsgd,0.0,0.0,0.9983657994509086,0.9983657994509086,752.825927734375,752.825927734375,0.5093,0.5093,752.825927734375,0.5093
111,111,dsgd,0.0,0.0,0.9984638514838541,0.9984638514838541,738.1688232421875,738.1688232421875,0.51,0.51,738.1688232421875,0.51
112,112,dsgd,0.0,0.0,0.9985945875277814,0.9985945875277814,678.4325561523438,678.4325561523438,0.5088,0.5088,678.4325561523438,0.5088
113,113,dsgd,0.0,0.0,0.998496535494836,0.998496535494836,678.578857421875,678.578857421875,0.5097,0.5097,678.578857421875,0.5097
114,114,dsgd,0.0,0.0,0.9979735913191267,0.9979735913191267,584.7089233398438,584.7089233398438,0.5112,0.5112,584.7089233398438,0.5112
115,115,dsgd,0.0,0.0,0.9980716433520722,0.9980716433520722,644.1624755859375,644.1624755859375,0.5111,0.5111,644.1624755859375,0.5111
116,116,dsgd,0.0,0.0,0.9984311674728723,0.9984311674728723,634.89208984375,634.89208984375,0.5102,0.5102,634.89208984375,0.5102
117,117,dsgd,0.0,0.0,0.9983984834618904,0.9983984834618904,643.0684814453125,643.0684814453125,0.5101,0.5101,643.0684814453125,0.5101
118,118,dsgd,0.0,0.0,0.9985292195058177,0.9985292195058177,770.4423217773438,770.4423217773438,0.5102,0.5102,770.4423217773438,0.5102
119,119,dsgd,0.0,0.0,0.998300431428945,0.998300431428945,644.21533203125,644.21533203125,0.5106,0.5106,644.21533203125,0.5106
120,120,dsgd,0.0,0.0,0.9974179631324356,0.9974179631324356,719.2864990234375,719.2864990234375,0.5075,0.5075,719.2864990234375,0.5075
121,121,dsgd,0.0,0.0,0.998300431428945,0.998300431428945,639.442626953125,639.442626953125,0.5106,0.5106,639.442626953125,0.5106
122,122,dsgd,0.0,0.0,0.9984311674728723,0.9984311674728723,662.3377075195312,662.3377075195312,0.5096,0.5096,662.3377075195312,0.5096
123,123,dsgd,0.0,0.0,0.9987906915936724,0.9987906915936724,710.8854370117188,710.8854370117188,0.5094,0.5094,710.8854370117188,0.5094
124,124,dsgd,0.0,0.0,0.9983984834618904,0.9983984834618904,824.9122924804688,824.9122924804688,0.5096,0.5096,824.9122924804688,0.5096
125,125,dsgd,0.0,0.0,0.9981696953850177,0.9981696953850177,788.7092895507812,788.7092895507812,0.5103,0.5103,788.7092895507812,0.5103
126,126,dsgd,0.0,0.0,0.9985292195058177,0.9985292195058177,732.1767578125,732.1767578125,0.5096,0.5096,732.1767578125,0.5096
127,127,dsgd,0.0,0.0,0.998496535494836,0.998496535494836,734.2548217773438,734.2548217773438,0.5102,0.5102,734.2548217773438,0.5102
128,128,dsgd,0.0,0.0,0.9986926395607268,0.9986926395607268,762.2579345703125,762.2579345703125,0.51,0.51,762.2579345703125,0.51
129,129,dsgd,0.0,0.0,0.9987906915936724,0.9987906915936724,783.5325317382812,783.5325317382812,0.5112,0.5112,783.5325317382812,0.5112
130,130,dsgd,0.0,0.0,0.9984638514838541,0.9984638514838541,792.528564453125,792.528564453125,0.5104,0.5104,792.528564453125,0.5104
131,131,dsgd,0.0,0.0,0.9985945875277814,0.9985945875277814,827.8887329101562,827.8887329101562,0.5102,0.5102,827.8887329101562,0.5102
132,132,dsgd,0.0,0.0,0.9986272715387632,0.9986272715387632,833.4065551757812,833.4065551757812,0.5085,0.5085,833.4065551757812,0.5085
133,133,dsgd,0.0,0.0,0.9986926395607268,0.9986926395607268,760.3142700195312,760.3142700195312,0.5105,0.5105,760.3142700195312,0.5105
134,134,dsgd,0.0,0.0,0.9984311674728723,0.9984311674728723,827.8118896484375,827.8118896484375,0.5106,0.5106,827.8118896484375,0.5106
135,135,dsgd,0.0,0.0,0.9986926395607268,0.9986926395607268,827.5089721679688,827.5089721679688,0.5102,0.5102,827.5089721679688,0.5102
136,136,dsgd,0.0,0.0,0.9983984834618904,0.9983984834618904,827.7869262695312,827.7869262695312,0.5091,0.5091,827.7869262695312,0.5091
137,137,dsgd,0.0,0.0,0.9982023793959994,0.9982023793959994,787.6857299804688,787.6857299804688,0.5103,0.5103,787.6857299804688,0.5103
138,138,dsgd,0.0,0.0,0.9983984834618904,0.9983984834618904,798.4760131835938,798.4760131835938,0.5088,0.5088,798.4760131835938,0.5088
139,139,dsgd,0.0,0.0,0.9982023793959994,0.9982023793959994,783.9158935546875,783.9158935546875,0.5094,0.5094,783.9158935546875,0.5094
140,140,dsgd,0.0,0.0,0.9982677474179631,0.9982677474179631,798.0192260742188,798.0192260742188,0.5092,0.5092,798.0192260742188,0.5092
141,141,dsgd,0.0,0.0,0.9980062753301085,0.9980062753301085,791.4083251953125,791.4083251953125,0.5103,0.5103,791.4083251953125,0.5103
142,142,dsgd,0.0,0.0,0.9978755392861812,0.9978755392861812,788.7542114257812,788.7542114257812,0.5106,0.5106,788.7542114257812,0.5106
143,143,dsgd,0.0,0.0,0.9977448032422539,0.9977448032422539,799.955322265625,799.955322265625,0.5094,0.5094,799.955322265625,0.5094
144,144,dsgd,0.0,0.0,0.998104327363054,0.998104327363054,754.3700561523438,754.3700561523438,0.5094,0.5094,754.3700561523438,0.5094
145,145,dsgd,0.0,0.0,0.9981696953850177,0.9981696953850177,780.8433837890625,780.8433837890625,0.5096,0.5096,780.8433837890625,0.5096
146,146,dsgd,0.0,0.0,0.998300431428945,0.998300431428945,840.72607421875,840.72607421875,0.5094,0.5094,840.72607421875,0.5094
147,147,dsgd,0.0,0.0,0.9983331154399268,0.9983331154399268,847.91650390625,847.91650390625,0.5094,0.5094,847.91650390625,0.5094
148,148,dsgd,0.0,0.0,0.9983331154399268,0.9983331154399268,848.2772216796875,848.2772216796875,0.5094,0.5094,848.2772216796875,0.5094
149,149,dsgd,0.0,0.0,0.9983331154399268,0.9983331154399268,848.6497802734375,848.6497802734375,0.5094,0.5094,848.6497802734375,0.5094
150,150,dsgd,0.0,0.0,0.9983984834618904,0.9983984834618904,883.1701049804688,883.1701049804688,0.5096,0.5096,883.1701049804688,0.5096
151,151,dsgd,0.0,0.0,0.9983657994509086,0.9983657994509086,856.2327270507812,856.2327270507812,0.5095,0.5095,856.2327270507812,0.5095
152,152,dsgd,0.0,0.0,0.9983657994509086,0.9983657994509086,856.4456176757812,856.4456176757812,0.5095,0.5095,856.4456176757812,0.5095
153,153,dsgd,0.0,0.0,0.9983657994509086,0.9983657994509086,856.655029296875,856.655029296875,0.5095,0.5095,856.655029296875,0.5095
154,154,dsgd,0.0,0.0,0.9983657994509086,0.9983657994509086,856.8973999023438,856.8973999023438,0.5094,0.5094,856.8973999023438,0.5094
155,155,dsgd,0.0,0.0,0.9983657994509086,0.9983657994509086,857.1497192382812,857.1497192382812,0.5094,0.5094,857.1497192382812,0.5094
156,156,dsgd,0.0,0.0,0.9983657994509086,0.9983657994509086,857.3392944335938,857.3392944335938,0.5094,0.5094,857.3392944335938,0.5094
157,157,dsgd,0.0,0.0,0.9983657994509086,0.9983657994509086,857.51708984375,857.51708984375,0.5094,0.5094,857.51708984375,0.5094
158,158,dsgd,0.0,0.0,0.9983657994509086,0.9983657994509086,857.7440795898438,857.7440795898438,0.5094,0.5094,857.7440795898438,0.5094
159,159,dsgd,0.0,0.0,0.9983657994509086,0.9983657994509086,857.9067993164062,857.9067993164062,0.5094,0.5094,857.9067993164062,0.5094
160,160,dsgd,0.0,0.0,0.9983657994509086,0.9983657994509086,858.0346069335938,858.0346069335938,0.5094,0.5094,858.0346069335938,0.5094
161,161,dsgd,0.0,0.0,0.9983657994509086,0.9983657994509086,857.86572265625,857.86572265625,0.5094,0.5094,857.86572265625,0.5094
162,162,dsgd,0.0,0.0,0.9983657994509086,0.9983657994509086,858.1746215820312,858.1746215820312,0.5094,0.5094,858.1746215820312,0.5094
163,163,dsgd,0.0,0.0,0.9983657994509086,0.9983657994509086,861.9769897460938,861.9769897460938,0.5094,0.5094,861.9769897460938,0.5094
164,164,dsgd,0.0,0.0,0.9984311674728723,0.9984311674728723,956.231201171875,956.231201171875,0.5094,0.5094,956.231201171875,0.5094
165,165,dsgd,0.0,0.0,0.9982023793959994,0.9982023793959994,953.9990234375,953.9990234375,0.5088,0.5088,953.9990234375,0.5088
166,166,dsgd,0.0,0.0,0.9981370113740359,0.9981370113740359,883.2536010742188,883.2536010742188,0.5087,0.5087,883.2536010742188,0.5087
167,167,dsgd,0.0,0.0,0.9982677474179631,0.9982677474179631,890.9832153320312,890.9832153320312,0.5086,0.5086,890.9832153320312,0.5086
168,168,dsgd,0.0,0.0,0.998496535494836,0.998496535494836,919.1229248046875,919.1229248046875,0.5097,0.5097,919.1229248046875,0.5097
169,169,dsgd,0.0,0.0,0.9988560596156361,0.9988560596156361,1011.7178955078125,1011.7178955078125,0.5091,0.5091,1011.7178955078125,0.5091
170,170,dsgd,0.0,0.0,0.9987253235717087,0.9987253235717087,1017.5667724609375,1017.5667724609375,0.5089,0.5089,1017.5667724609375,0.5089
171,171,dsgd,0.0,0.0,0.998300431428945,0.998300431428945,906.018310546875,906.018310546875,0.5091,0.5091,906.018310546875,0.5091
172,172,dsgd,0.0,0.0,0.9987253235717087,0.9987253235717087,962.6134033203125,962.6134033203125,0.5094,0.5094,962.6134033203125,0.5094
173,173,dsgd,0.0,0.0,0.9986926395607268,0.9986926395607268,917.4052124023438,917.4052124023438,0.5098,0.5098,917.4052124023438,0.5098
174,174,dsgd,0.0,0.0,0.9986599555497451,0.9986599555497451,972.5556030273438,972.5556030273438,0.5092,0.5092,972.5556030273438,0.5092
175,175,dsgd,0.0,0.0,0.9984311674728723,0.9984311674728723,933.1950073242188,933.1950073242188,0.5099,0.5099,933.1950073242188,0.5099
176,176,dsgd,0.0,0.0,0.9988887436266178,0.9988887436266178,1045.1826171875,1045.1826171875,0.5099,0.5099,1045.1826171875,0.5099
177,177,dsgd,0.0,0.0,0.9989214276375997,0.9989214276375997,976.7210083007812,976.7210083007812,0.5099,0.5099,976.7210083007812,0.5099
178,178,dsgd,0.0,0.0,0.9988560596156361,0.9988560596156361,945.0396118164062,945.0396118164062,0.5094,0.5094,945.0396118164062,0.5094
179,179,dsgd,0.0,0.0,0.9989541116485815,0.9989541116485815,967.2192993164062,967.2192993164062,0.5093,0.5093,967.2192993164062,0.5093
180,180,dsgd,0.0,0.0,0.9989541116485815,0.9989541116485815,967.4260864257812,967.4260864257812,0.5093,0.5093,967.4260864257812,0.5093
181,181,dsgd,0.0,0.0,0.9989541116485815,0.9989541116485815,967.6939086914062,967.6939086914062,0.5093,0.5093,967.6939086914062,0.5093
182,182,dsgd,0.0,0.0,0.9989541116485815,0.9989541116485815,968.0429077148438,968.0429077148438,0.5093,0.5093,968.0429077148438,0.5093
183,183,dsgd,0.0,0.0,0.9989541116485815,0.9989541116485815,968.4871215820312,968.4871215820312,0.5093,0.5093,968.4871215820312,0.5093
184,184,dsgd,0.0,0.0,0.9989541116485815,0.9989541116485815,969.0285034179688,969.0285034179688,0.5093,0.5093,969.0285034179688,0.5093
185,185,dsgd,0.0,0.0,0.9989541116485815,0.9989541116485815,969.6633911132812,969.6633911132812,0.5094,0.5094,969.6633911132812,0.5094
186,186,dsgd,0.0,0.0,0.9989541116485815,0.9989541116485815,970.3858032226562,970.3858032226562,0.5094,0.5094,970.3858032226562,0.5094
187,187,dsgd,0.0,0.0,0.9989541116485815,0.9989541116485815,971.10888671875,971.10888671875,0.5094,0.5094,971.10888671875,0.5094
188,188,dsgd,0.0,0.0,0.9989541116485815,0.9989541116485815,971.9581909179688,971.9581909179688,0.5094,0.5094,971.9581909179688,0.5094
189,189,dsgd,0.0,0.0,0.9989541116485815,0.9989541116485815,972.9212036132812,972.9212036132812,0.5094,0.5094,972.9212036132812,0.5094
190,190,dsgd,0.0,0.0,0.9989541116485815,0.9989541116485815,973.7069702148438,973.7069702148438,0.5094,0.5094,973.7069702148438,0.5094
191,191,dsgd,0.0,0.0,0.9989541116485815,0.9989541116485815,974.8156127929688,974.8156127929688,0.5094,0.5094,974.8156127929688,0.5094
192,192,dsgd,0.0,0.0,0.9989541116485815,0.9989541116485815,975.79248046875,975.79248046875,0.5094,0.5094,975.79248046875,0.5094
193,193,dsgd,0.0,0.0,0.9989541116485815,0.9989541116485815,976.901123046875,976.901123046875,0.5094,0.5094,976.901123046875,0.5094
194,194,dsgd,0.0,0.0,0.9989541116485815,0.9989541116485815,978.3195190429688,978.3195190429688,0.5094,0.5094,978.3195190429688,0.5094
195,195,dsgd,0.0,0.0,0.9989541116485815,0.9989541116485815,980.26318359375,980.26318359375,0.5095,0.5095,980.26318359375,0.5095
196,196,dsgd,0.0,0.0,0.9989541116485815,0.9989541116485815,980.0789184570312,980.0789184570312,0.5095,0.5095,980.0789184570312,0.5095
197,197,dsgd,0.0,0.0,0.9989541116485815,0.9989541116485815,982.0720825195312,982.0720825195312,0.5096,0.5096,982.0720825195312,0.5096
198,198,dsgd,0.0,0.0,0.9989541116485815,0.9989541116485815,985.7418823242188,985.7418823242188,0.5097,0.5097,985.7418823242188,0.5097
199,199,dsgd,0.0,0.0,0.9989541116485815,0.9989541116485815,984.48828125,984.48828125,0.5096,0.5096,984.48828125,0.5096
200,200,dsgd,0.0,0.0,0.9989541116485815,0.9989541116485815,985.6331787109375,985.6331787109375,0.5096,0.5096,985.6331787109375,0.5096
201,201,dsgd,0.0,0.0,0.9989541116485815,0.9989541116485815,991.7197875976562,991.7197875976562,0.5096,0.5096,991.7197875976562,0.5096
202,202,dsgd,0.0,0.0,0.9989541116485815,0.9989541116485815,989.7973022460938,989.7973022460938,0.5096,0.5096,989.7973022460938,0.5096
203,203,dsgd,0.0,0.0,0.9989541116485815,0.9989541116485815,983.0269775390625,983.0269775390625,0.5096,0.5096,983.0269775390625,0.5096
204,204,dsgd,0.0,0.0,0.9987906915936724,0.9987906915936724,1065.8599853515625,1065.8599853515625,0.5098,0.5098,1065.8599853515625,0.5098
205,205,dsgd,0.0,0.0,0.9982023793959994,0.9982023793959994,937.602783203125,937.602783203125,0.5094,0.5094,937.602783203125,0.5094
206,206,dsgd,0.0,0.0,0.998496535494836,0.998496535494836,1031.444580078125,1031.444580078125,0.5088,0.5088,1031.444580078125,0.5088
207,207,dsgd,0.0,0.0,0.998496535494836,0.998496535494836,1047.666259765625,1047.666259765625,0.5085,0.5085,1047.666259765625,0.5085
208,208,dsgd,0.0,0.0,0.9987253235717087,0.9987253235717087,1053.039306640625,1053.039306640625,0.5086,0.5086,1053.039306640625,0.5086
209,209,dsgd,0.0,0.0,0.9986926395607268,0.9986926395607268,996.4696044921875,996.4696044921875,0.5086,0.5086,996.4696044921875,0.5086
210,210,dsgd,0.0,0.0,0.9986272715387632,0.9986272715387632,1038.5018310546875,1038.5018310546875,0.5082,0.5082,1038.5018310546875,0.5082
211,211,dsgd,0.0,0.0,0.9987253235717087,0.9987253235717087,942.42138671875,942.42138671875,0.509,0.509,942.42138671875,0.509
212,212,dsgd,0.0,0.0,0.998300431428945,0.998300431428945,985.4456787109375,985.4456787109375,0.5088,0.5088,985.4456787109375,0.5088
213,213,dsgd,0.0,0.0,0.998496535494836,0.998496535494836,1120.7130126953125,1120.7130126953125,0.509,0.509,1120.7130126953125,0.509
214,214,dsgd,0.0,0.0,0.9986926395607268,0.9986926395607268,1078.581787109375,1078.581787109375,0.5092,0.5092,1078.581787109375,0.5092
215,215,dsgd,0.0,0.0,0.9988887436266178,0.9988887436266178,1081.792724609375,1081.792724609375,0.5089,0.5089,1081.792724609375,0.5089
216,216,dsgd,0.0,0.0,0.9987253235717087,0.9987253235717087,1058.116943359375,1058.116943359375,0.5094,0.5094,1058.116943359375,0.5094
217,217,dsgd,0.0,0.0,0.9986599555497451,0.9986599555497451,991.149169921875,991.149169921875,0.5106,0.5106,991.149169921875,0.5106
218,218,dsgd,0.0,0.0,0.9987906915936724,0.9987906915936724,978.1729125976562,978.1729125976562,0.51,0.51,978.1729125976562,0.51
219,219,dsgd,0.0,0.0,0.9988233756046542,0.9988233756046542,978.4025268554688,978.4025268554688,0.51,0.51,978.4025268554688,0.51
220,220,dsgd,0.0,0.0,0.9988233756046542,0.9988233756046542,978.6710205078125,978.6710205078125,0.5099,0.5099,978.6710205078125,0.5099
221,221,dsgd,0.0,0.0,0.9988233756046542,0.9988233756046542,978.978271484375,978.978271484375,0.5099,0.5099,978.978271484375,0.5099
222,222,dsgd,0.0,0.0,0.9988233756046542,0.9988233756046542,979.3331909179688,979.3331909179688,0.5099,0.5099,979.3331909179688,0.5099
223,223,dsgd,0.0,0.0,0.9988233756046542,0.9988233756046542,979.7183227539062,979.7183227539062,0.5099,0.5099,979.7183227539062,0.5099
224,224,dsgd,0.0,0.0,0.9988233756046542,0.9988233756046542,980.135986328125,980.135986328125,0.5099,0.5099,980.135986328125,0.5099
225,225,dsgd,0.0,0.0,0.9988233756046542,0.9988233756046542,980.5748901367188,980.5748901367188,0.5099,0.5099,980.5748901367188,0.5099
226,226,dsgd,0.0,0.0,0.9988233756046542,0.9988233756046542,981.0225219726562,981.0225219726562,0.51,0.51,981.0225219726562,0.51
227,227,dsgd,0.0,0.0,0.9988233756046542,0.9988233756046542,981.478515625,981.478515625,0.5099,0.5099,981.478515625,0.5099
228,228,dsgd,0.0,0.0,0.9988233756046542,0.9988233756046542,981.9356079101562,981.9356079101562,0.5099,0.5099,981.9356079101562,0.5099
229,229,dsgd,0.0,0.0,0.9988233756046542,0.9988233756046542,982.4028930664062,982.4028930664062,0.5099,0.5099,982.4028930664062,0.5099
230,230,dsgd,0.0,0.0,0.9988233756046542,0.9988233756046542,982.8377075195312,982.8377075195312,0.5099,0.5099,982.8377075195312,0.5099
231,231,dsgd,0.0,0.0,0.9988233756046542,0.9988233756046542,983.426513671875,983.426513671875,0.5099,0.5099,983.426513671875,0.5099
232,232,dsgd,0.0,0.0,0.9988233756046542,0.9988233756046542,983.9989013671875,983.9989013671875,0.5099,0.5099,983.9989013671875,0.5099
233,233,dsgd,0.0,0.0,0.9988233756046542,0.9988233756046542,984.3626708984375,984.3626708984375,0.5099,0.5099,984.3626708984375,0.5099
234,234,dsgd,0.0,0.0,0.9988233756046542,0.9988233756046542,984.5877075195312,984.5877075195312,0.5099,0.5099,984.5877075195312,0.5099
235,235,dsgd,0.0,0.0,0.9988233756046542,0.9988233756046542,985.915283203125,985.915283203125,0.5099,0.5099,985.915283203125,0.5099
236,236,dsgd,0.0,0.0,0.9988233756046542,0.9988233756046542,986.2354736328125,986.2354736328125,0.5099,0.5099,986.2354736328125,0.5099
237,237,dsgd,0.0,0.0,0.9988233756046542,0.9988233756046542,986.0189819335938,986.0189819335938,0.5099,0.5099,986.0189819335938,0.5099
238,238,dsgd,0.0,0.0,0.9988233756046542,0.9988233756046542,985.627685546875,985.627685546875,0.5099,0.5099,985.627685546875,0.5099
239,239,dsgd,0.0,0.0,0.9988233756046542,0.9988233756046542,986.2957153320312,986.2957153320312,0.5099,0.5099,986.2957153320312,0.5099
240,240,dsgd,0.0,0.0,0.9988233756046542,0.9988233756046542,985.025390625,985.025390625,0.5099,0.5099,985.025390625,0.5099
241,241,dsgd,0.0,0.0,0.9988233756046542,0.9988233756046542,985.4260864257812,985.4260864257812,0.5099,0.5099,985.4260864257812,0.5099
242,242,dsgd,0.0,0.0,0.9986926395607268,0.9986926395607268,1126.4200439453125,1126.4200439453125,0.5091,0.5091,1126.4200439453125,0.5091
243,243,dsgd,0.0,0.0,0.9988233756046542,0.9988233756046542,1054.2952880859375,1054.2952880859375,0.5098,0.5098,1054.2952880859375,0.5098
244,244,dsgd,0.0,0.0,0.9985619035167996,0.9985619035167996,1023.5717163085938,1023.5717163085938,0.5094,0.5094,1023.5717163085938,0.5094
245,245,dsgd,0.0,0.0,0.9987253235717087,0.9987253235717087,1048.17626953125,1048.17626953125,0.5103,0.5103,1048.17626953125,0.5103
246,246,dsgd,0.0,0.0,0.9987580075826905,0.9987580075826905,1018.23828125,1018.23828125,0.5105,0.5105,1018.23828125,0.5105
247,247,dsgd,0.0,0.0,0.9987580075826905,0.9987580075826905,1021.62109375,1021.62109375,0.5106,0.5106,1021.62109375,0.5106
248,248,dsgd,0.0,0.0,0.9987906915936724,0.9987906915936724,1024.35498046875,1024.35498046875,0.5107,0.5107,1024.35498046875,0.5107
249,249,dsgd,0.0,0.0,0.9987906915936724,0.9987906915936724,1024.791015625,1024.791015625,0.5107,0.5107,1024.791015625,0.5107
250,250,dsgd,0.0,0.0,0.9987906915936724,0.9987906915936724,1025.24658203125,1025.24658203125,0.5107,0.5107,1025.24658203125,0.5107
251,251,dsgd,0.0,0.0,0.9987906915936724,0.9987906915936724,1025.717529296875,1025.717529296875,0.5107,0.5107,1025.717529296875,0.5107
252,252,dsgd,0.0,0.0,0.9987906915936724,0.9987906915936724,1026.2027587890625,1026.2027587890625,0.5107,0.5107,1026.2027587890625,0.5107
253,253,dsgd,0.0,0.0,0.9987906915936724,0.9987906915936724,1107.06103515625,1107.06103515625,0.5107,0.5107,1107.06103515625,0.5107
254,254,dsgd,0.0,0.0,0.9987253235717087,0.9987253235717087,1171.8187255859375,1171.8187255859375,0.5097,0.5097,1171.8187255859375,0.5097
255,255,dsgd,0.0,0.0,0.9990194796705452,0.9990194796705452,1133.918212890625,1133.918212890625,0.5101,0.5101,1133.918212890625,0.5101
256,256,dsgd,0.0,0.0,0.9988233756046542,0.9988233756046542,1137.258056640625,1137.258056640625,0.5101,0.5101,1137.258056640625,0.5101
257,257,dsgd,0.0,0.0,0.9988560596156361,0.9988560596156361,1087.8194580078125,1087.8194580078125,0.5098,0.5098,1087.8194580078125,0.5098
258,258,dsgd,0.0,0.0,0.9989541116485815,0.9989541116485815,1129.0645751953125,1129.0645751953125,0.5106,0.5106,1129.0645751953125,0.5106
259,259,dsgd,0.0,0.0,0.9988233756046542,0.9988233756046542,1050.2607421875,1050.2607421875,0.5119,0.5119,1050.2607421875,0.5119
260,260,dsgd,0.0,0.0,0.9987253235717087,0.9987253235717087,1084.37255859375,1084.37255859375,0.5119,0.5119,1084.37255859375,0.5119
261,261,dsgd,0.0,0.0,0.9990848476925088,0.9990848476925088,1060.31298828125,1060.31298828125,0.5111,0.5111,1060.31298828125,0.5111
262,262,dsgd,0.0,0.0,0.9987253235717087,0.9987253235717087,945.538818359375,945.538818359375,0.5111,0.5111,945.538818359375,0.5111
263,263,dsgd,0.0,0.0,0.9986599555497451,0.9986599555497451,996.572509765625,996.572509765625,0.5112,0.5112,996.572509765625,0.5112
264,264,dsgd,0.0,0.0,0.9987253235717087,0.9987253235717087,996.1420288085938,996.1420288085938,0.5113,0.5113,996.1420288085938,0.5113
265,265,dsgd,0.0,0.0,0.9987253235717087,0.9987253235717087,996.1069946289062,996.1069946289062,0.5113,0.5113,996.1069946289062,0.5113
266,266,dsgd,0.0,0.0,0.9987253235717087,0.9987253235717087,996.0543212890625,996.0543212890625,0.5113,0.5113,996.0543212890625,0.5113
267,267,dsgd,0.0,0.0,0.9987253235717087,0.9987253235717087,996.3649291992188,996.3649291992188,0.5112,0.5112,996.3649291992188,0.5112
268,268,dsgd,0.0,0.0,0.9987253235717087,0.9987253235717087,996.3850708007812,996.3850708007812,0.5112,0.5112,996.3850708007812,0.5112
269,269,dsgd,0.0,0.0,0.9987253235717087,0.9987253235717087,996.410400390625,996.410400390625,0.5112,0.5112,996.410400390625,0.5112
270,270,dsgd,0.0,0.0,0.9987253235717087,0.9987253235717087,996.4370727539062,996.4370727539062,0.5112,0.5112,996.4370727539062,0.5112
271,271,dsgd,0.0,0.0,0.9987253235717087,0.9987253235717087,996.4338989257812,996.4338989257812,0.5112,0.5112,996.4338989257812,0.5112
272,272,dsgd,0.0,0.0,0.9987253235717087,0.9987253235717087,996.4171752929688,996.4171752929688,0.5113,0.5113,996.4171752929688,0.5113
273,273,dsgd,0.0,0.0,0.9987253235717087,0.9987253235717087,996.3765869140625,996.3765869140625,0.5113,0.5113,996.3765869140625,0.5113
274,274,dsgd,0.0,0.0,0.9987253235717087,0.9987253235717087,996.274169921875,996.274169921875,0.5113,0.5113,996.274169921875,0.5113
275,275,dsgd,0.0,0.0,0.9987253235717087,0.9987253235717087,996.0297241210938,996.0297241210938,0.5113,0.5113,996.0297241210938,0.5113
276,276,dsgd,0.0,0.0,0.9987253235717087,0.9987253235717087,995.5573120117188,995.5573120117188,0.5113,0.5113,995.5573120117188,0.5113
277,277,dsgd,0.0,0.0,0.9987253235717087,0.9987253235717087,997.9581298828125,997.9581298828125,0.5112,0.5112,997.9581298828125,0.5112
278,278,dsgd,0.0,0.0,0.9987253235717087,0.9987253235717087,998.2180786132812,998.2180786132812,0.5112,0.5112,998.2180786132812,0.5112
279,279,dsgd,0.0,0.0,0.9987253235717087,0.9987253235717087,998.1710205078125,998.1710205078125,0.5112,0.5112,998.1710205078125,0.5112
280,280,dsgd,0.0,0.0,0.9987253235717087,0.9987253235717087,998.0888061523438,998.0888061523438,0.5112,0.5112,998.0888061523438,0.5112
281,281,dsgd,0.0,0.0,0.9987253235717087,0.9987253235717087,998.4266967773438,998.4266967773438,0.5112,0.5112,998.4266967773438,0.5112
282,282,dsgd,0.0,0.0,0.9987253235717087,0.9987253235717087,998.2421875,998.2421875,0.5112,0.5112,998.2421875,0.5112
283,283,dsgd,0.0,0.0,0.9987253235717087,0.9987253235717087,997.8148803710938,997.8148803710938,0.5112,0.5112,997.8148803710938,0.5112
284,284,dsgd,0.0,0.0,0.9987253235717087,0.9987253235717087,1001.6497192382812,1001.6497192382812,0.5113,0.5113,1001.6497192382812,0.5113
285,285,dsgd,0.0,0.0,0.9987253235717087,0.9987253235717087,1001.072998046875,1001.072998046875,0.5113,0.5113,1001.072998046875,0.5113
286,286,dsgd,0.0,0.0,0.9987253235717087,0.9987253235717087,1004.5867919921875,1004.5867919921875,0.5113,0.5113,1004.5867919921875,0.5113
287,287,dsgd,0.0,0.0,0.9987253235717087,0.9987253235717087,1004.6007080078125,1004.6007080078125,0.5113,0.5113,1004.6007080078125,0.5113
288,288,dsgd,0.0,0.0,0.9987253235717087,0.9987253235717087,1004.6187133789062,1004.6187133789062,0.5113,0.5113,1004.6187133789062,0.5113
289,289,dsgd,0.0,0.0,0.9987253235717087,0.9987253235717087,1004.6411743164062,1004.6411743164062,0.5113,0.5113,1004.6411743164062,0.5113
290,290,dsgd,0.0,0.0,0.9987253235717087,0.9987253235717087,1004.668212890625,1004.668212890625,0.5113,0.5113,1004.668212890625,0.5113
291,291,dsgd,0.0,0.0,0.9987253235717087,0.9987253235717087,1004.697998046875,1004.697998046875,0.5113,0.5113,1004.697998046875,0.5113
292,292,dsgd,0.0,0.0,0.9987253235717087,0.9987253235717087,1004.7277221679688,1004.7277221679688,0.5113,0.5113,1004.7277221679688,0.5113
293,293,dsgd,0.0,0.0,0.9987253235717087,0.9987253235717087,1004.7506713867188,1004.7506713867188,0.5113,0.5113,1004.7506713867188,0.5113
294,294,dsgd,0.0,0.0,0.9987253235717087,0.9987253235717087,1004.756103515625,1004.756103515625,0.5113,0.5113,1004.756103515625,0.5113
295,295,dsgd,0.0,0.0,0.9987253235717087,0.9987253235717087,1004.7161865234375,1004.7161865234375,0.5113,0.5113,1004.7161865234375,0.5113
296,296,dsgd,0.0,0.0,0.9987253235717087,0.9987253235717087,1004.466796875,1004.466796875,0.5113,0.5113,1004.466796875,0.5113
297,297,dsgd,0.0,0.0,0.9987580075826905,0.9987580075826905,1012.82080078125,1012.82080078125,0.5114,0.5114,1012.82080078125,0.5114
298,298,dsgd,0.0,0.0,0.9983984834618904,0.9983984834618904,1024.796630859375,1024.796630859375,0.5091,0.5091,1024.796630859375,0.5091
299,299,dsgd,0.0,0.0,0.9984638514838541,0.9984638514838541,1152.7752685546875,1152.7752685546875,0.5091,0.5091,1152.7752685546875,0.5091
300,300,dsgd,0.0,0.0,0.9985292195058177,0.9985292195058177,1091.8157958984375,1091.8157958984375,0.509,0.509,1091.8157958984375,0.509
301,301,dsgd,0.0,0.0,0.9983984834618904,0.9983984834618904,1072.1689453125,1072.1689453125,0.5095,0.5095,1072.1689453125,0.5095
302,302,dsgd,0.0,0.0,0.9983331154399268,0.9983331154399268,1137.7330322265625,1137.7330322265625,0.5095,0.5095,1137.7330322265625,0.5095
303,303,dsgd,0.0,0.0,0.9983657994509086,0.9983657994509086,1136.117431640625,1136.117431640625,0.5096,0.5096,1136.117431640625,0.5096
304,304,dsgd,0.0,0.0,0.9987906915936724,0.9987906915936724,1135.870849609375,1135.870849609375,0.5096,0.5096,1135.870849609375,0.5096
305,305,dsgd,0.0,0.0,0.9987906915936724,0.9987906915936724,1135.887451171875,1135.887451171875,0.5096,0.5096,1135.887451171875,0.5096
306,306,dsgd,0.0,0.0,0.9987906915936724,0.9987906915936724,1135.910888671875,1135.910888671875,0.5096,0.5096,1135.910888671875,0.5096
307,307,dsgd,0.0,0.0,0.9987906915936724,0.9987906915936724,1135.9429931640625,1135.9429931640625,0.5096,0.5096,1135.9429931640625,0.5096
308,308,dsgd,0.0,0.0,0.9987906915936724,0.9987906915936724,1135.9833984375,1135.9833984375,0.5096,0.5096,1135.9833984375,0.5096
309,309,dsgd,0.0,0.0,0.9987906915936724,0.9987906915936724,1136.0323486328125,1136.0323486328125,0.5096,0.5096,1136.0323486328125,0.5096
310,310,dsgd,0.0,0.0,0.9987906915936724,0.9987906915936724,1136.088623046875,1136.088623046875,0.5096,0.5096,1136.088623046875,0.5096
311,311,dsgd,0.0,0.0,0.9987906915936724,0.9987906915936724,1136.15185546875,1136.15185546875,0.5096,0.5096,1136.15185546875,0.5096
312,312,dsgd,0.0,0.0,0.9987906915936724,0.9987906915936724,1136.2193603515625,1136.2193603515625,0.5096,0.5096,1136.2193603515625,0.5096
313,313,dsgd,0.0,0.0,0.9987906915936724,0.9987906915936724,1136.2911376953125,1136.2911376953125,0.5096,0.5096,1136.2911376953125,0.5096
314,314,dsgd,0.0,0.0,0.9987906915936724,0.9987906915936724,1136.3590087890625,1136.3590087890625,0.5096,0.5096,1136.3590087890625,0.5096
315,315,dsgd,0.0,0.0,0.9987906915936724,0.9987906915936724,1136.4300537109375,1136.4300537109375,0.5096,0.5096,1136.4300537109375,0.5096
316,316,dsgd,0.0,0.0,0.9987906915936724,0.9987906915936724,1136.49755859375,1136.49755859375,0.5096,0.5096,1136.49755859375,0.5096
317,317,dsgd,0.0,0.0,0.9987906915936724,0.9987906915936724,1136.57666015625,1136.57666015625,0.5096,0.5096,1136.57666015625,0.5096
318,318,dsgd,0.0,0.0,0.9987906915936724,0.9987906915936724,1136.671630859375,1136.671630859375,0.5096,0.5096,1136.671630859375,0.5096
319,319,dsgd,0.0,0.0,0.9987906915936724,0.9987906915936724,1136.720947265625,1136.720947265625,0.5096,0.5096,1136.720947265625,0.5096
320,320,dsgd,0.0,0.0,0.9987906915936724,0.9987906915936724,1136.7703857421875,1136.7703857421875,0.5096,0.5096,1136.7703857421875,0.5096
321,321,dsgd,0.0,0.0,0.9987906915936724,0.9987906915936724,1136.8270263671875,1136.8270263671875,0.5096,0.5096,1136.8270263671875,0.5096
322,322,dsgd,0.0,0.0,0.9987906915936724,0.9987906915936724,1136.8853759765625,1136.8853759765625,0.5096,0.5096,1136.8853759765625,0.5096
323,323,dsgd,0.0,0.0,0.9987906915936724,0.9987906915936724,1136.9581298828125,1136.9581298828125,0.5096,0.5096,1136.9581298828125,0.5096
324,324,dsgd,0.0,0.0,0.9987906915936724,0.9987906915936724,1137.0128173828125,1137.0128173828125,0.5096,0.5096,1137.0128173828125,0.5096
325,325,dsgd,0.0,0.0,0.9987906915936724,0.9987906915936724,1137.0771484375,1137.0771484375,0.5096,0.5096,1137.0771484375,0.5096
326,326,dsgd,0.0,0.0,0.9987906915936724,0.9987906915936724,1137.1512451171875,1137.1512451171875,0.5096,0.5096,1137.1512451171875,0.5096
327,327,dsgd,0.0,0.0,0.9987906915936724,0.9987906915936724,1137.2337646484375,1137.2337646484375,0.5096,0.5096,1137.2337646484375,0.5096
328,328,dsgd,0.0,0.0,0.9987906915936724,0.9987906915936724,1137.3253173828125,1137.3253173828125,0.5096,0.5096,1137.3253173828125,0.5096
329,329,dsgd,0.0,0.0,0.9987906915936724,0.9987906915936724,1137.4256591796875,1137.4256591796875,0.5096,0.5096,1137.4256591796875,0.5096
330,330,dsgd,0.0,0.0,0.9987906915936724,0.9987906915936724,1137.5343017578125,1137.5343017578125,0.5096,0.5096,1137.5343017578125,0.5096
331,331,dsgd,0.0,0.0,0.9987906915936724,0.9987906915936724,1137.6512451171875,1137.6512451171875,0.5096,0.5096,1137.6512451171875,0.5096
332,332,dsgd,0.0,0.0,0.9987906915936724,0.9987906915936724,1137.77587890625,1137.77587890625,0.5096,0.5096,1137.77587890625,0.5096
333,333,dsgd,0.0,0.0,0.9987906915936724,0.9987906915936724,1137.90625,1137.90625,0.5096,0.5096,1137.90625,0.5096
334,334,dsgd,0.0,0.0,0.9987906915936724,0.9987906915936724,1138.0384521484375,1138.0384521484375,0.5096,0.5096,1138.0384521484375,0.5096
335,335,dsgd,0.0,0.0,0.9987906915936724,0.9987906915936724,1138.168701171875,1138.168701171875,0.5096,0.5096,1138.168701171875,0.5096
336,336,dsgd,0.0,0.0,0.9987906915936724,0.9987906915936724,1138.290283203125,1138.290283203125,0.5096,0.5096,1138.290283203125,0.5096
337,337,dsgd,0.0,0.0,0.9987906915936724,0.9987906915936724,1138.3941650390625,1138.3941650390625,0.5096,0.5096,1138.3941650390625,0.5096
338,338,dsgd,0.0,0.0,0.9987906915936724,0.9987906915936724,1138.4580078125,1138.4580078125,0.5096,0.5096,1138.4580078125,0.5096
339,339,dsgd,0.0,0.0,0.9987906915936724,0.9987906915936724,1138.3330078125,1138.3330078125,0.5096,0.5096,1138.3330078125,0.5096
340,340,dsgd,0.0,0.0,0.9987906915936724,0.9987906915936724,1297.81005859375,1297.81005859375,0.5081,0.5081,1297.81005859375,0.5081
341,341,dsgd,0.0,0.0,0.9985945875277814,0.9985945875277814,1146.3524169921875,1146.3524169921875,0.5094,0.5094,1146.3524169921875,0.5094
342,342,dsgd,0.0,0.0,0.9986599555497451,0.9986599555497451,1170.937744140625,1170.937744140625,0.5094,0.5094,1170.937744140625,0.5094
343,343,dsgd,0.0,0.0,0.9988233756046542,0.9988233756046542,1099.5400390625,1099.5400390625,0.5099,0.5099,1099.5400390625,0.5099
344,344,dsgd,0.0,0.0,0.9988887436266178,0.9988887436266178,1312.1202392578125,1312.1202392578125,0.5098,0.5098,1312.1202392578125,0.5098
345,345,dsgd,0.0,0.0,0.9990194796705452,0.9990194796705452,1133.8863525390625,1133.8863525390625,0.5097,0.5097,1133.8863525390625,0.5097
346,346,dsgd,0.0,0.0,0.9988887436266178,0.9988887436266178,1054.7032470703125,1054.7032470703125,0.5111,0.5111,1054.7032470703125,0.5111
347,347,dsgd,0.0,0.0,0.9985619035167996,0.9985619035167996,1016.76220703125,1016.76220703125,0.5113,0.5113,1016.76220703125,0.5113
348,348,dsgd,0.0,0.0,0.9984311674728723,0.9984311674728723,1034.039794921875,1034.039794921875,0.5109,0.5109,1034.039794921875,0.5109
349,349,dsgd,0.0,0.0,0.9984311674728723,0.9984311674728723,1033.723876953125,1033.723876953125,0.5109,0.5109,1033.723876953125,0.5109
350,350,dsgd,0.0,0.0,0.9984311674728723,0.9984311674728723,1033.9013671875,1033.9013671875,0.5109,0.5109,1033.9013671875,0.5109
351,351,dsgd,0.0,0.0,0.9984311674728723,0.9984311674728723,1034.1219482421875,1034.1219482421875,0.5109,0.5109,1034.1219482421875,0.5109
352,352,dsgd,0.0,0.0,0.9984311674728723,0.9984311674728723,1034.3814697265625,1034.3814697265625,0.5109,0.5109,1034.3814697265625,0.5109
353,353,dsgd,0.0,0.0,0.998104327363054,0.998104327363054,989.8228149414062,989.8228149414062,0.5113,0.5113,989.8228149414062,0.5113
354,354,dsgd,0.0,0.0,0.998300431428945,0.998300431428945,931.8994140625,931.8994140625,0.5107,0.5107,931.8994140625,0.5107
355,355,dsgd,0.0,0.0,0.998300431428945,0.998300431428945,983.1788940429688,983.1788940429688,0.5108,0.5108,983.1788940429688,0.5108
356,356,dsgd,0.0,0.0,0.9986599555497451,0.9986599555497451,1038.009765625,1038.009765625,0.5114,0.5114,1038.009765625,0.5114
357,357,dsgd,0.0,0.0,0.9985945875277814,0.9985945875277814,1042.662841796875,1042.662841796875,0.5116,0.5116,1042.662841796875,0.5116
358,358,dsgd,0.0,0.0,0.9986272715387632,0.9986272715387632,1042.6925048828125,1042.6925048828125,0.5116,0.5116,1042.6925048828125,0.5116
359,359,dsgd,0.0,0.0,0.9986272715387632,0.9986272715387632,1042.7254638671875,1042.7254638671875,0.5116,0.5116,1042.7254638671875,0.5116
360,360,dsgd,0.0,0.0,0.9986272715387632,0.9986272715387632,1042.76025390625,1042.76025390625,0.5117,0.5117,1042.76025390625,0.5117
361,361,dsgd,0.0,0.0,0.9986272715387632,0.9986272715387632,1042.79443359375,1042.79443359375,0.5117,0.5117,1042.79443359375,0.5117
362,362,dsgd,0.0,0.0,0.9986272715387632,0.9986272715387632,1042.9619140625,1042.9619140625,0.5117,0.5117,1042.9619140625,0.5117
363,363,dsgd,0.0,0.0,0.9986272715387632,0.9986272715387632,1043.0712890625,1043.0712890625,0.5117,0.5117,1043.0712890625,0.5117
364,364,dsgd,0.0,0.0,0.9986272715387632,0.9986272715387632,1043.1055908203125,1043.1055908203125,0.5117,0.5117,1043.1055908203125,0.5117
365,365,dsgd,0.0,0.0,0.9986272715387632,0.9986272715387632,1043.1114501953125,1043.1114501953125,0.5117,0.5117,1043.1114501953125,0.5117
366,366,dsgd,0.0,0.0,0.9986272715387632,0.9986272715387632,1043.474853515625,1043.474853515625,0.5116,0.5116,1043.474853515625,0.5116
367,367,dsgd,0.0,0.0,0.9986272715387632,0.9986272715387632,1043.8260498046875,1043.8260498046875,0.5116,0.5116,1043.8260498046875,0.5116
368,368,dsgd,0.0,0.0,0.9986272715387632,0.9986272715387632,1043.7169189453125,1043.7169189453125,0.5116,0.5116,1043.7169189453125,0.5116
369,369,dsgd,0.0,0.0,0.9986272715387632,0.9986272715387632,1043.340576171875,1043.340576171875,0.5116,0.5116,1043.340576171875,0.5116
370,370,dsgd,0.0,0.0,0.9986272715387632,0.9986272715387632,1043.443359375,1043.443359375,0.5116,0.5116,1043.443359375,0.5116
371,371,dsgd,0.0,0.0,0.9986272715387632,0.9986272715387632,1044.193359375,1044.193359375,0.5115,0.5115,1044.193359375,0.5115
372,372,dsgd,0.0,0.0,0.9986272715387632,0.9986272715387632,1046.3870849609375,1046.3870849609375,0.5114,0.5114,1046.3870849609375,0.5114
373,373,dsgd,0.0,0.0,0.9986599555497451,0.9986599555497451,1046.2198486328125,1046.2198486328125,0.5114,0.5114,1046.2198486328125,0.5114
374,374,dsgd,0.0,0.0,0.9986599555497451,0.9986599555497451,1045.37548828125,1045.37548828125,0.5115,0.5115,1045.37548828125,0.5115
375,375,dsgd,0.0,0.0,0.9986272715387632,0.9986272715387632,1201.379150390625,1201.379150390625,0.5099,0.5099,1201.379150390625,0.5099
376,376,dsgd,0.0,0.0,0.9987906915936724,0.9987906915936724,1310.0645751953125,1310.0645751953125,0.5106,0.5106,1310.0645751953125,0.5106
377,377,dsgd,0.0,0.0,0.9991175317034906,0.9991175317034906,1380.466064453125,1380.466064453125,0.5098,0.5098,1380.466064453125,0.5098
378,378,dsgd,0.0,0.0,0.9987906915936724,0.9987906915936724,1203.220458984375,1203.220458984375,0.5096,0.5096,1203.220458984375,0.5096
379,379,dsgd,0.0,0.0,0.9989214276375997,0.9989214276375997,1182.9251708984375,1182.9251708984375,0.5095,0.5095,1182.9251708984375,0.5095
380,380,dsgd,0.0,0.0,0.9989867956595634,0.9989867956595634,1179.855712890625,1179.855712890625,0.5099,0.5099,1179.855712890625,0.5099
381,381,dsgd,0.0,0.0,0.9989214276375997,0.9989214276375997,1112.051025390625,1112.051025390625,0.5099,0.5099,1112.051025390625,0.5099
382,382,dsgd,0.0,0.0,0.9988233756046542,0.9988233756046542,1099.6884765625,1099.6884765625,0.5106,0.5106,1099.6884765625,0.5106
383,383,dsgd,0.0,0.0,0.9988233756046542,0.9988233756046542,1099.7010498046875,1099.7010498046875,0.5106,0.5106,1099.7010498046875,0.5106
384,384,dsgd,0.0,0.0,0.9988233756046542,0.9988233756046542,1099.72021484375,1099.72021484375,0.5106,0.5106,1099.72021484375,0.5106
385,385,dsgd,0.0,0.0,0.9988233756046542,0.9988233756046542,1099.75146484375,1099.75146484375,0.5106,0.5106,1099.75146484375,0.5106
386,386,dsgd,0.0,0.0,0.9988233756046542,0.9988233756046542,1099.774658203125,1099.774658203125,0.5106,0.5106,1099.774658203125,0.5106
387,387,dsgd,0.0,0.0,0.9988233756046542,0.9988233756046542,1099.8114013671875,1099.8114013671875,0.5106,0.5106,1099.8114013671875,0.5106
388,388,dsgd,0.0,0.0,0.9988233756046542,0.9988233756046542,1099.8699951171875,1099.8699951171875,0.5106,0.5106,1099.8699951171875,0.5106
389,389,dsgd,0.0,0.0,0.9988233756046542,0.9988233756046542,1100.0257568359375,1100.0257568359375,0.5106,0.5106,1100.0257568359375,0.5106
390,390,dsgd,0.0,0.0,0.9988887436266178,0.9988887436266178,1167.1612548828125,1167.1612548828125,0.511,0.511,1167.1612548828125,0.511
391,391,dsgd,0.0,0.0,0.9990848476925088,0.9990848476925088,1152.298095703125,1152.298095703125,0.5115,0.5115,1152.298095703125,0.5115
392,392,dsgd,0.0,0.0,0.9989867956595634,0.9989867956595634,1152.327880859375,1152.327880859375,0.5116,0.5116,1152.327880859375,0.5116
393,393,dsgd,0.0,0.0,0.9989867956595634,0.9989867956595634,1152.3682861328125,1152.3682861328125,0.5116,0.5116,1152.3682861328125,0.5116
394,394,dsgd,0.0,0.0,0.9989867956595634,0.9989867956595634,1152.4208984375,1152.4208984375,0.5116,0.5116,1152.4208984375,0.5116
395,395,dsgd,0.0,0.0,0.9989867956595634,0.9989867956595634,1157.176025390625,1157.176025390625,0.5114,0.5114,1157.176025390625,0.5114
396,396,dsgd,0.0,0.0,0.9989867956595634,0.9989867956595634,1157.2078857421875,1157.2078857421875,0.5114,0.5114,1157.2078857421875,0.5114
397,397,dsgd,0.0,0.0,0.9989867956595634,0.9989867956595634,1157.557373046875,1157.557373046875,0.5114,0.5114,1157.557373046875,0.5114
398,398,dsgd,0.0,0.0,0.9989867956595634,0.9989867956595634,1157.6142578125,1157.6142578125,0.5114,0.5114,1157.6142578125,0.5114
399,399,dsgd,0.0,0.0,0.9989867956595634,0.9989867956595634,1157.6727294921875,1157.6727294921875,0.5114,0.5114,1157.6727294921875,0.5114
400,400,dsgd,0.0,0.0,0.9989867956595634,0.9989867956595634,1157.7335205078125,1157.7335205078125,0.5114,0.5114,1157.7335205078125,0.5114
401,401,dsgd,0.0,0.0,0.9989867956595634,0.9989867956595634,1157.795654296875,1157.795654296875,0.5114,0.5114,1157.795654296875,0.5114
402,402,dsgd,0.0,0.0,0.9989867956595634,0.9989867956595634,1157.8580322265625,1157.8580322265625,0.5114,0.5114,1157.8580322265625,0.5114
403,403,dsgd,0.0,0.0,0.9989867956595634,0.9989867956595634,1157.927001953125,1157.927001953125,0.5114,0.5114,1157.927001953125,0.5114
404,404,dsgd,0.0,0.0,0.9989867956595634,0.9989867956595634,1157.9969482421875,1157.9969482421875,0.5114,0.5114,1157.9969482421875,0.5114
405,405,dsgd,0.0,0.0,0.9989867956595634,0.9989867956595634,1158.068359375,1158.068359375,0.5114,0.5114,1158.068359375,0.5114
406,406,dsgd,0.0,0.0,0.9989867956595634,0.9989867956595634,1158.1357421875,1158.1357421875,0.5114,0.5114,1158.1357421875,0.5114
407,407,dsgd,0.0,0.0,0.9989867956595634,0.9989867956595634,1158.204345703125,1158.204345703125,0.5114,0.5114,1158.204345703125,0.5114
408,408,dsgd,0.0,0.0,0.9989867956595634,0.9989867956595634,1158.2303466796875,1158.2303466796875,0.5114,0.5114,1158.2303466796875,0.5114
409,409,dsgd,0.0,0.0,0.9989867956595634,0.9989867956595634,1158.2205810546875,1158.2205810546875,0.5114,0.5114,1158.2205810546875,0.5114
410,410,dsgd,0.0,0.0,0.9989867956595634,0.9989867956595634,1157.6971435546875,1157.6971435546875,0.5114,0.5114,1157.6971435546875,0.5114
411,411,dsgd,0.0,0.0,0.9989867956595634,0.9989867956595634,1155.793701171875,1155.793701171875,0.5115,0.5115,1155.793701171875,0.5115
412,412,dsgd,0.0,0.0,0.9990194796705452,0.9990194796705452,1146.72900390625,1146.72900390625,0.5113,0.5113,1146.72900390625,0.5113
413,413,dsgd,0.0,0.0,0.999052163681527,0.999052163681527,1159.0389404296875,1159.0389404296875,0.5112,0.5112,1159.0389404296875,0.5112
414,414,dsgd,0.0,0.0,0.999052163681527,0.999052163681527,1159.0478515625,1159.0478515625,0.5112,0.5112,1159.0478515625,0.5112
415,415,dsgd,0.0,0.0,0.9989214276375997,0.9989214276375997,1173.65771484375,1173.65771484375,0.5107,0.5107,1173.65771484375,0.5107
416,416,dsgd,0.0,0.0,0.9986926395607268,0.9986926395607268,1133.5872802734375,1133.5872802734375,0.511,0.511,1133.5872802734375,0.511
417,417,dsgd,0.0,0.0,0.9990194796705452,0.9990194796705452,1268.914306640625,1268.914306640625,0.5096,0.5096,1268.914306640625,0.5096
418,418,dsgd,0.0,0.0,0.9989214276375997,0.9989214276375997,1280.5723876953125,1280.5723876953125,0.5092,0.5092,1280.5723876953125,0.5092
419,419,dsgd,0.0,0.0,0.9986599555497451,0.9986599555497451,1171.9796142578125,1171.9796142578125,0.5105,0.5105,1171.9796142578125,0.5105
420,420,dsgd,0.0,0.0,0.9989214276375997,0.9989214276375997,1172.1175537109375,1172.1175537109375,0.5102,0.5102,1172.1175537109375,0.5102
421,421,dsgd,0.0,0.0,0.9989214276375997,0.9989214276375997,1174.9022216796875,1174.9022216796875,0.5103,0.5103,1174.9022216796875,0.5103
422,422,dsgd,0.0,0.0,0.9989214276375997,0.9989214276375997,1175.07666015625,1175.07666015625,0.5103,0.5103,1175.07666015625,0.5103
423,423,dsgd,0.0,0.0,0.9989214276375997,0.9989214276375997,1175.2415771484375,1175.2415771484375,0.5103,0.5103,1175.2415771484375,0.5103
424,424,dsgd,0.0,0.0,0.9989214276375997,0.9989214276375997,1175.412109375,1175.412109375,0.5103,0.5103,1175.412109375,0.5103
425,425,dsgd,0.0,0.0,0.9989214276375997,0.9989214276375997,1175.562255859375,1175.562255859375,0.5103,0.5103,1175.562255859375,0.5103
426,426,dsgd,0.0,0.0,0.9989214276375997,0.9989214276375997,1175.7158203125,1175.7158203125,0.5103,0.5103,1175.7158203125,0.5103
427,427,dsgd,0.0,0.0,0.9989214276375997,0.9989214276375997,1175.8746337890625,1175.8746337890625,0.5103,0.5103,1175.8746337890625,0.5103
428,428,dsgd,0.0,0.0,0.9989214276375997,0.9989214276375997,1176.0406494140625,1176.0406494140625,0.5103,0.5103,1176.0406494140625,0.5103
429,429,dsgd,0.0,0.0,0.9989214276375997,0.9989214276375997,1176.2130126953125,1176.2130126953125,0.5103,0.5103,1176.2130126953125,0.5103
430,430,dsgd,0.0,0.0,0.9989214276375997,0.9989214276375997,1176.3951416015625,1176.3951416015625,0.5103,0.5103,1176.3951416015625,0.5103
431,431,dsgd,0.0,0.0,0.9989214276375997,0.9989214276375997,1176.5673828125,1176.5673828125,0.5103,0.5103,1176.5673828125,0.5103
432,432,dsgd,0.0,0.0,0.9989214276375997,0.9989214276375997,1176.7481689453125,1176.7481689453125,0.5103,0.5103,1176.7481689453125,0.5103
433,433,dsgd,0.0,0.0,0.9989214276375997,0.9989214276375997,1176.8509521484375,1176.8509521484375,0.5103,0.5103,1176.8509521484375,0.5103
434,434,dsgd,0.0,0.0,0.9989214276375997,0.9989214276375997,1176.9744873046875,1176.9744873046875,0.5103,0.5103,1176.9744873046875,0.5103
435,435,dsgd,0.0,0.0,0.9989214276375997,0.9989214276375997,1177.17236328125,1177.17236328125,0.5102,0.5102,1177.17236328125,0.5102
436,436,dsgd,0.0,0.0,0.9989214276375997,0.9989214276375997,1177.1531982421875,1177.1531982421875,0.5102,0.5102,1177.1531982421875,0.5102
437,437,dsgd,0.0,0.0,0.9989214276375997,0.9989214276375997,1177.0391845703125,1177.0391845703125,0.5102,0.5102,1177.0391845703125,0.5102
438,438,dsgd,0.0,0.0,0.9989214276375997,0.9989214276375997,1173.052734375,1173.052734375,0.5104,0.5104,1173.052734375,0.5104
439,439,dsgd,0.0,0.0,0.9989214276375997,0.9989214276375997,1173.1748046875,1173.1748046875,0.5104,0.5104,1173.1748046875,0.5104
440,440,dsgd,0.0,0.0,0.9989214276375997,0.9989214276375997,1173.2835693359375,1173.2835693359375,0.5104,0.5104,1173.2835693359375,0.5104
441,441,dsgd,0.0,0.0,0.9989214276375997,0.9989214276375997,1173.305419921875,1173.305419921875,0.5104,0.5104,1173.305419921875,0.5104
442,442,dsgd,0.0,0.0,0.9989214276375997,0.9989214276375997,1175.9219970703125,1175.9219970703125,0.5103,0.5103,1175.9219970703125,0.5103
443,443,dsgd,0.0,0.0,0.9989214276375997,0.9989214276375997,1176.1253662109375,1176.1253662109375,0.5103,0.5103,1176.1253662109375,0.5103
444,444,dsgd,0.0,0.0,0.9989214276375997,0.9989214276375997,1176.3349609375,1176.3349609375,0.5103,0.5103,1176.3349609375,0.5103
445,445,dsgd,0.0,0.0,0.9989214276375997,0.9989214276375997,1176.5498046875,1176.5498046875,0.5103,0.5103,1176.5498046875,0.5103
446,446,dsgd,0.0,0.0,0.9989214276375997,0.9989214276375997,1176.7706298828125,1176.7706298828125,0.5103,0.5103,1176.7706298828125,0.5103
447,447,dsgd,0.0,0.0,0.9989214276375997,0.9989214276375997,1177.019287109375,1177.019287109375,0.5103,0.5103,1177.019287109375,0.5103
448,448,dsgd,0.0,0.0,0.9989214276375997,0.9989214276375997,1177.2685546875,1177.2685546875,0.5103,0.5103,1177.2685546875,0.5103
449,449,dsgd,0.0,0.0,0.9989214276375997,0.9989214276375997,1177.522216796875,1177.522216796875,0.5103,0.5103,1177.522216796875,0.5103
450,450,dsgd,0.0,0.0,0.9989214276375997,0.9989214276375997,1177.7779541015625,1177.7779541015625,0.5103,0.5103,1177.7779541015625,0.5103
451,451,dsgd,0.0,0.0,0.9989214276375997,0.9989214276375997,1178.030517578125,1178.030517578125,0.5103,0.5103,1178.030517578125,0.5103
452,452,dsgd,0.0,0.0,0.9989214276375997,0.9989214276375997,1178.2733154296875,1178.2733154296875,0.5103,0.5103,1178.2733154296875,0.5103
453,453,dsgd,0.0,0.0,0.9989214276375997,0.9989214276375997,1178.499267578125,1178.499267578125,0.5103,0.5103,1178.499267578125,0.5103
454,454,dsgd,0.0,0.0,0.9989214276375997,0.9989214276375997,1178.7042236328125,1178.7042236328125,0.5103,0.5103,1178.7042236328125,0.5103
455,455,dsgd,0.0,0.0,0.9989214276375997,0.9989214276375997,1178.8863525390625,1178.8863525390625,0.5103,0.5103,1178.8863525390625,0.5103
456,456,dsgd,0.0,0.0,0.9989214276375997,0.9989214276375997,1179.0460205078125,1179.0460205078125,0.5103,0.5103,1179.0460205078125,0.5103
457,457,dsgd,0.0,0.0,0.9989214276375997,0.9989214276375997,1179.1845703125,1179.1845703125,0.5103,0.5103,1179.1845703125,0.5103
458,458,dsgd,0.0,0.0,0.9989214276375997,0.9989214276375997,1179.3050537109375,1179.3050537109375,0.5103,0.5103,1179.3050537109375,0.5103
459,459,dsgd,0.0,0.0,0.9989214276375997,0.9989214276375997,1179.4095458984375,1179.4095458984375,0.5103,0.5103,1179.4095458984375,0.5103
460,460,dsgd,0.0,0.0,0.9989214276375997,0.9989214276375997,1179.5010986328125,1179.5010986328125,0.5103,0.5103,1179.5010986328125,0.5103
461,461,dsgd,0.0,0.0,0.9989214276375997,0.9989214276375997,1179.58154296875,1179.58154296875,0.5103,0.5103,1179.58154296875,0.5103
462,462,dsgd,0.0,0.0,0.9989214276375997,0.9989214276375997,1179.653564453125,1179.653564453125,0.5103,0.5103,1179.653564453125,0.5103
463,463,dsgd,0.0,0.0,0.9989214276375997,0.9989214276375997,1179.7177734375,1179.7177734375,0.5103,0.5103,1179.7177734375,0.5103
464,464,dsgd,0.0,0.0,0.9989214276375997,0.9989214276375997,1179.7757568359375,1179.7757568359375,0.5103,0.5103,1179.7757568359375,0.5103
465,465,dsgd,0.0,0.0,0.9989214276375997,0.9989214276375997,1179.828857421875,1179.828857421875,0.5103,0.5103,1179.828857421875,0.5103
466,466,dsgd,0.0,0.0,0.9989214276375997,0.9989214276375997,1179.8778076171875,1179.8778076171875,0.5103,0.5103,1179.8778076171875,0.5103
467,467,dsgd,0.0,0.0,0.9989214276375997,0.9989214276375997,1179.9228515625,1179.9228515625,0.5103,0.5103,1179.9228515625,0.5103
468,468,dsgd,0.0,0.0,0.9989214276375997,0.9989214276375997,1179.9649658203125,1179.9649658203125,0.5103,0.5103,1179.9649658203125,0.5103
469,469,dsgd,0.0,0.0,0.9989214276375997,0.9989214276375997,1180.004150390625,1180.004150390625,0.5103,0.5103,1180.004150390625,0.5103
470,470,dsgd,0.0,0.0,0.9989214276375997,0.9989214276375997,1180.0408935546875,1180.0408935546875,0.5103,0.5103,1180.0408935546875,0.5103
471,471,dsgd,0.0,0.0,0.9989214276375997,0.9989214276375997,1180.0758056640625,1180.0758056640625,0.5103,0.5103,1180.0758056640625,0.5103
472,472,dsgd,0.0,0.0,0.9989214276375997,0.9989214276375997,1180.108642578125,1180.108642578125,0.5103,0.5103,1180.108642578125,0.5103
473,473,dsgd,0.0,0.0,0.9989214276375997,0.9989214276375997,1180.1397705078125,1180.1397705078125,0.5103,0.5103,1180.1397705078125,0.5103
474,474,dsgd,0.0,0.0,0.9989214276375997,0.9989214276375997,1180.1690673828125,1180.1690673828125,0.5103,0.5103,1180.1690673828125,0.5103
475,475,dsgd,0.0,0.0,0.9989214276375997,0.9989214276375997,1180.197509765625,1180.197509765625,0.5103,0.5103,1180.197509765625,0.5103
476,476,dsgd,0.0,0.0,0.9989214276375997,0.9989214276375997,1180.224365234375,1180.224365234375,0.5103,0.5103,1180.224365234375,0.5103
477,477,dsgd,0.0,0.0,0.9989214276375997,0.9989214276375997,1180.250244140625,1180.250244140625,0.5103,0.5103,1180.250244140625,0.5103
478,478,dsgd,0.0,0.0,0.9989214276375997,0.9989214276375997,1180.2750244140625,1180.2750244140625,0.5103,0.5103,1180.2750244140625,0.5103
479,479,dsgd,0.0,0.0,0.9989214276375997,0.9989214276375997,1180.298583984375,1180.298583984375,0.5103,0.5103,1180.298583984375,0.5103
480,480,dsgd,0.0,0.0,0.9989214276375997,0.9989214276375997,1180.321533203125,1180.321533203125,0.5103,0.5103,1180.321533203125,0.5103
481,481,dsgd,0.0,0.0,0.9989214276375997,0.9989214276375997,1180.3433837890625,1180.3433837890625,0.5103,0.5103,1180.3433837890625,0.5103
482,482,dsgd,0.0,0.0,0.9989214276375997,0.9989214276375997,1180.364990234375,1180.364990234375,0.5103,0.5103,1180.364990234375,0.5103
483,483,dsgd,0.0,0.0,0.9989214276375997,0.9989214276375997,1180.385498046875,1180.385498046875,0.5103,0.5103,1180.385498046875,0.5103
484,484,dsgd,0.0,0.0,0.9989214276375997,0.9989214276375997,1180.4051513671875,1180.4051513671875,0.5103,0.5103,1180.4051513671875,0.5103
485,485,dsgd,0.0,0.0,0.9989214276375997,0.9989214276375997,1180.424560546875,1180.424560546875,0.5103,0.5103,1180.424560546875,0.5103
486,486,dsgd,0.0,0.0,0.9989214276375997,0.9989214276375997,1180.4432373046875,1180.4432373046875,0.5103,0.5103,1180.4432373046875,0.5103
487,487,dsgd,0.0,0.0,0.9989214276375997,0.9989214276375997,1180.461181640625,1180.461181640625,0.5103,0.5103,1180.461181640625,0.5103
488,488,dsgd,0.0,0.0,0.9989214276375997,0.9989214276375997,1180.47900390625,1180.47900390625,0.5103,0.5103,1180.47900390625,0.5103
489,489,dsgd,0.0,0.0,0.9989214276375997,0.9989214276375997,1180.495849609375,1180.495849609375,0.5103,0.5103,1180.495849609375,0.5103
490,490,dsgd,0.0,0.0,0.9989214276375997,0.9989214276375997,1180.512451171875,1180.512451171875,0.5103,0.5103,1180.512451171875,0.5103
491,491,dsgd,0.0,0.0,0.9989214276375997,0.9989214276375997,1180.5284423828125,1180.5284423828125,0.5103,0.5103,1180.5284423828125,0.5103
492,492,dsgd,0.0,0.0,0.9989214276375997,0.9989214276375997,1180.54443359375,1180.54443359375,0.5103,0.5103,1180.54443359375,0.5103
493,493,dsgd,0.0,0.0,0.9989214276375997,0.9989214276375997,1180.5596923828125,1180.5596923828125,0.5103,0.5103,1180.5596923828125,0.5103
494,494,dsgd,0.0,0.0,0.9989214276375997,0.9989214276375997,1180.5743408203125,1180.5743408203125,0.5103,0.5103,1180.5743408203125,0.5103
495,495,dsgd,0.0,0.0,0.9989214276375997,0.9989214276375997,1180.589111328125,1180.589111328125,0.5103,0.5103,1180.589111328125,0.5103
496,496,dsgd,0.0,0.0,0.9989214276375997,0.9989214276375997,1180.6031494140625,1180.6031494140625,0.5103,0.5103,1180.6031494140625,0.5103
497,497,dsgd,0.0,0.0,0.9989214276375997,0.9989214276375997,1180.617431640625,1180.617431640625,0.5103,0.5103,1180.617431640625,0.5103
498,498,dsgd,0.0,0.0,0.9989214276375997,0.9989214276375997,1180.6309814453125,1180.6309814453125,0.5103,0.5103,1180.6309814453125,0.5103
499,499,dsgd,0.0,0.0,0.9989214276375997,0.9989214276375997,1180.6439208984375,1180.6439208984375,0.5103,0.5103,1180.6439208984375,0.5103
